step,arm,mass_ess,n_occupied,resampled,benefit,lam,n_replacements,duplicate_pairs,cooling,ess_predicted,chi2,row,seed,hold_max,n_clones,cooldown_until
10000,A4a,0.0,31,False,0.0,0.0,0,0.0,False,,4.152991900572546,0,5300,,,
10000,A4a,0.0,31,False,0.0,0.0,0,0.0,False,,5.5995822278080345,1,5301,,,
10000,A4a,0.17463746106474148,32,True,0.3804505027781577,0.0,24,64.0,False,,4.407738095238096,2,5302,678.0,24.0,10678.0
10000,A4a,0.1772038764388419,32,True,0.4269903116187735,0.0,21,60.0,False,,2.9409834956709955,3,5303,665.0,21.0,10665.0
10000,A4a,0.18227328080987928,32,True,0.3621562673976548,0.0,27,62.0,False,,4.096692370129871,4,5304,632.0,27.0,10632.0
10000,A4a,0.0,29,False,0.0,0.0,0,0.0,False,,3.935674574467678,5,5305,,,
10000,A4a,0.17110888811764638,32,True,0.4178108509434422,0.0,25,74.0,False,,4.0601551226551225,6,5306,678.0,25.0,10678.0
10000,A4a,0.20739214038547227,32,True,0.519456715402357,0.0,28,114.0,False,,4.375989808802309,7,5307,716.0,28.0,10716.0
10500,A4a,0.0,31,False,0.0,0.0,0,0.0,False,,4.099205185495508,0,5300,,,
10500,A4a,0.11683575230796683,32,True,0.392190056022148,0.0,36,80.0,False,,5.664303751803752,1,5301,632.0,36.0,11132.0
10500,A4a,0.2450372587530555,32,False,0.0,0.0,0,0.0,True,,,2,5302,,,
10500,A4a,0.0,31,False,0.0,0.0,0,0.0,True,,,3,5303,,,
10500,A4a,0.1959200448381705,32,False,0.0,0.0,0,0.0,True,,,4,5304,,,
10500,A4a,0.0,30,False,0.0,0.0,0,0.0,False,,4.246682299182299,5,5305,,,
10500,A4a,0.21110508729519217,32,False,0.0,0.0,0,0.0,True,,,6,5306,,,
10500,A4a,0.0,31,False,0.0,0.0,0,0.0,True,,,7,5307,,,
11000,A4a,0.2344654891772891,32,True,0.501791219662732,0.0,23,80.0,False,,3.545045319264069,0,5300,711.0,23.0,11711.0
11000,A4a,0.21056500133423275,32,False,0.0,0.0,0,0.0,True,,,1,5301,,,
11000,A4a,0.0781543672016403,32,True,0.2749228575914842,0.0,15,38.0,False,,2.801863501082251,2,5302,665.0,15.0,11665.0
11000,A4a,0.178727361506675,32,True,0.21332668158197465,0.0,19,40.0,False,,2.538515737734488,3,5303,622.0,19.0,11622.0
11000,A4a,0.17250498354003863,32,True,0.32306584179453657,0.0,17,46.0,False,,2.4554394390331886,4,5304,678.0,17.0,11678.0
11000,A4a,0.18961817230563507,32,True,0.7000054074835058,0.0,40,256.0,False,,6.312901334776336,5,5305,716.0,40.0,11716.0
11000,A4a,0.1739816141878371,32,True,0.2492031384877418,0.0,18,36.0,False,,2.941078192640693,6,5306,538.0,18.0,11538.0
11000,A4a,0.19688360736171698,32,True,0.2310592056605885,0.0,15,30.0,False,,2.6208660263347765,7,5307,576.0,15.0,11576.0
11500,A4a,0.23551864282815277,32,False,0.0,0.0,0,0.0,True,,,0,5300,,,
11500,A4a,0.14737893880352154,32,True,0.2950098403880929,0.0,20,40.0,False,,2.654772050865801,1,5301,576.0,20.0,12076.0
11500,A4a,0.30041677779244946,32,False,0.0,0.0,0,0.0,True,,,2,5302,,,
11500,A4a,0.12665421036905897,32,False,0.0,0.0,0,0.0,True,,,3,5303,,,
11500,A4a,0.21342518305323685,32,False,0.0,0.0,0,0.0,True,,,4,5304,,,
11500,A4a,0.26507446043668065,32,False,0.0,0.0,0,0.0,True,,,5,5305,,,
11500,A4a,0.20572925268445907,32,False,0.0,0.0,0,0.0,True,,,6,5306,,,
11500,A4a,0.0,31,False,0.0,0.0,0,0.0,True,,,7,5307,,,
12000,A4a,0.10291767866634818,32,True,0.34866593575094423,0.0,18,48.0,False,,2.5574044011544013,0,5300,665.0,18.0,12665.0
12000,A4a,0.21197720562104216,32,False,0.0,0.0,0,0.0,True,,,1,5301,,,
12000,A4a,0.2589979747198139,32,True,0.2646551184094297,0.0,19,38.0,False,,2.8043064574314576,2,5302,576.0,19.0,12576.0
12000,A4a,0.1629792680238146,32,True,0.20535712175533163,0.0,12,24.0,False,,2.0327944624819625,3,5303,538.0,12.0,12538.0
12000,A4a,0.18114160921010164,32,False,0.17768277428105697,0.0,0,0.0,False,,1.7850209686147187,4,5304,,,
12000,A4a,0.22674954094094002,32,True,0.25230956522214676,0.0,19,38.0,False,,3.501623376623377,5,5305,576.0,19.0,12576.0
12000,A4a,0.21310055719124396,32,True,0.2764538000777128,0.0,18,36.0,False,,2.6759751533189036,6,5306,576.0,18.0,12576.0
12000,A4a,0.26284304753534254,32,True,0.30740937878808583,0.0,20,52.0,False,,2.165125586219336,7,5307,678.0,20.0,12678.0
12500,A4a,0.1922042232616664,32,False,0.0,0.0,0,0.0,True,,,0,5300,,,
12500,A4a,0.19880576558599644,32,True,0.2586986432134513,0.0,19,38.0,False,,3.4494645111832614,1,5301,576.0,19.0,13076.0
12500,A4a,0.11878969761737129,32,False,0.0,0.0,0,0.0,True,,,2,5302,,,
12500,A4a,0.2009837941718785,32,False,0.0,0.0,0,0.0,True,,,3,5303,,,
12500,A4a,0.19837592876075685,32,False,0.16806011763217957,0.0,0,0.0,False,,1.3523313492063491,4,5304,,,
12500,A4a,0.2625163667412077,32,False,0.0,0.0,0,0.0,True,,,5,5305,,,
12500,A4a,0.21422137288672002,32,False,0.0,0.0,0,0.0,True,,,6,5306,,,
12500,A4a,0.2850132002361073,32,False,0.0,0.0,0,0.0,True,,,7,5307,,,
13000,A4a,0.23449572234791877,32,False,0.2287450716116031,0.0,0,0.0,False,,1.7303300865800866,0,5300,,,
13000,A4a,0.2311120496963297,32,False,0.0,0.0,0,0.0,True,,,1,5301,,,
13000,A4a,0.23655195381465763,32,True,0.3185357445315131,0.0,21,54.0,False,,3.0645224567099567,2,5302,678.0,21.0,13678.0
13000,A4a,0.13136221980465637,32,True,0.24792754968457617,0.0,14,30.0,False,,2.130078688672439,3,5303,622.0,14.0,13622.0
13000,A4a,0.12118337501348385,32,True,0.2947315488307369,0.0,18,44.0,False,,2.908369408369408,4,5304,665.0,18.0,13665.0
13000,A4a,0.1475525367870647,32,True,0.2434108891618007,0.0,14,28.0,False,,2.210602678571429,5,5305,576.0,14.0,13576.0
13000,A4a,0.19286751118033063,32,True,0.25796970912003125,0.0,26,52.0,False,,4.694882981601731,6,5306,576.0,26.0,13576.0
13000,A4a,0.15318553796974582,32,True,0.2298246226983266,0.0,25,50.0,False,,4.133509199134199,7,5307,520.0,25.0,13520.0
13500,A4a,0.2883948445892531,32,True,0.2850192823667318,0.0,20,40.0,False,,2.702184794372294,0,5300,576.0,20.0,14076.0
13500,A4a,0.18684908653621968,32,False,0.20698047583344698,0.0,0,0.0,False,,1.7251454274891773,1,5301,,,
13500,A4a,0.2470288479724618,32,False,0.0,0.0,0,0.0,True,,,2,5302,,,
13500,A4a,0.1706674027921067,32,False,0.0,0.0,0,0.0,True,,,3,5303,,,
13500,A4a,0.17007429449895178,32,False,0.0,0.0,0,0.0,True,,,4,5304,,,
13500,A4a,0.20277545782686393,32,False,0.0,0.0,0,0.0,True,,,5,5305,,,
13500,A4a,0.21699689654579288,32,False,0.0,0.0,0,0.0,True,,,6,5306,,,
13500,A4a,0.19987564649873585,32,False,0.0,0.0,0,0.0,True,,,7,5307,,,
14000,A4a,0.21789609247358954,32,False,0.0,0.0,0,0.0,True,,,0,5300,,,
14000,A4a,0.17439701169551816,32,True,0.3734549485870888,0.0,21,54.0,False,,3.180245535714286,1,5301,665.0,21.0,14665.0
14000,A4a,0.16561157320568715,32,True,0.23202926923077552,0.0,15,34.0,False,,2.3867255140692647,2,5302,632.0,15.0,14632.0
14000,A4a,0.1948109461718198,32,True,0.20409426330350097,0.0,13,26.0,False,,2.005242153679654,3,5303,504.0,13.0,14504.0
14000,A4a,0.19821287086894177,32,True,0.4066180317690435,0.0,22,86.0,False,,3.3186147186147186,4,5304,716.0,22.0,14716.0
14000,A4a,0.1967273956293824,32,True,0.2097412781954649,0.0,24,48.0,False,,3.944500811688312,5,5305,403.0,24.0,14403.0
14000,A4a,0.16024336728185493,32,True,0.1737988205786268,0.0,13,26.0,False,,2.7423791486291487,6,5306,475.0,13.0,14475.0
14000,A4a,0.21465822527277417,32,True,0.1667914142332992,0.0,13,26.0,False,,2.485376082251082,7,5307,347.0,13.0,14347.0
14500,A4a,0.20226654518680545,32,True,0.20158933835225407,0.0,15,30.0,False,,2.348505140692641,0,5300,504.0,15.0,15004.0
14500,A4a,0.2520281857637116,32,False,0.0,0.0,0,0.0,True,,,1,5301,,,
14500,A4a,0.19141330467990778,32,False,0.0,0.0,0,0.0,True,,,2,5302,,,
14500,A4a,0.1989453381369014,32,False,0.0,0.0,0,0.0,True,,,3,5303,,,
14500,A4a,0.16763858522352587,32,False,0.0,0.0,0,0.0,True,,,4,5304,,,
14500,A4a,0.21282099248075084,32,True,0.2225344137195478,0.0,14,28.0,False,,2.7919913419913422,5,5305,504.0,14.0,15004.0
14500,A4a,0.2192127767054969,32,False,0.2014642679107067,0.0,0,0.0,False,,1.602317821067821,6,5306,,,
14500,A4a,0.2063004282969686,32,False,0.2708967138176894,0.0,0,0.0,False,,1.246584145021645,7,5307,,,
15000,A4a,0.1941861052879919,32,False,0.0,0.0,0,0.0,True,,,0,5300,,,
15000,A4a,0.220808669328663,32,False,0.13852097945601563,0.0,0,0.0,False,,1.5202527507215007,1,5301,,,
15000,A4a,0.14847854982052097,32,False,0.1499346227183772,0.0,0,0.0,False,,1.9435177669552668,2,5302,,,
15000,A4a,0.13909000852796438,32,False,0.16007760129713847,0.0,0,0.0,False,,1.962303841991342,3,5303,,,
15000,A4a,0.22109614152428836,32,False,0.16303244067874362,0.0,0,0.0,False,,1.9572488275613276,4,5304,,,
15000,A4a,0.15613920398677372,32,False,0.0,0.0,0,0.0,True,,,5,5305,,,
15000,A4a,0.1371863876422295,32,True,0.21585583917951603,0.0,13,28.0,False,,2.546888528138528,6,5306,648.0,13.0,15648.0
15000,A4a,0.1987966949448801,32,False,0.13630790529970924,0.0,0,0.0,False,,1.5625101461038962,7,5307,,,
15500,A4a,0.1994615886208863,32,True,0.24126549734858027,0.0,18,38.0,False,,2.9384041305916306,0,5300,622.0,18.0,16122.0
15500,A4a,0.19662743889186526,32,True,0.24365711532964737,0.0,17,34.0,False,,2.9298791486291487,1,5301,576.0,17.0,16076.0
15500,A4a,0.10797404407454372,32,True,0.29894543180551314,0.0,15,40.0,False,,2.050006764069264,2,5302,648.0,15.0,16148.0
15500,A4a,0.22177513794052348,32,True,0.21743446280780548,0.0,17,34.0,False,,2.047296626984127,3,5303,504.0,17.0,16004.0
15500,A4a,0.1714604404698668,32,True,0.2144832997091013,0.0,19,38.0,False,,3.255136183261183,4,5304,538.0,19.0,16038.0
15500,A4a,0.21280224150575502,32,True,0.2317541563928708,0.0,15,30.0,False,,2.7311113365800868,5,5305,576.0,15.0,16076.0
15500,A4a,0.18218618945536305,32,False,0.0,0.0,0,0.0,True,,,6,5306,,,
15500,A4a,0.16994353391958122,32,True,0.3357241703733435,0.0,13,50.0,False,,2.317956349206349,7,5307,678.0,13.0,16178.0
16000,A4a,0.1920368447967399,32,False,0.0,0.0,0,0.0,True,,,0,5300,,,
16000,A4a,0.21262971569940167,32,False,0.0,0.0,0,0.0,True,,,1,5301,,,
16000,A4a,0.21962230061812063,32,False,0.0,0.0,0,0.0,True,,,2,5302,,,
16000,A4a,0.1442919133573886,32,False,0.0,0.0,0,0.0,True,,,3,5303,,,
16000,A4a,0.21483190235200247,32,False,0.0,0.0,0,0.0,True,,,4,5304,,,
16000,A4a,0.19598961636122916,32,False,0.0,0.0,0,0.0,True,,,5,5305,,,
16000,A4a,0.16805485607285642,32,True,0.22379683860565833,0.0,16,32.0,False,,2.8463079455266955,6,5306,504.0,16.0,16504.0
16000,A4a,0.1670160814037537,32,False,0.0,0.0,0,0.0,True,,,7,5307,,,
16500,A4a,0.22671629221118322,32,True,0.24716935255890896,0.0,13,30.0,False,,2.674509604978355,0,5300,632.0,13.0,17132.0
16500,A4a,0.16542151227778584,32,False,0.21742404835922668,0.0,0,0.0,False,,1.6766154852092352,1,5301,,,
16500,A4a,0.155971449633157,32,True,0.22413553939439393,0.0,24,48.0,False,,2.647770111832612,2,5302,504.0,24.0,17004.0
16500,A4a,0.12632339539744866,32,False,0.13267525416858522,0.0,0,0.0,False,,1.2053233225108226,3,5303,,,
16500,A4a,0.18369760838729515,32,False,0.1931440936144127,0.0,0,0.0,False,,1.6884165313852812,4,5304,,,
16500,A4a,0.13261370598195352,32,True,0.22228566124110088,0.0,21,42.0,False,,3.5599217622655126,5,5305,538.0,21.0,17038.0
16500,A4a,0.20144891140108045,32,False,0.0,0.0,0,0.0,True,,,6,5306,,,
16500,A4a,0.20416583591885779,32,False,0.20788191214470353,0.0,0,0.0,False,,1.8847819715007215,7,5307,,,
17000,A4a,0.1909869251190574,32,False,0.0,0.0,0,0.0,True,,,0,5300,,,
17000,A4a,0.17743918688661556,32,True,0.22277629517130643,0.0,18,36.0,False,,2.798270652958153,1,5301,576.0,18.0,17576.0
17000,A4a,0.1159146618464791,32,False,0.0,0.0,0,0.0,True,,,2,5302,,,
17000,A4a,0.18235612176905405,32,True,0.25738557389981026,0.0,17,38.0,False,,2.222833243145743,3,5303,632.0,17.0,17632.0
17000,A4a,0.21291430175029122,32,False,0.16157280830034307,0.0,0,0.0,False,,1.889876443001443,4,5304,,,
17000,A4a,0.16900618577740542,32,False,0.0,0.0,0,0.0,True,,,5,5305,,,
17000,A4a,0.13731808350046995,32,True,0.26146485174386,0.0,20,40.0,False,,2.8970204274891773,6,5306,576.0,20.0,17576.0
17000,A4a,0.1205770702007084,32,True,0.25111063136592005,0.0,16,32.0,False,,2.80759604978355,7,5307,576.0,16.0,17576.0
17500,A4a,0.18751929028369252,32,True,0.264136836676097,0.0,15,32.0,False,,3.301029265873016,0,5300,610.0,15.0,18110.0
17500,A4a,0.13778358540562974,32,False,0.0,0.0,0,0.0,True,,,1,5301,,,
17500,A4a,0.16982866398687105,32,True,0.2517705025072901,0.0,15,30.0,False,,2.51471636002886,2,5302,576.0,15.0,18076.0
17500,A4a,0.14353055519356642,32,False,0.0,0.0,0,0.0,True,,,3,5303,,,
17500,A4a,0.18030380532892903,32,False,0.17838963736542537,0.0,0,0.0,False,,1.9798566017316015,4,5304,,,
17500,A4a,0.18905733821313667,32,False,0.14226390377979153,0.0,0,0.0,False,,1.2066558441558441,5,5305,,,
17500,A4a,0.17318402249559278,32,False,0.0,0.0,0,0.0,True,,,6,5306,,,
17500,A4a,0.24336498614755617,32,False,0.0,0.0,0,0.0,True,,,7,5307,,,
18000,A4a,0.12781848644311322,32,False,0.0,0.0,0,0.0,True,,,0,5300,,,
18000,A4a,0.1922954358590813,32,True,0.21047892518161002,0.0,18,36.0,False,,2.926006718975469,1,5301,475.0,18.0,18475.0
18000,A4a,0.14084611218921828,32,False,0.0,0.0,0,0.0,True,,,2,5302,,,
18000,A4a,0.20485696870028286,32,True,0.18395531801504678,0.0,16,32.0,False,,2.826173566017316,3,5303,504.0,16.0,18504.0
18000,A4a,0.1762854696159457,32,True,0.2450287482190909,0.0,21,54.0,False,,3.079533053751804,4,5304,694.0,21.0,18694.0
18000,A4a,0.09486478686088395,32,True,0.462054055168556,0.0,30,110.0,False,,3.6675257034632036,5,5305,716.0,30.0,18716.0
18000,A4a,0.2304469309935249,32,True,0.2522374005336022,0.0,16,34.0,False,,2.7618596681096683,6,5306,622.0,16.0,18622.0
18000,A4a,0.1332362308840784,32,False,0.16966010227259035,0.0,0,0.0,False,,1.5326343795093795,7,5307,,,
18500,A4a,0.1775638268473958,32,True,0.2186716766559819,0.0,21,42.0,False,,2.911422258297258,0,5300,576.0,21.0,19076.0
18500,A4a,0.2210843867794629,32,False,0.11584893593018619,0.0,0,0.0,False,,1.571178300865801,1,5301,,,
18500,A4a,0.15637654551824576,32,True,0.1933138119647019,0.0,15,30.0,False,,2.038061417748918,2,5302,504.0,15.0,19004.0
18500,A4a,0.10917790536055402,32,False,0.0,0.0,0,0.0,True,,,3,5303,,,
18500,A4a,0.18993025801332622,32,False,0.0,0.0,0,0.0,True,,,4,5304,,,
18500,A4a,0.20874931030151214,32,False,0.0,0.0,0,0.0,True,,,5,5305,,,
18500,A4a,0.17518517135666478,32,False,0.0,0.0,0,0.0,True,,,6,5306,,,
18500,A4a,0.21346611597358764,32,True,0.17042620023670732,0.0,15,30.0,False,,2.3419834505772004,7,5307,520.0,15.0,19020.0
19000,A4a,0.2376306648153568,32,False,0.0,0.0,0,0.0,True,,,0,5300,,,
19000,A4a,0.16353233756733324,32,True,0.18386176238295324,0.0,14,28.0,False,,2.0622564935064935,1,5301,520.0,14.0,19520.0
19000,A4a,0.19838924222351323,32,False,0.0,0.0,0,0.0,True,,,2,5302,,,
19000,A4a,0.1102920214592401,32,True,0.27500105473453756,0.0,15,34.0,False,,2.568526785714286,3,5303,648.0,15.0,19648.0
19000,A4a,0.10621084312443989,32,False,0.1782801847441154,0.0,0,0.0,False,,1.8073683261183262,4,5304,,,
19000,A4a,0.1773171080372634,32,True,0.1632797814266102,0.0,12,24.0,False,,2.1572386814574314,5,5305,520.0,12.0,19520.0
19000,A4a,0.253861980534391,32,True,0.21010479429379547,0.0,15,30.0,False,,2.19695165945166,6,5306,576.0,15.0,19576.0
19000,A4a,0.204544228417759,32,False,0.0,0.0,0,0.0,True,,,7,5307,,,
19500,A4a,0.0,31,False,0.0,0.0,0,0.0,False,,3.1017979332495464,0,5300,,,
19500,A4a,0.12731592670040845,32,False,0.0,0.0,0,0.0,True,,,1,5301,,,
19500,A4a,0.18451039109732842,32,False,0.14531010617494655,0.0,0,0.0,False,,1.6075137536075037,2,5302,,,
19500,A4a,0.16906815823908344,32,False,0.0,0.0,0,0.0,True,,,3,5303,,,
19500,A4a,0.22018547256948418,32,True,0.202130925340266,0.0,14,28.0,False,,2.354906204906205,4,5304,538.0,14.0,20038.0
19500,A4a,0.17685464724613306,32,False,0.0,0.0,0,0.0,True,,,5,5305,,,
19500,A4a,0.167523364754351,32,False,0.0,0.0,0,0.0,True,,,6,5306,,,
19500,A4a,0.21047301124592216,32,False,0.1990077317325742,0.0,0,0.0,False,,1.9740597943722942,7,5307,,,
20000,A4a,0.14707443019343816,32,True,0.21548093958818623,0.0,13,26.0,False,,2.159484352453102,0,5300,504.0,13.0,20504.0
20000,A4a,0.1638506085755774,32,True,0.24211326539212435,0.0,23,52.0,False,,3.192556141774892,1,5301,678.0,23.0,20678.0
20000,A4a,0.18457426710558447,32,True,0.4668345963114503,0.0,21,96.0,False,,3.0246584145021647,2,5302,716.0,21.0,20716.0
20000,A4a,0.07022000084724797,32,True,0.3661666068974952,0.0,15,60.0,False,,2.9967983405483407,3,5303,711.0,15.0,20711.0
20000,A4a,0.16987644820144437,32,False,0.0,0.0,0,0.0,True,,,4,5304,,,
20000,A4a,0.2278831218577141,32,False,0.17123923582407968,0.0,0,0.0,False,,1.0961084054834056,5,5305,,,
20000,A4a,0.23629916698285022,32,True,0.2069360266731011,0.0,14,28.0,False,,2.2529874639249634,6,5306,576.0,14.0,20576.0
20000,A4a,0.179436734483764,32,True,0.1999479191974103,0.0,13,26.0,False,,2.7671424062049064,7,5307,504.0,13.0,20504.0
20500,A4a,0.1736247202702912,32,False,0.0,0.0,0,0.0,True,,,0,5300,,,
20500,A4a,0.2220368961529963,32,False,0.0,0.0,0,0.0,True,,,1,5301,,,
20500,A4a,0.13939571700780928,32,False,0.0,0.0,0,0.0,True,,,2,5302,,,
20500,A4a,0.2024381639600674,32,False,0.0,0.0,0,0.0,True,,,3,5303,,,
20500,A4a,0.15545342285368963,32,True,0.30860340174573037,0.0,22,56.0,False,,3.6445988906926408,4,5304,694.0,22.0,21194.0
20500,A4a,0.15986387380141584,32,True,0.21471731249120807,0.0,17,34.0,False,,2.2103963744588744,5,5305,520.0,17.0,21020.0
20500,A4a,0.19407366715083582,32,False,0.0,0.0,0,0.0,True,,,6,5306,,,
20500,A4a,0.21015051299155085,32,False,0.0,0.0,0,0.0,True,,,7,5307,,,
21000,A4a,0.17473970963930113,32,True,0.17184452809669165,0.0,14,28.0,False,,2.965753517316017,0,5300,520.0,14.0,21520.0
21000,A4a,0.13030584900464565,32,True,0.201225334395531,0.0,14,28.0,False,,2.128942325036075,1,5301,538.0,14.0,21538.0
21000,A4a,0.15260674276171218,32,False,0.1400132022873245,0.0,0,0.0,False,,1.2799941378066377,2,5302,,,
21000,A4a,0.07510333745469447,32,True,0.18924747576741605,0.0,13,26.0,False,,2.5629926497113997,3,5303,576.0,13.0,21576.0
21000,A4a,0.2043875884105065,32,False,0.0,0.0,0,0.0,True,,,4,5304,,,
21000,A4a,0.2690488211839385,32,False,0.0,0.0,0,0.0,True,,,5,5305,,,
21000,A4a,0.20380424783124657,32,True,0.27082801087825065,0.0,21,44.0,False,,3.7245141143578646,6,5306,622.0,21.0,21622.0
21000,A4a,0.2207518385404626,32,False,0.27454854760834074,0.0,0,0.0,False,,1.7279412427849927,7,5307,,,
21500,A4a,0.2420331714486445,32,False,0.0,0.0,0,0.0,True,,,0,5300,,,
21500,A4a,0.1705974715794431,32,False,0.0,0.0,0,0.0,True,,,1,5301,,,
21500,A4a,0.19980747350849687,32,True,0.28805240527814024,0.0,17,54.0,False,,3.5082352543290045,2,5302,704.0,17.0,22204.0
21500,A4a,0.11199475453324327,32,False,0.0,0.0,0,0.0,True,,,3,5303,,,
21500,A4a,0.18203616872159042,32,False,0.1947458835384002,0.0,0,0.0,False,,1.9412495490620492,4,5304,,,
21500,A4a,0.19934913648380817,32,True,0.21657520893736046,0.0,16,32.0,False,,2.8959099927849925,5,5305,504.0,16.0,22004.0
21500,A4a,0.15322427452971552,32,False,0.0,0.0,0,0.0,True,,,6,5306,,,
21500,A4a,0.2129114881586521,32,True,0.2758822534795341,0.0,20,44.0,False,,3.0760213744588745,7,5307,632.0,20.0,22132.0
22000,A4a,0.06073328162358375,32,True,0.28222170025337656,0.0,14,40.0,False,,2.2815634018759017,0,5300,678.0,14.0,22678.0
22000,A4a,0.22870685413156527,32,True,0.20275067027408541,0.0,13,26.0,False,,2.383502435064935,1,5301,520.0,13.0,22520.0
22000,A4a,0.0,31,False,0.0,0.0,0,0.0,True,,,2,5302,,,
22000,A4a,0.10211952220477392,32,True,0.28197496920773746,0.0,18,38.0,False,,3.202804834054834,3,5303,610.0,18.0,22610.0
22000,A4a,0.14339488136996634,32,True,0.18933273109616852,0.0,17,34.0,False,,2.0321473665223664,4,5304,576.0,17.0,22576.0
22000,A4a,0.21809007260193186,32,False,0.0,0.0,0,0.0,True,,,5,5305,,,
22000,A4a,0.1912011183293071,32,True,0.21345264167347405,0.0,18,36.0,False,,3.1728242243867246,6,5306,538.0,18.0,22538.0
22000,A4a,0.19451748445701,32,False,0.0,0.0,0,0.0,True,,,7,5307,,,
22500,A4a,0.19777274148514049,32,False,0.0,0.0,0,0.0,True,,,0,5300,,,
22500,A4a,0.17216926042025962,32,False,0.0,0.0,0,0.0,True,,,1,5301,,,
22500,A4a,0.2350042235827614,32,True,0.21188404913523068,0.0,13,26.0,False,,2.1688864087301587,2,5302,520.0,13.0,23020.0
22500,A4a,0.12767729622895968,32,False,0.0,0.0,0,0.0,True,,,3,5303,,,
22500,A4a,0.21334885909576878,32,False,0.0,0.0,0,0.0,True,,,4,5304,,,
22500,A4a,0.0,31,False,0.1577521162463484,0.0,0,0.0,False,,1.708365917236885,5,5305,,,
22500,A4a,0.22552529619368492,32,False,0.0,0.0,0,0.0,True,,,6,5306,,,
22500,A4a,0.1802395374828206,32,True,0.19994618835554281,0.0,14,28.0,False,,2.0881020021645025,7,5307,576.0,14.0,23076.0
23000,A4a,0.23745605454697163,32,False,0.18783900711076656,0.0,0,0.0,False,,1.6058633207070707,0,5300,,,
23000,A4a,0.20287474398684335,32,True,0.2167956808419985,0.0,18,36.0,False,,2.471854707792208,1,5301,576.0,18.0,23576.0
23000,A4a,0.25174375853079173,32,False,0.0,0.0,0,0.0,True,,,2,5302,,,
23000,A4a,0.13406634064064132,32,False,0.247570901440535,0.0,0,0.0,False,,1.9200723755411258,3,5303,,,
23000,A4a,0.16802993575380273,32,True,0.22763728420818605,0.0,18,36.0,False,,2.7252671807359308,4,5304,504.0,18.0,23504.0
23000,A4a,0.25033254588737774,32,False,0.19247662613990765,0.0,0,0.0,False,,1.9511544011544013,5,5305,,,
23000,A4a,0.20718964035789111,32,True,0.22355742804984105,0.0,24,48.0,False,,3.329510506854257,6,5306,504.0,24.0,23504.0
23000,A4a,0.18721304359049937,32,False,0.0,0.0,0,0.0,True,,,7,5307,,,
23500,A4a,0.2492844147167272,32,False,0.1916322450364262,0.0,0,0.0,False,,1.8135247564935064,0,5300,,,
23500,A4a,0.17373284506733025,32,False,0.0,0.0,0,0.0,True,,,1,5301,,,
23500,A4a,0.17693080771550485,32,True,0.19691970750347085,0.0,18,36.0,False,,2.620704816017316,2,5302,475.0,18.0,23975.0
23500,A4a,0.14931676980501737,32,True,0.22824621447814414,0.0,21,42.0,False,,4.484515918109668,3,5303,576.0,21.0,24076.0
23500,A4a,0.1448094435878172,32,False,0.0,0.0,0,0.0,True,,,4,5304,,,
23500,A4a,0.1813294833132635,32,False,0.22152840170261864,0.0,0,0.0,False,,1.7962639790764792,5,5305,,,
23500,A4a,0.14314520152286384,32,False,0.0,0.0,0,0.0,True,,,6,5306,,,
23500,A4a,0.19165725108873966,32,False,0.1869744561743401,0.0,0,0.0,False,,1.583433667027417,7,5307,,,
24000,A4a,0.20017057973098562,32,True,0.3771987493259666,0.0,20,64.0,False,,3.366026334776335,0,5300,678.0,20.0,24678.0
24000,A4a,0.19683823570782724,32,True,0.24489749494056798,0.0,14,34.0,False,,2.4030314303751803,1,5301,648.0,14.0,24648.0
24000,A4a,0.12045519539258077,32,False,0.21621553598318388,0.0,0,0.0,False,,1.7210723304473305,2,5302,,,
24000,A4a,0.1643587787981183,32,False,0.0,0.0,0,0.0,True,,,3,5303,,,
24000,A4a,0.1071486950407816,32,True,0.2142961603862424,0.0,16,32.0,False,,3.2958919552669554,4,5304,576.0,16.0,24576.0
24000,A4a,0.20731435266621606,32,True,0.24800388829072115,0.0,16,36.0,False,,2.0321214375901877,5,5305,632.0,16.0,24632.0
24000,A4a,0.18396042979942193,32,True,0.1695431049003531,0.0,14,28.0,False,,2.249126307720058,6,5306,475.0,14.0,24475.0
24000,A4a,0.0,31,True,0.23418000765117253,0.0,26,52.0,False,,4.15654820090304,7,5307,576.0,26.0,24576.0
24500,A4a,0.14698580841585707,32,False,0.0,0.0,0,0.0,True,,,0,5300,,,
24500,A4a,0.16801562149984753,32,False,0.0,0.0,0,0.0,True,,,1,5301,,,
24500,A4a,0.20639266257392885,32,False,0.19474732649824716,0.0,0,0.0,False,,1.7712459415584416,2,5302,,,
24500,A4a,0.15811171203643481,32,True,0.19295163464553827,0.0,16,32.0,False,,2.605864448051948,3,5303,403.0,16.0,24903.0
24500,A4a,0.1356991003618729,32,False,0.0,0.0,0,0.0,True,,,4,5304,,,
24500,A4a,0.23434440920266394,32,False,0.0,0.0,0,0.0,True,,,5,5305,,,
24500,A4a,0.19432612586123976,32,False,0.22015602089787437,0.0,0,0.0,False,,1.7229933261183261,6,5306,,,
24500,A4a,0.156377207675591,32,False,0.0,0.0,0,0.0,True,,,7,5307,,,
25000,A4a,0.0,31,False,0.0,0.0,0,0.0,False,,2.2877275054694404,0,5300,,,
25000,A4a,0.19478583563481328,32,False,0.18887753885167236,0.0,0,0.0,False,,1.8524001172438673,1,5301,,,
25000,A4a,0.16926654353707496,32,True,0.2685998445623882,0.0,24,48.0,False,,3.0878483495671,2,5302,576.0,24.0,25576.0
25000,A4a,0.1570677010537833,32,False,0.15673452526095957,0.0,0,0.0,False,,1.1870806277056278,3,5303,,,
25000,A4a,0.21122838043514425,32,False,0.1817257719962805,0.0,0,0.0,False,,1.5901842081529582,4,5304,,,
25000,A4a,0.27661452623533267,32,True,0.251636296824312,0.0,15,30.0,False,,2.524099251443001,5,5305,576.0,15.0,25576.0
25000,A4a,0.19675136383630398,32,True,0.23287281495247011,0.0,14,28.0,False,,2.630033594877345,6,5306,576.0,14.0,25576.0
25000,A4a,0.24360944604369997,32,False,0.1997565885098163,0.0,0,0.0,False,,1.7895664231601731,7,5307,,,
25500,A4a,0.18035134110314377,32,True,0.2619939924179546,0.0,18,40.0,False,,2.692654220779221,0,5300,648.0,18.0,26148.0
25500,A4a,0.179929115464361,32,False,0.22164166970979868,0.0,0,0.0,False,,1.906201524170274,1,5301,,,
25500,A4a,0.14877368127010207,32,False,0.0,0.0,0,0.0,True,,,2,5302,,,
25500,A4a,0.16675979939688096,32,True,0.19439027225199407,0.0,14,30.0,False,,2.2924073322510825,3,5303,648.0,14.0,26148.0
25500,A4a,0.18396196517512586,32,False,0.15155007958518646,0.0,0,0.0,False,,1.3326445256132757,4,5304,,,
25500,A4a,0.2108116738072681,32,False,0.0,0.0,0,0.0,True,,,5,5305,,,
25500,A4a,0.1674877187736484,32,False,0.0,0.0,0,0.0,True,,,6,5306,,,
25500,A4a,0.22383029321039466,32,False,0.14998389969301124,0.0,0,0.0,False,,1.6533685064935066,7,5307,,,
26000,A4a,0.20778136233618855,32,False,0.0,0.0,0,0.0,True,,,0,5300,,,
26000,A4a,0.2144080123358412,32,True,0.19241834505274838,0.0,15,30.0,False,,2.280909541847042,1,5301,576.0,15.0,26576.0
26000,A4a,0.16740254075014901,32,True,0.23315042186223014,0.0,15,30.0,False,,2.052837527056277,2,5302,576.0,15.0,26576.0
26000,A4a,0.12744693398746093,32,False,0.0,0.0,0,0.0,True,,,3,5303,,,
26000,A4a,0.15217802271868558,32,True,0.19231442748067037,0.0,12,24.0,False,,2.1764249639249638,4,5304,504.0,12.0,26504.0
26000,A4a,0.14086156214358744,32,True,0.29264810759510806,0.0,17,46.0,False,,2.393348665223665,5,5305,678.0,17.0,26678.0
26000,A4a,0.175563582198084,32,True,0.21963549459268972,0.0,14,30.0,False,,2.4370377886002887,6,5306,610.0,14.0,26610.0
26000,A4a,0.15847578764792827,32,False,0.14049801980777207,0.0,0,0.0,False,,1.1634255501443,7,5307,,,
26500,A4a,0.12494878426978612,32,True,0.2530913904219358,0.0,19,38.0,False,,2.78146645021645,0,5300,576.0,19.0,27076.0
26500,A4a,0.23787644570362193,32,False,0.0,0.0,0,0.0,True,,,1,5301,,,
26500,A4a,0.22125228812988834,32,False,0.0,0.0,0,0.0,True,,,2,5302,,,
26500,A4a,0.10234574711133622,32,False,0.17925140065845138,0.0,0,0.0,False,,1.948372113997114,3,5303,,,
26500,A4a,0.15274904505942408,32,False,0.0,0.0,0,0.0,True,,,4,5304,,,
26500,A4a,0.2363130549432976,32,False,0.0,0.0,0,0.0,True,,,5,5305,,,
26500,A4a,0.19221528607885205,32,False,0.0,0.0,0,0.0,True,,,6,5306,,,
26500,A4a,0.17246533523282465,32,True,0.22523175273973364,0.0,16,34.0,False,,2.2610761634199137,7,5307,622.0,16.0,27122.0
27000,A4a,0.19116908372236616,32,False,0.0,0.0,0,0.0,True,,,0,5300,,,
27000,A4a,0.21081152187906727,32,True,0.16114159298596123,0.0,13,26.0,False,,2.301241206709957,1,5301,520.0,13.0,27520.0
27000,A4a,0.17789001017007813,32,True,0.22712457195194818,0.0,15,30.0,False,,2.8285691738816743,2,5302,504.0,15.0,27504.0
27000,A4a,0.1703074284593348,32,True,0.2516881838462481,0.0,15,36.0,False,,3.1016470508658007,3,5303,632.0,15.0,27632.0
27000,A4a,0.18006880490082158,32,True,0.2522499678995725,0.0,17,38.0,False,,3.1085193452380953,4,5304,632.0,17.0,27632.0
27000,A4a,0.19850183722604314,32,True,0.17107850559777807,0.0,12,24.0,False,,2.0132361562049064,5,5305,403.0,12.0,27403.0
27000,A4a,0.1625662685729132,32,True,0.2765212834288911,0.0,22,46.0,False,,4.366054518398268,6,5306,622.0,22.0,27622.0
27000,A4a,0.1377446281140296,32,False,0.0,0.0,0,0.0,True,,,7,5307,,,
27500,A4a,0.23691300001488605,32,True,0.2583776188832583,0.0,16,36.0,False,,2.608414502164502,0,5300,632.0,16.0,28132.0
27500,A4a,0.17758293592512475,32,False,0.0,0.0,0,0.0,True,,,1,5301,,,
27500,A4a,0.16583773365824273,32,False,0.0,0.0,0,0.0,True,,,2,5302,,,
27500,A4a,0.13598851584398672,32,False,0.0,0.0,0,0.0,True,,,3,5303,,,
27500,A4a,0.1458243168307307,32,False,0.0,0.0,0,0.0,True,,,4,5304,,,
27500,A4a,0.2140418202482337,32,False,0.209108308444007,0.0,0,0.0,False,,1.7944636093073592,5,5305,,,
27500,A4a,0.18476893863843927,32,False,0.0,0.0,0,0.0,True,,,6,5306,,,
27500,A4a,0.19205140778046723,32,True,0.16381517333985002,0.0,20,40.0,False,,2.6923126352813855,7,5307,403.0,20.0,27903.0
28000,A4a,0.18526568798084014,32,False,0.0,0.0,0,0.0,True,,,0,5300,,,
28000,A4a,0.15738311165066263,32,True,0.18406613444661798,0.0,12,24.0,False,,2.377052895021645,1,5301,576.0,12.0,28576.0
28000,A4a,0.16698800627027152,32,True,0.2868559163176844,0.0,23,52.0,False,,4.1176282918470415,2,5302,632.0,23.0,28632.0
28000,A4a,0.13796225856913294,32,False,0.21689751983236166,0.0,0,0.0,False,,1.8604978354978354,3,5303,,,
28000,A4a,0.15290194479924488,32,True,0.21740004585226236,0.0,13,30.0,False,,2.2097819715007216,4,5304,632.0,13.0,28632.0
28000,A4a,0.1812130758146718,32,True,0.2326340943359877,0.0,21,42.0,False,,3.2487711940836945,5,5305,576.0,21.0,28576.0
28000,A4a,0.17028711747884337,32,False,0.1785049844216256,0.0,0,0.0,False,,1.972231240981241,6,5306,,,
28000,A4a,0.2498946339930545,32,True,0.19948075371730206,0.0,16,34.0,False,,2.2507801226551227,7,5307,622.0,16.0,28622.0
28500,A4a,0.18683600123086413,32,True,0.2183777376870477,0.0,15,30.0,False,,2.2447713744588746,0,5300,504.0,15.0,29004.0
28500,A4a,0.14971849248002256,32,False,0.0,0.0,0,0.0,True,,,1,5301,,,
28500,A4a,0.1481412523704767,32,False,0.0,0.0,0,0.0,True,,,2,5302,,,
28500,A4a,0.08646539002683866,32,True,0.24811622244553522,0.0,16,32.0,False,,2.694328327922078,3,5303,538.0,16.0,29038.0
28500,A4a,0.17776663684226013,32,False,0.0,0.0,0,0.0,True,,,4,5304,,,
28500,A4a,0.15593273643426478,32,False,0.0,0.0,0,0.0,True,,,5,5305,,,
28500,A4a,0.19030888041745417,32,False,0.16317975532373336,0.0,0,0.0,False,,1.6308667027417028,6,5306,,,
28500,A4a,0.2336680771026501,32,False,0.0,0.0,0,0.0,True,,,7,5307,,,
29000,A4a,0.155511616392362,32,False,0.0,0.0,0,0.0,True,,,0,5300,,,
29000,A4a,0.0,31,False,0.0,0.0,0,0.0,False,,1.8718091048736212,1,5301,,,
29000,A4a,0.1739219153056697,32,True,0.1637340758060288,0.0,17,34.0,False,,2.5916001533189035,2,5302,436.0,17.0,29436.0
29000,A4a,0.07813941972305787,32,False,0.0,0.0,0,0.0,True,,,3,5303,,,
29000,A4a,0.2177125593939034,32,False,0.25868604979013504,0.0,0,0.0,False,,1.4983721139971142,4,5304,,,
29000,A4a,0.13657881495450178,32,True,0.22011917791964872,0.0,14,28.0,False,,2.0875101461038965,5,5305,504.0,14.0,29504.0
29000,A4a,0.22533712960468621,32,True,0.21736118987008352,0.0,16,32.0,False,,2.8090559613997117,6,5306,504.0,16.0,29504.0
29000,A4a,0.21867728691533717,32,True,0.18779013650291426,0.0,18,36.0,False,,2.474032738095238,7,5307,520.0,18.0,29520.0
29500,A4a,0.17627451035450914,32,True,0.2550136341434941,0.0,15,30.0,False,,2.090039908008658,0,5300,538.0,15.0,30038.0
29500,A4a,0.18785879955109164,32,True,0.25294872798837925,0.0,16,36.0,False,,3.0605124909812407,1,5301,648.0,16.0,30148.0
29500,A4a,0.18565740251943535,32,False,0.20931132685943565,0.0,0,0.0,False,,1.9310346771284272,2,5302,,,
29500,A4a,0.1745028258547649,32,True,0.19339649080008858,0.0,14,28.0,False,,2.6012040043290043,3,5303,504.0,14.0,30004.0
29500,A4a,0.1652494472094726,32,False,0.2164894911848752,0.0,0,0.0,False,,1.5493517766955267,4,5304,,,
29500,A4a,0.0,31,False,0.0,0.0,0,0.0,True,,,5,5305,,,
29500,A4a,0.22979287901290035,32,False,0.0,0.0,0,0.0,True,,,6,5306,,,
29500,A4a,0.23001326220807078,32,False,0.0,0.0,0,0.0,True,,,7,5307,,,
30000,A4a,0.20969219600959457,32,False,0.0,0.0,0,0.0,True,,,0,5300,,,
30000,A4a,0.15179050934360017,32,False,0.0,0.0,0,0.0,True,,,1,5301,,,
30000,A4a,0.17240915274721377,32,True,0.1823584292183243,0.0,13,26.0,False,,2.0861381673881674,2,5302,576.0,13.0,30576.0
30000,A4a,0.0,31,False,0.0,0.0,0,0.0,True,,,3,5303,,,
30000,A4a,0.143643003882245,32,True,0.23242198614440712,0.0,16,32.0,False,,2.640721951659452,4,5304,576.0,16.0,30576.0
30000,A4a,0.16707828805453087,32,True,0.2108600839880433,0.0,12,26.0,False,,2.140022997835498,5,5305,622.0,12.0,30622.0
30000,A4a,0.16996652458165837,32,True,0.2664660651264245,0.0,15,34.0,False,,2.474554698773449,6,5306,632.0,15.0,30632.0
30000,A4a,0.22488534583084224,32,False,0.15931042930328854,0.0,0,0.0,False,,1.5918120941558442,7,5307,,,
30500,A4a,0.18393369745536287,32,True,0.19345410014073233,0.0,17,34.0,False,,2.59709145021645,0,5300,403.0,17.0,30903.0
30500,A4a,0.1856252257064959,32,True,0.15192142109079326,0.0,11,24.0,False,,2.0791136814574314,1,5301,622.0,11.0,31122.0
30500,A4a,0.18316054085928424,32,False,0.0,0.0,0,0.0,True,,,2,5302,,,
30500,A4a,0.1334244960070581,32,False,0.3866986400336,0.0,0,0.0,False,,1.9562781836219338,3,5303,,,
30500,A4a,0.1931635301441385,32,False,0.0,0.0,0,0.0,True,,,4,5304,,,
30500,A4a,0.1919122860266507,32,False,0.0,0.0,0,0.0,True,,,5,5305,,,
30500,A4a,0.1881985424977934,32,False,0.0,0.0,0,0.0,True,,,6,5306,,,
30500,A4a,0.1523692625438691,32,False,0.1646290210355408,0.0,0,0.0,False,,1.9877897276334773,7,5307,,,
31000,A4a,0.20466951102431286,32,True,0.21725511002836817,0.0,16,34.0,False,,2.5149170274170274,0,5300,622.0,16.0,31622.0
31000,A4a,0.17435188242537558,32,False,0.0,0.0,0,0.0,True,,,1,5301,,,
31000,A4a,0.19838899253369402,32,True,0.26259580390975634,0.0,16,36.0,False,,2.1773741883116884,2,5302,632.0,16.0,31632.0
31000,A4a,0.1516487465325379,32,True,0.22092438016492943,0.0,18,36.0,False,,3.112906971500722,3,5303,576.0,18.0,31576.0
31000,A4a,0.1446545086829628,32,False,0.14157528452632973,0.0,0,0.0,False,,1.3776041666666665,4,5304,,,
31000,A4a,0.16460649910527608,32,True,0.20526874226174743,0.0,15,30.0,False,,2.680804698773449,5,5305,538.0,15.0,31538.0
31000,A4a,0.17407759349827,32,True,0.19209036722542158,0.0,14,28.0,False,,2.3490665584415584,6,5306,504.0,14.0,31504.0
31000,A4a,0.1971657795752275,32,False,0.20732911601712048,0.0,0,0.0,False,,1.508779761904762,7,5307,,,
31500,A4a,0.18081065678240596,32,False,0.0,0.0,0,0.0,True,,,0,5300,,,
31500,A4a,0.1955347917962551,32,True,0.22510682110478755,0.0,14,34.0,False,,2.3992063492063496,1,5301,678.0,14.0,32178.0
31500,A4a,0.14182314285580772,32,False,0.0,0.0,0,0.0,True,,,2,5302,,,
31500,A4a,0.10695654956764931,32,False,0.0,0.0,0,0.0,True,,,3,5303,,,
31500,A4a,0.20534153145586873,32,True,0.30909655049706247,0.0,19,50.0,False,,3.302994227994228,4,5304,678.0,19.0,32178.0
31500,A4a,0.15176567211404832,32,False,0.0,0.0,0,0.0,True,,,5,5305,,,
31500,A4a,0.19464521441374413,32,False,0.0,0.0,0,0.0,True,,,6,5306,,,
31500,A4a,0.17724746336689204,32,False,0.14556405727341656,0.0,0,0.0,False,,1.2674343885281387,7,5307,,,
32000,A4a,0.15509412844246007,32,True,0.19249030952738524,0.0,18,36.0,False,,2.61802398989899,0,5300,475.0,18.0,32475.0
32000,A4a,0.15998857047954862,32,False,0.0,0.0,0,0.0,True,,,1,5301,,,
32000,A4a,0.1455434732375605,32,True,0.22317647043358538,0.0,13,26.0,False,,2.0897862554112554,2,5302,576.0,13.0,32576.0
32000,A4a,0.12226683598081929,32,False,0.19342352250823816,0.0,0,0.0,False,,1.9995873917748916,3,5303,,,
32000,A4a,0.19755440694202758,32,False,0.0,0.0,0,0.0,True,,,4,5304,,,
32000,A4a,0.1812039984626921,32,True,0.19094600723593855,0.0,14,28.0,False,,2.2601201749639253,5,5305,538.0,14.0,32538.0
32000,A4a,0.12907438925343487,32,True,0.226746753074944,0.0,15,30.0,False,,2.1247170364357864,6,5306,520.0,15.0,32520.0
32000,A4a,0.2232757584432819,32,True,0.20928599833938932,0.0,14,28.0,False,,2.591010551948052,7,5307,576.0,14.0,32576.0
32500,A4a,0.11760425361541778,32,True,0.23098191496704992,0.0,19,38.0,False,,3.4348676497113995,0,5300,576.0,19.0,33076.0
32500,A4a,0.17916169967138346,32,False,0.18155415777581957,0.0,0,0.0,False,,1.93086783008658,1,5301,,,
32500,A4a,0.11055201704434196,32,False,0.0,0.0,0,0.0,True,,,2,5302,,,
32500,A4a,0.1656516496885428,32,True,0.2024871999542366,0.0,18,36.0,False,,2.811169733044733,3,5303,504.0,18.0,33004.0
32500,A4a,0.183115343004596,32,False,0.1336672981055408,0.0,0,0.0,False,,1.61836783008658,4,5304,,,
32500,A4a,0.20159263700462085,32,False,0.0,0.0,0,0.0,True,,,5,5305,,,
32500,A4a,0.18582306899519976,32,False,0.0,0.0,0,0.0,True,,,6,5306,,,
32500,A4a,0.14489973150524788,32,False,0.0,0.0,0,0.0,True,,,7,5307,,,
33000,A4a,0.15510916585103007,32,False,0.0,0.0,0,0.0,True,,,0,5300,,,
33000,A4a,0.2299084157684481,32,True,0.15974104162740638,0.0,16,32.0,False,,2.5524688852813853,1,5301,301.0,16.0,33301.0
33000,A4a,0.21303211066853958,32,True,0.22467050741756706,0.0,12,30.0,False,,2.0570988906926404,2,5302,648.0,12.0,33648.0
33000,A4a,0.17103424633689945,32,False,0.0,0.0,0,0.0,True,,,3,5303,,,
33000,A4a,0.1729463022918541,32,True,0.23230699543569433,0.0,14,30.0,False,,2.142141278860029,4,5304,622.0,14.0,33622.0
33000,A4a,0.21639445221353232,32,False,0.16301109859216695,0.0,0,0.0,False,,1.9516166125541126,5,5305,,,
33000,A4a,0.16522143932444314,32,True,0.27108503196311273,0.0,18,38.0,False,,2.373210903679653,6,5306,610.0,18.0,33610.0
33000,A4a,0.23857534211772227,32,False,0.2263667419123389,0.0,0,0.0,False,,1.8827065295815295,7,5307,,,
33500,A4a,0.13879876077894301,32,True,0.27804033598215866,0.0,17,46.0,False,,3.00308667027417,0,5300,678.0,17.0,34178.0
33500,A4a,0.18214059817575837,32,False,0.1759078800515818,0.0,0,0.0,False,,1.4587031024531023,1,5301,,,
33500,A4a,0.19827099988280522,32,False,0.0,0.0,0,0.0,True,,,2,5302,,,
33500,A4a,0.15410121301869925,32,True,0.3174044420925385,0.0,17,48.0,False,,3.244061147186147,3,5303,678.0,17.0,34178.0
33500,A4a,0.15070911705029447,32,False,0.0,0.0,0,0.0,True,,,4,5304,,,
33500,A4a,0.13066767119152686,32,True,0.24201303019929254,0.0,21,42.0,False,,3.632207115800866,5,5305,520.0,21.0,34020.0
33500,A4a,0.18423866443916684,32,False,0.0,0.0,0,0.0,True,,,6,5306,,,
33500,A4a,0.18219841746831578,32,True,0.20913456889474716,0.0,20,40.0,False,,3.6299107142857143,7,5307,538.0,20.0,34038.0
34000,A4a,0.2011969413775966,32,False,0.0,0.0,0,0.0,True,,,0,5300,,,
34000,A4a,0.1691147650558266,32,True,0.20361729801989856,0.0,15,30.0,False,,2.706606240981241,1,5301,504.0,15.0,34504.0
34000,A4a,0.18984199961573667,32,True,0.23920847397257913,0.0,15,32.0,False,,2.74070165945166,2,5302,622.0,15.0,34622.0
34000,A4a,0.09632813442410418,32,False,0.0,0.0,0,0.0,True,,,3,5303,,,
34000,A4a,0.14087961208734356,32,True,0.2236591254065048,0.0,13,26.0,False,,2.952949134199134,4,5304,576.0,13.0,34576.0
34000,A4a,0.16297180557179236,32,False,0.0,0.0,0,0.0,True,,,5,5305,,,
34000,A4a,0.19833255716118242,32,True,0.24945396132735628,0.0,15,30.0,False,,2.366123286435786,6,5306,538.0,15.0,34538.0
34000,A4a,0.19587979684693846,32,False,0.0,0.0,0,0.0,True,,,7,5307,,,
34500,A4a,0.18170917354820593,32,True,0.21005225301405403,0.0,14,28.0,False,,2.29532941017316,0,5300,576.0,14.0,35076.0
34500,A4a,0.20738482866230207,32,False,0.0,0.0,0,0.0,True,,,1,5301,,,
34500,A4a,0.27737799681160463,32,False,0.0,0.0,0,0.0,True,,,2,5302,,,
34500,A4a,0.15663767406731444,32,True,0.15688401309473432,0.0,18,36.0,False,,2.822123015873016,3,5303,403.0,18.0,34903.0
34500,A4a,0.14329404606604088,32,False,0.0,0.0,0,0.0,True,,,4,5304,,,
34500,A4a,0.1755545272319569,32,True,0.16495546439670475,0.0,11,22.0,False,,2.026429473304473,5,5305,436.0,11.0,34936.0
34500,A4a,0.17148013365123305,32,False,0.0,0.0,0,0.0,True,,,6,5306,,,
34500,A4a,0.2241966573291437,32,True,0.22006996081423794,0.0,13,26.0,False,,2.3795781475468973,7,5307,576.0,13.0,35076.0
35000,A4a,0.16665444151945308,32,False,0.0,0.0,0,0.0,True,,,0,5300,,,
35000,A4a,0.17034953604105044,32,True,0.22266838509195536,0.0,21,42.0,False,,3.74707454004329,1,5301,538.0,21.0,35538.0
35000,A4a,0.1608857151430254,32,True,0.21508576056019024,0.0,12,30.0,False,,2.0292545995670994,2,5302,678.0,12.0,35678.0
35000,A4a,0.14672152657829673,32,False,0.18429923100140402,0.0,0,0.0,False,,1.780083198051948,3,5303,,,
35000,A4a,0.20483569933554613,32,True,0.2374491395903003,0.0,13,30.0,False,,2.4520574044011543,4,5304,632.0,13.0,35632.0
35000,A4a,0.1539710349467244,32,False,0.17472988167018108,0.0,0,0.0,False,,1.7291723033910533,5,5305,,,
35000,A4a,0.17598830061655743,32,True,0.17851479861604644,0.0,11,22.0,False,,2.016748962842713,6,5306,504.0,11.0,35504.0
35000,A4a,0.20532645646087935,32,False,0.0,0.0,0,0.0,True,,,7,5307,,,
35500,A4a,0.16532788349792238,32,True,0.2485588414447973,0.0,17,34.0,False,,2.7651616612554113,0,5300,538.0,17.0,36038.0
35500,A4a,0.12836106018992466,32,False,0.0,0.0,0,0.0,True,,,1,5301,,,
35500,A4a,0.20454560938024646,32,False,0.0,0.0,0,0.0,True,,,2,5302,,,
35500,A4a,0.17278673251388008,32,True,0.16391612100465483,0.0,13,26.0,False,,2.024969561688312,3,5303,520.0,13.0,36020.0
35500,A4a,0.18039395453055745,32,False,0.0,0.0,0,0.0,True,,,4,5304,,,
35500,A4a,0.1813449883312747,32,True,0.2832404781398939,0.0,18,44.0,False,,3.005475514069264,5,5305,632.0,18.0,36132.0
35500,A4a,0.2578194802774297,32,False,0.0,0.0,0,0.0,True,,,6,5306,,,
35500,A4a,0.23257732745900292,32,False,0.1747331194379928,0.0,0,0.0,False,,1.2516199945887445,7,5307,,,
36000,A4a,0.22941649112504992,32,False,0.0,0.0,0,0.0,True,,,0,5300,,,
36000,A4a,0.20596330258424053,32,True,0.16839845450780905,0.0,17,34.0,False,,2.6968141233766234,1,5301,475.0,17.0,36475.0
36000,A4a,0.21375099087959495,32,False,0.17651101986329518,0.0,0,0.0,False,,1.6699517496392495,2,5302,,,
36000,A4a,0.07713377273831996,32,False,0.0,0.0,0,0.0,True,,,3,5303,,,
36000,A4a,0.13755883307083797,32,True,0.2731354503926773,0.0,24,50.0,False,,3.452362914862915,4,5304,610.0,24.0,36610.0
36000,A4a,0.2660034343394714,32,False,0.0,0.0,0,0.0,True,,,5,5305,,,
36000,A4a,0.2317034539891822,32,True,0.20633203563436425,0.0,12,24.0,False,,2.0362261002886,6,5306,576.0,12.0,36576.0
36000,A4a,0.17446878209158906,32,False,0.16055883029498705,0.0,0,0.0,False,,1.6176328012265513,7,5307,,,
36500,A4a,0.2280263235136738,32,True,0.23627314055323814,0.0,20,40.0,False,,3.353202786796537,0,5300,576.0,20.0,37076.0
36500,A4a,0.18388559613092148,32,True,0.19314844081774937,0.0,15,30.0,False,,2.355714511183261,1,5301,403.0,15.0,36903.0
36500,A4a,0.19522868769198995,32,True,0.19690830514582525,0.0,11,22.0,False,,2.3233315295815293,2,5302,504.0,11.0,37004.0
36500,A4a,0.14214438386558678,32,True,0.23644896964228712,0.0,13,30.0,False,,2.2425550144300144,3,5303,632.0,13.0,37132.0
36500,A4a,0.1820605929390919,32,False,0.0,0.0,0,0.0,True,,,4,5304,,,
36500,A4a,0.15137241855921824,32,True,0.21225245285825212,0.0,16,32.0,False,,2.4736178751803752,5,5305,504.0,16.0,37004.0
36500,A4a,0.21278170474789646,32,False,0.0,0.0,0,0.0,True,,,6,5306,,,
36500,A4a,0.1989892661079191,32,True,0.2645836875793986,0.0,24,48.0,False,,3.624198457792208,7,5307,576.0,24.0,37076.0
37000,A4a,0.2618714765221134,32,False,0.0,0.0,0,0.0,True,,,0,5300,,,
37000,A4a,0.21629085142527446,32,False,0.2694176633294445,0.0,0,0.0,False,,1.8056153048340549,1,5301,,,
37000,A4a,0.11573320581702955,32,False,0.0,0.0,0,0.0,True,,,2,5302,,,
37000,A4a,0.2067819297071062,32,False,0.0,0.0,0,0.0,True,,,3,5303,,,
37000,A4a,0.15659011015181307,32,False,0.1842730759866753,0.0,0,0.0,False,,1.9926914231601733,4,5304,,,
37000,A4a,0.2131502456308632,32,False,0.0,0.0,0,0.0,True,,,5,5305,,,
37000,A4a,0.21355889041903897,32,False,0.16851967201033244,0.0,0,0.0,False,,1.7151064213564213,6,5306,,,
37000,A4a,0.17218886150649276,32,False,0.0,0.0,0,0.0,True,,,7,5307,,,
37500,A4a,0.18082832484547698,32,True,0.2106440983910205,0.0,20,42.0,False,,3.010453869047619,0,5300,622.0,20.0,38122.0
37500,A4a,0.2374614007803606,32,False,0.09692605224811324,0.0,0,0.0,False,,0.8963936237373737,1,5301,,,
37500,A4a,0.14367698956012628,32,False,0.15438010669356872,0.0,0,0.0,False,,1.9019852543290043,2,5302,,,
37500,A4a,0.1334738005295866,32,True,0.18297706788499427,0.0,19,38.0,False,,2.9380073051948052,3,5303,403.0,19.0,37903.0
37500,A4a,0.1863210643215976,32,False,0.16181993462506342,0.0,0,0.0,False,,1.4464747925685426,4,5304,,,
37500,A4a,0.21045300120981694,32,True,0.21833732079294776,0.0,18,36.0,False,,3.4031858766233767,5,5305,504.0,18.0,38004.0
37500,A4a,0.21746734405446036,32,True,0.2066418729040361,0.0,15,30.0,False,,2.8744690205627705,6,5306,576.0,15.0,38076.0
37500,A4a,0.14334941977488452,32,True,0.18986534704226177,0.0,13,26.0,False,,2.2568869498556996,7,5307,576.0,13.0,38076.0
38000,A4a,0.22062756223057278,32,False,0.0,0.0,0,0.0,True,,,0,5300,,,
38000,A4a,0.15516409588724825,32,False,0.20131411415312594,0.0,0,0.0,False,,1.3869284361471863,1,5301,,,
38000,A4a,0.19717022388778618,32,True,0.28032127444601757,0.0,20,42.0,False,,3.0421897546897547,2,5302,610.0,20.0,38610.0
38000,A4a,0.07824797339834932,32,True,0.21412093148225742,0.0,14,28.0,False,,2.10027169011544,3,5303,576.0,14.0,38576.0
38000,A4a,0.12616453989847634,32,True,0.22565201433606197,0.0,19,38.0,False,,2.974618957431457,4,5304,504.0,19.0,38504.0
38000,A4a,0.18653809610020514,32,False,0.0,0.0,0,0.0,True,,,5,5305,,,
38000,A4a,0.20434974220799768,32,False,0.0,0.0,0,0.0,True,,,6,5306,,,
38000,A4a,0.1971458349815691,32,False,0.0,0.0,0,0.0,True,,,7,5307,,,
38500,A4a,0.16092935069166026,32,False,0.1905887095738137,0.0,0,0.0,False,,1.8853174603174605,0,5300,,,
38500,A4a,0.14337640242627542,32,True,0.20007921749963245,0.0,12,24.0,False,,2.0797258297258296,1,5301,436.0,12.0,38936.0
38500,A4a,0.21899478213573545,32,False,0.0,0.0,0,0.0,True,,,2,5302,,,
38500,A4a,0.08588006963356992,32,False,0.0,0.0,0,0.0,True,,,3,5303,,,
38500,A4a,0.18626674012451425,32,False,0.0,0.0,0,0.0,True,,,4,5304,,,
38500,A4a,0.2325925085562884,32,True,0.26018832248966506,0.0,20,42.0,False,,3.169246031746032,5,5305,610.0,20.0,39110.0
38500,A4a,0.18732103111974158,32,True,0.33246789190450204,0.0,17,48.0,False,,3.6014486381673882,6,5306,678.0,17.0,39178.0
38500,A4a,0.23112899578039764,32,False,0.21973716135696864,0.0,0,0.0,False,,1.8534462932900435,7,5307,,,
39000,A4a,0.14780500614452055,32,True,0.2738064231191895,0.0,18,40.0,False,,2.6853591720779217,0,5300,632.0,18.0,39632.0
39000,A4a,0.19417376067068592,32,False,0.19134385772129267,0.0,0,0.0,False,,1.8376059704184704,1,5301,,,
39000,A4a,0.1704524959814776,32,False,0.20082958241226717,0.0,0,0.0,False,,1.8806333423520925,2,5302,,,
39000,A4a,0.11141815457552422,32,True,0.22465930403346698,0.0,17,36.0,False,,3.012748015873016,3,5303,610.0,17.0,39610.0
39000,A4a,0.19033957569422483,32,False,0.15004153859255803,0.0,0,0.0,False,,1.5563187680375181,4,5304,,,
39000,A4a,0.2375561785428747,32,False,0.0,0.0,0,0.0,True,,,5,5305,,,
39000,A4a,0.2286939870123581,32,False,0.0,0.0,0,0.0,True,,,6,5306,,,
39000,A4a,0.21926497616085633,32,True,0.2393035694500899,0.0,15,36.0,False,,2.880057269119769,7,5307,678.0,15.0,39678.0
39500,A4a,0.20641984608661862,32,False,0.0,0.0,0,0.0,True,,,0,5300,,,
39500,A4a,0.13409166432554068,32,True,0.30149024830128995,0.0,16,44.0,False,,2.429227543290043,1,5301,678.0,16.0,40178.0
39500,A4a,0.10137552875082825,32,True,0.25560367586993094,0.0,17,38.0,False,,3.4785128066378066,2,5302,632.0,17.0,40132.0
39500,A4a,0.14365685188850363,32,False,0.0,0.0,0,0.0,True,,,3,5303,,,
39500,A4a,0.26098732430437194,32,True,0.16826282087716882,0.0,10,20.0,False,,2.0172754329004325,4,5304,475.0,10.0,39975.0
39500,A4a,0.17921452374786614,32,True,0.2671371648054229,0.0,21,42.0,False,,3.4025094696969704,5,5305,576.0,21.0,40076.0
39500,A4a,0.15083375428888693,32,True,0.4269867443986319,0.0,21,86.0,False,,3.092502029220779,6,5306,716.0,21.0,40216.0
39500,A4a,0.13446694046600385,32,False,0.0,0.0,0,0.0,True,,,7,5307,,,
