config_id,method,target_type,gamma,eta,burnin_fraction,fr_every,n_seeds,median_final_l2_F,iqr_final_l2_F,median_final_l2_Fprime,iqr_final_l2_Fprime,median_integrated_l2_F,iqr_integrated_l2_F,median_integrated_l2_Fprime,iqr_integrated_l2_Fprime,median_final_marginal_l2_uniform,iqr_final_marginal_l2_uniform,median_final_marginal_l2_target,iqr_final_marginal_l2_target,median_mean_fr_event_fraction,iqr_mean_fr_event_fraction,median_max_fr_event_fraction,iqr_max_fr_event_fraction,median_barrier_crossings,iqr_barrier_crossings,median_frac_left,iqr_frac_left,median_frac_barrier,iqr_frac_barrier,median_frac_right,iqr_frac_right,frac_nan
abf_fr_estimated|tt=estimated|g=0.01|eta=0.075|bi=0.2|fe=5,abf_fr_estimated,estimated,0.01,0.075,0.2,5,5,0.0146438478032414,0.0009986276689442006,0.0774316474438464,0.021523717058848993,15.921778448586403,0.5471827867039405,40.67892955207286,3.977311730247216,0.0330220130321123,0.0065179744746886,0.0330208614644333,0.0065199712362519965,1.3125000862146407e-06,1.2500000252657632e-07,0.0010000000474974,0.0,490062.0,40442.0,0.342,0.013999999999999957,0.174,0.01899999999999999,0.32,0.013000000000000012,0.0
abf_fr_estimated|tt=estimated|g=0.01|eta=0.075|bi=0.4|fe=5,abf_fr_estimated,estimated,0.01,0.075,0.4,5,5,0.011973576338127,0.0004145603355427997,0.0672525303029562,0.008270082602376203,15.24662204164353,1.2119706589249848,38.93514390445256,1.6781593529902281,0.0334520897188777,0.0023465236077897036,0.0334541136433353,0.002349619853675898,1.0833334044946242e-06,1.6708543929174384e-07,0.0010000000474974,0.0,505884.0,36899.0,0.322,0.01100000000000001,0.179,0.008000000000000007,0.336,0.016000000000000014,0.0
abf_fr_estimated|tt=estimated|g=0.01|eta=0.075|bi=0|fe=5,abf_fr_estimated,estimated,0.01,0.075,0.0,5,5,0.0140848594849533,0.0007933848570787997,0.0781725760434918,0.014213096087930296,15.725307877652885,0.8746275438124069,40.92809590695544,3.2888630052745995,0.0326225634525743,0.0020434649012690993,0.0326254206055625,0.002050981130553603,1.700000111668487e-06,3.5000002299057063e-07,0.0010000000474974,0.0,485364.0,42969.0,0.321,0.014000000000000012,0.166,0.014999999999999986,0.34,0.01100000000000001,0.0
abf_fr_estimated|tt=estimated|g=0.01|eta=0.15|bi=0.2|fe=5,abf_fr_estimated,estimated,0.01,0.15,0.2,5,5,0.0130693463065426,0.00037394229356100053,0.0800074684233293,0.0019126319742966968,15.867338270268888,0.471138378567284,42.23781891710593,3.0293532750168737,0.0194268774790563,0.0021085672741138,0.0194283663981934,0.0021160931690543984,1.0625000697928043e-06,2.496859451639467e-07,0.0010000000474974,0.0,486779.0,25182.0,0.334,0.009000000000000008,0.169,0.00799999999999998,0.327,0.02999999999999997,0.0
abf_fr_estimated|tt=estimated|g=0.01|eta=0.15|bi=0.4|fe=5,abf_fr_estimated,estimated,0.01,0.15,0.4,5,5,0.0145437255072085,0.001994906447183,0.0771958556989335,0.014410248332392503,15.36911851359396,0.6939995322380739,41.80152859543991,3.8560165412804395,0.0191717732600028,0.006744018796946201,0.0191694245993256,0.006741075386449098,8.337521497499741e-07,1.6666667761455751e-07,0.0010000000474974,0.0,498493.0,27627.0,0.328,0.015000000000000013,0.167,0.0010000000000000009,0.338,0.010999999999999954,0.0
abf_fr_estimated|tt=estimated|g=0.01|eta=0.15|bi=0|fe=5,abf_fr_estimated,estimated,0.01,0.15,0.0,5,5,0.0128111205903069,0.0010811404317963014,0.0728256278541433,0.002539812643092207,14.964203000469976,2.0566726837235,40.04115928864162,1.1946384514730823,0.0215580184907273,0.0034057862662047016,0.0215574348915292,0.0034039482090956995,1.350000088677916e-06,6.500000426967751e-07,0.0010000000474974,0.0,501015.0,13085.0,0.327,0.010000000000000009,0.178,0.013000000000000012,0.335,0.03799999999999998,0.0
abf_fr_estimated|tt=estimated|g=0.01|eta=0.1|bi=0.2|fe=5,abf_fr_estimated,estimated,0.01,0.1,0.2,5,5,0.0126346805196996,0.0005335445935104009,0.0778846762271893,0.012523216436541293,15.186212133361918,0.5409872184844495,39.74118207014726,3.0267031362622205,0.0273958424298404,0.0017190464110916973,0.0273981394278475,0.0017249579675759005,1.1250000738982636e-06,4.375000287382136e-07,0.0010000000474974,0.0,479888.0,39945.0,0.336,0.021999999999999964,0.168,0.01899999999999999,0.322,0.014000000000000012,0.0
abf_fr_estimated|tt=estimated|g=0.01|eta=0.1|bi=0.4|fe=5,abf_fr_estimated,estimated,0.01,0.1,0.4,5,5,0.0128807559940222,0.0014030908626294011,0.0733729826086592,0.0058282460321831125,15.784878845185442,0.7812973135058758,40.53934909021746,1.9682578952994447,0.0260816689074017,0.0021891419314406975,0.026087968100204,0.0021930709840753994,1.0833334044946242e-06,8.333333880727865e-08,0.0010000000474974,0.0,494698.0,3768.0,0.343,0.01799999999999996,0.165,0.008000000000000007,0.327,0.014000000000000012,0.0
abf_fr_estimated|tt=estimated|g=0.01|eta=0.1|bi=0|fe=5,abf_fr_estimated,estimated,0.01,0.1,0.0,5,5,0.0153287393553663,0.003173468594545599,0.067995297350599,0.0017530243223003034,15.308105612786209,1.1237962717905372,38.94105474273462,3.1796721155713783,0.0242400658826763,0.0045612623155016005,0.02424066014671,0.004560380337890999,1.500000098531018e-06,1.4999999621068105e-07,0.0010000000474974,0.0,507698.0,15753.0,0.323,0.035999999999999976,0.167,0.026999999999999996,0.339,0.01100000000000001,0.0
abf_fr_estimated|tt=estimated|g=0.02|eta=0.075|bi=0.2|fe=5,abf_fr_estimated,estimated,0.02,0.075,0.2,5,5,0.013021369383148,0.0047667957070032,0.0751653133325394,0.01755692537775201,14.777090896066005,2.0587993829939677,40.04077103319607,4.4939275177846625,0.0308659965064544,0.0020715628999042023,0.0308612930828668,0.0020663532195133,2.625000161060598e-06,4.3750003442255547e-07,0.0010000000474974,0.0,488863.0,11371.0,0.345,0.023999999999999966,0.178,0.00899999999999998,0.325,0.014000000000000012,0.0
abf_fr_estimated|tt=estimated|g=0.02|eta=0.075|bi=0.4|fe=5,abf_fr_estimated,estimated,0.02,0.075,0.4,5,5,0.0129854732750663,0.0018848929584067003,0.0689206711604792,0.006222960243764203,15.004838123018654,0.9260184200692052,40.7248471920171,1.6445764654531771,0.032404317696104,0.0026945715970977044,0.0324046007698505,0.0026921002321489,2.2500001402174047e-06,2.5041876294077816e-07,0.0010000000474974,0.0,512892.0,1464.0,0.353,0.020999999999999963,0.168,0.009999999999999981,0.327,0.017000000000000015,0.0
abf_fr_estimated|tt=estimated|g=0.02|eta=0.075|bi=0|fe=5,abf_fr_estimated,estimated,0.02,0.075,0.0,5,5,0.0135624183641672,0.0015004829309077997,0.0764418054645717,0.011718122383947205,15.836929160689932,1.7307870507097949,38.65361821000808,3.269011824924874,0.0333972066203561,0.0029004864727097956,0.0333984658252748,0.0029007950291048967,3.200000205652032e-06,4.5050255266687593e-07,0.0010000000474974,0.0,482153.0,4900.0,0.337,0.009999999999999953,0.167,0.013999999999999985,0.326,0.008000000000000007,0.0
abf_fr_estimated|tt=estimated|g=0.02|eta=0.15|bi=0.2|fe=5,abf_fr_estimated,estimated,0.02,0.15,0.2,5,5,0.0133127061382351,0.0026983451615434986,0.0707086116924981,0.006235785776823197,15.46346677788028,0.5459897391194328,39.30456404179885,2.570809912998861,0.0207121764599607,0.0009919863674733992,0.020712788254103,0.0009948591945232003,1.6875001108473952e-06,1.2500000252657632e-07,0.0010000000474974,0.0,488185.0,41104.0,0.329,0.007000000000000006,0.168,0.0030000000000000027,0.336,0.013000000000000012,0.0
abf_fr_estimated|tt=estimated|g=0.02|eta=0.15|bi=0.4|fe=5,abf_fr_estimated,estimated,0.02,0.15,0.4,5,5,0.0150543818991318,0.003524498769120501,0.0736910823587111,0.010399698122954201,15.546000110179245,0.502762498211716,39.729330718413685,4.327203353763345,0.0210176466076341,0.0032960856050879977,0.0210162496788785,0.0033013037155885,1.7500001149528544e-06,3.3375211690630157e-07,0.0010000000474974,0.0,495770.0,17075.0,0.345,0.004999999999999949,0.165,0.015999999999999986,0.314,0.01200000000000001,0.0
abf_fr_estimated|tt=estimated|g=0.02|eta=0.15|bi=0|fe=5,abf_fr_estimated,estimated,0.02,0.15,0.0,5,5,0.0130063317965525,0.0009234652882532998,0.0783463416802077,0.013460140585299901,16.467687837056022,1.6388059326574673,40.13534197772777,5.1393110079731485,0.0213902603941352,0.0079340630612496,0.021387404481807,0.007937354757053799,2.950000180135248e-06,4.5000001136941147e-07,0.0010000000474974,0.0,501570.0,26234.0,0.323,0.006000000000000005,0.171,0.009999999999999981,0.333,0.0040000000000000036,0.0
abf_fr_estimated|tt=estimated|g=0.02|eta=0.1|bi=0.2|fe=5,abf_fr_estimated,estimated,0.02,0.1,0.2,5,5,0.0131770863155524,0.0014251621522886997,0.0712888971249811,0.006783697627817206,16.13365622662046,1.7318527295952109,39.55937969665515,3.219693824824674,0.0257515547146486,0.006083198129578398,0.0257525988266901,0.0060852373017008,2.3753142158966512e-06,4.3750003442255547e-07,0.0010000000474974,0.0,500025.0,10665.0,0.332,0.01100000000000001,0.174,0.017999999999999988,0.323,0.0030000000000000027,0.0
abf_fr_estimated|tt=estimated|g=0.02|eta=0.1|bi=0.4|fe=5,abf_fr_estimated,estimated,0.02,0.1,0.4,5,5,0.0141718238529187,0.0016061401854662004,0.0746683458261947,0.01600585889476909,15.51182474828633,0.5224787200207075,41.54746679072724,3.5561395461932293,0.0245486253481664,0.0067153830729067,0.0245486989201734,0.0067143091536872,1.916666792567412e-06,5.837521257490152e-07,0.0010000000474974,0.0,526943.0,17431.0,0.338,0.007999999999999952,0.165,0.015999999999999986,0.331,0.016000000000000014,0.0
abf_fr_estimated|tt=estimated|g=0.02|eta=0.1|bi=0|fe=5,abf_fr_estimated,estimated,0.02,0.1,0.0,5,5,0.012398737118458,0.0006680528923877008,0.072502957406892,0.0026662988171577,14.720626526953254,1.0193277899824622,38.99751528069434,1.5610383515534423,0.030240876758435,0.0051648698823961,0.0302408482164914,0.005167029574826402,2.9000001813983544e-06,1.0025126812251988e-07,0.0010000000474974,0.0,490019.0,19527.0,0.317,0.01100000000000001,0.163,0.007000000000000006,0.348,0.007999999999999952,0.0
abf_fr_estimated|tt=estimated|g=0.05|eta=0.075|bi=0.2|fe=5,abf_fr_estimated,estimated,0.05,0.075,0.2,5,5,0.0130888296524476,0.004126140926139402,0.0785112623516253,0.007298686759829906,16.56124488634162,2.4761094315202836,42.92311484074736,6.521465645587973,0.0327365964030151,0.0055663157383922,0.0327386648776564,0.0055606150053034015,6.939070777889355e-06,8.131281447276711e-07,0.0010000000474974,0.0010000000474975,502502.0,20264.0,0.324,0.018000000000000016,0.17,0.01899999999999999,0.328,0.015000000000000013,0.0
abf_fr_estimated|tt=estimated|g=0.05|eta=0.075|bi=0.4|fe=5,abf_fr_estimated,estimated,0.05,0.075,0.4,5,5,0.0151045309930977,0.0022629746115344993,0.0717842079858921,0.005806925905915902,14.828638917420564,0.4777316532748799,40.46716258355737,3.0458442559890457,0.0336973160596468,0.002496370451176698,0.0336991568921071,0.0024974180366447024,5.417085768992062e-06,5.829146099737651e-07,0.0010000000474974,0.0010000000474975,500030.0,31046.0,0.338,0.010999999999999954,0.175,0.0050000000000000044,0.324,0.006000000000000005,0.0
abf_fr_estimated|tt=estimated|g=0.05|eta=0.075|bi=0|fe=5,abf_fr_estimated,estimated,0.05,0.075,0.0,5,5,0.0135080571117314,0.0016390268027496012,0.0787017526602758,0.008619149650898106,14.9953813322079,0.9353830955700513,41.79728940682183,0.7076097689236676,0.0267555623620843,0.0032002498798531995,0.0267571365382538,0.0032003169335773976,8.0502517585046e-06,1.100000081351026e-06,0.0020000000949949,0.0010000000474975,505325.0,27651.0,0.333,0.01100000000000001,0.172,0.010999999999999982,0.328,0.007000000000000006,0.0
abf_fr_estimated|tt=estimated|g=0.05|eta=0.15|bi=0.2|fe=5,abf_fr_estimated,estimated,0.05,0.15,0.2,5,5,0.0121921850499077,0.000318126359748901,0.0738626659510436,0.003978907510414506,15.658326840640186,1.995556401851701,39.298753626631765,6.111718041711526,0.0201224532922861,0.002226248251825099,0.0201255975472165,0.0022359811610312003,5.625000341069608e-06,5.003140756798528e-07,0.0010000000474974,0.0,485554.0,33048.0,0.334,0.013000000000000012,0.18,0.024999999999999994,0.332,0.01200000000000001,0.0
abf_fr_estimated|tt=estimated|g=0.05|eta=0.15|bi=0.4|fe=5,abf_fr_estimated,estimated,0.05,0.15,0.4,5,5,0.0145047824280686,0.002331894522976401,0.0729977352470154,0.007132445778569307,14.58694283671768,1.005198804496061,42.478675879841134,6.808710903279149,0.0215155016317423,0.0033803663403595974,0.0215210112720512,0.0033836851115990017,4.417085695725594e-06,1.6708542413349845e-07,0.0010000000474974,0.0,527459.0,19120.0,0.333,0.02100000000000002,0.178,0.012999999999999984,0.332,0.016000000000000014,0.0
abf_fr_estimated|tt=estimated|g=0.05|eta=0.15|bi=0|fe=5,abf_fr_estimated,estimated,0.05,0.15,0.0,5,5,0.0134133792355628,0.002117261164467501,0.0774370924201394,0.012577568693335997,14.961284405510424,0.3806127357199589,38.54142970665546,3.60167908541181,0.0201173016735563,0.0037455982285035973,0.0201157065115357,0.003740511402217997,6.750251650373684e-06,3.494974862405796e-07,0.0010000000474974,0.0,494120.0,29994.0,0.345,0.01899999999999996,0.171,0.022999999999999993,0.338,0.012999999999999956,0.0
abf_fr_estimated|tt=estimated|g=0.05|eta=0.1|bi=0.2|fe=5,abf_fr_estimated,estimated,0.05,0.1,0.2,5,5,0.0130510228265759,0.0012504382618174006,0.0730685376046661,0.0030839788784571,15.56935394990979,0.789521943021656,41.32304844230966,4.167800706045,0.0265958640951008,0.0031561232546895995,0.0265945248443853,0.003156964188055899,6.313128540114121e-06,4.996859615857833e-07,0.0010000000474974,0.0,482240.0,41602.0,0.347,0.011999999999999955,0.17,0.00899999999999998,0.322,0.006000000000000005,0.0
abf_fr_estimated|tt=estimated|g=0.05|eta=0.1|bi=0.4|fe=5,abf_fr_estimated,estimated,0.05,0.1,0.4,5,5,0.0126862356866446,0.002392740594034099,0.0756368439123519,0.0019574562418061964,15.567865195269794,1.0479679273181084,42.83193875675409,1.1819100801733384,0.0248846371367402,0.0046954366739217004,0.0248849272931904,0.0046960429913873,4.5837523581819065e-06,9.170854506616416e-07,0.0010000000474974,0.0,509177.0,31830.0,0.323,0.030000000000000027,0.171,0.015999999999999986,0.328,0.01100000000000001,0.0
abf_fr_estimated|tt=estimated|g=0.05|eta=0.1|bi=0|fe=5,abf_fr_estimated,estimated,0.05,0.1,0.0,5,5,0.0135610255711321,0.0013602897390694,0.0773558706852271,0.010228217235641102,14.64769277958001,2.1095998107283407,37.80089842369888,6.10988367304391,0.0259462126661355,0.003210359243168301,0.025951253847194,0.0032034856149897005,7.35025166250125e-06,4.002513333034586e-07,0.0020000000949949,0.0010000000474975,508963.0,51509.0,0.336,0.0030000000000000027,0.166,0.013999999999999985,0.33,0.022999999999999965,0.0
abf_fr_estimated|tt=estimated|g=0.1|eta=0.075|bi=0.2|fe=5,abf_fr_estimated,estimated,0.1,0.075,0.2,5,5,0.0149796791372924,0.002571301976983402,0.0868735216006744,0.006363004474598907,16.334888158062462,1.1807059708914025,41.845950892441074,2.97967990455372,0.0355176813035989,0.012052153927976397,0.0355200560856258,0.012050091844280898,1.26262570745439e-05,8.137563156651595e-07,0.0020000000949949,0.0010000000474975,482284.0,18488.0,0.335,0.016000000000000014,0.166,0.009999999999999981,0.326,0.0030000000000000027,0.0
abf_fr_estimated|tt=estimated|g=0.1|eta=0.075|bi=0.4|fe=5,abf_fr_estimated,estimated,0.1,0.075,0.4,5,5,0.0152258387207829,0.0049112390538048,0.0858558336000516,0.026231581137183588,16.576898252014995,1.324496595247668,43.49688632209017,4.131995397055832,0.0276949921550259,0.0046225510192969,0.0276940113506358,0.004624337503521703,1.1833752826836038e-05,8.333334714431356e-07,0.0010000000474974,0.0,479878.0,6529.0,0.333,0.025999999999999968,0.177,0.024999999999999994,0.32,0.009000000000000008,0.0
abf_fr_estimated|tt=estimated|g=0.1|eta=0.075|bi=0|fe=5,abf_fr_estimated,estimated,0.1,0.075,0.0,5,5,0.0126394139727194,0.004885589658571499,0.0771296723289129,0.017287800367451492,14.081111206279628,2.144161230603439,37.14598932956522,8.322315225749215,0.0286070834229509,0.0005547645490929995,0.0286067660171396,0.0005497535083714006,1.5800503492755526e-05,6.502513133455058e-07,0.0020000000949949,0.0,465009.0,30436.0,0.326,0.014000000000000012,0.157,0.016999999999999987,0.329,0.0040000000000000036,0.0
abf_fr_estimated|tt=estimated|g=0.1|eta=0.15|bi=0.2|fe=5,abf_fr_estimated,estimated,0.1,0.15,0.2,5,5,0.0139931543977965,0.0005164741824808996,0.0819630401392977,0.0014346956120471072,15.361538634490143,0.438157037463073,41.09021088329705,1.0603229076966514,0.0192359981527364,0.003160618046954198,0.0192333229058725,0.003158513123130799,1.0062814612865623e-05,4.371859347429553e-07,0.0020000000949949,0.0,486825.0,2202.0,0.326,0.009000000000000008,0.163,0.0010000000000000009,0.332,0.0050000000000000044,0.0
abf_fr_estimated|tt=estimated|g=0.1|eta=0.15|bi=0.4|fe=5,abf_fr_estimated,estimated,0.1,0.15,0.4,5,5,0.0135293172463779,0.001120831328611101,0.0737321271326297,0.0006133209374565018,14.837200126865866,0.33658353048802603,38.70060671204947,1.06959381157521,0.0224021688295125,0.0011281331268059996,0.0223972355363851,0.001130162021238501,8.16834220434733e-06,2.4999999368446744e-07,0.0020000000949949,0.0010000000474975,489572.0,12423.0,0.348,0.008000000000000007,0.152,0.017000000000000015,0.33,0.02200000000000002,0.0
abf_fr_estimated|tt=estimated|g=0.1|eta=0.15|bi=0|fe=5,abf_fr_estimated,estimated,0.1,0.15,0.0,5,5,0.0128311583909947,0.0030795586527975014,0.0774605208874518,0.0170219968045464,15.883102680994185,2.2333702111661218,40.04590073460148,5.593355371662405,0.0227499489636014,0.0033783332858549966,0.022749124776576,0.003376283828985402,1.2550754522635543e-05,2.5025128707056967e-07,0.0020000000949949,0.0010000000474975,485844.0,20119.0,0.334,0.006000000000000005,0.165,0.01100000000000001,0.337,0.008000000000000007,0.0
abf_fr_estimated|tt=estimated|g=0.1|eta=0.1|bi=0.2|fe=5,abf_fr_estimated,estimated,0.1,0.1,0.2,5,5,0.0186232180995276,0.0038282086368770993,0.1001475712389818,0.01242474522489341,16.024733040193684,2.041047911425176,47.70555015022016,7.497582775336298,0.0255821180426508,0.004569924575547401,0.0255831364844429,0.004571921372843599,1.0875314671920933e-05,5.615578231754653e-07,0.0010000000474974,0.0010000000474975,523777.0,34573.0,0.335,0.01200000000000001,0.177,0.0040000000000000036,0.329,0.008000000000000007,0.0
abf_fr_estimated|tt=estimated|g=0.1|eta=0.1|bi=0.4|fe=5,abf_fr_estimated,estimated,0.1,0.1,0.4,5,5,0.0123276446526955,0.0006434152479662999,0.0747540123438476,0.003730490500514605,16.573302744438667,1.2621724705273518,38.53736310357774,4.2398147139151305,0.0235959386984586,0.003869654997789202,0.0235993573130478,0.0038692373094609996,9.834171434401166e-06,6.658291416291221e-07,0.0010000000474974,0.0,460170.0,27207.0,0.342,0.007000000000000006,0.171,0.002999999999999975,0.325,0.019000000000000017,0.0
abf_fr_estimated|tt=estimated|g=0.1|eta=0.1|bi=0|fe=5,abf_fr_estimated,estimated,0.1,0.1,0.0,5,5,0.0124490580743742,0.00027958124121450073,0.0718760369829421,0.0066941030847574995,16.151852180048426,2.4222167793239553,37.64647049589939,1.4234072193044511,0.0234424797162597,0.003601291297744398,0.0234439980675037,0.003603944556632002,1.3850503382855096e-05,2.50502489507197e-07,0.0020000000949949,0.0,474021.0,10612.0,0.333,0.007000000000000006,0.155,0.01100000000000001,0.339,0.008999999999999952,0.0
abf_fr_oracle|tt=oracle|g=0.01|eta=0.075|bi=0.2|fe=5,abf_fr_oracle,oracle,0.01,0.075,0.2,5,5,0.0137455754324046,0.0033769032359752,0.0676269134261545,0.0038473863551698045,15.181394680509827,0.7737533965471304,41.16841096845992,1.898113398120941,0.0308815041422122,0.002510429348639199,0.0305076099688138,0.004902662269692295,1.2500000821091817e-06,3.125000262116374e-07,0.0010000000474974,0.0,517920.0,20034.0,0.347,0.013999999999999957,0.173,0.024999999999999994,0.329,0.03799999999999998,0.0
abf_fr_oracle|tt=oracle|g=0.01|eta=0.075|bi=0.4|fe=5,abf_fr_oracle,oracle,0.01,0.075,0.4,5,5,0.0130452109200252,0.0010451376085905007,0.0736435555170813,0.008484997232791808,16.524523974745108,0.17388838146738905,39.76079649806987,0.019890794634164877,0.0267629011161647,0.002195059163476603,0.0262485855098977,0.0028309883881041976,9.170854885572528e-07,1.662479159373714e-07,0.0010000000474974,0.0,487142.0,7121.0,0.332,0.012999999999999956,0.173,0.0030000000000000027,0.321,0.017000000000000015,0.0
abf_fr_oracle|tt=oracle|g=0.01|eta=0.075|bi=0|fe=5,abf_fr_oracle,oracle,0.01,0.075,0.0,5,5,0.0137302857657666,0.0016072036870761006,0.0740172651764484,0.007625914379470106,15.337057000034306,0.6746344947065364,40.66922871869783,2.700814161222894,0.0305619123979782,0.0024852910411870995,0.0286345580511538,0.0020976877165539004,1.8500001124266417e-06,1.500000053056285e-07,0.0010000000474974,0.0,502240.0,33364.0,0.352,0.008000000000000007,0.168,0.03,0.324,0.020000000000000018,0.0
abf_fr_oracle|tt=oracle|g=0.01|eta=0.15|bi=0.2|fe=5,abf_fr_oracle,oracle,0.01,0.15,0.2,5,5,0.0145503828916933,0.0034500621658843014,0.068340345378143,0.00985743364190711,16.11924975772413,0.7102473957328215,38.937649163819415,1.7482198703818312,0.0225209258434032,0.0024291680662333996,0.0186569462019578,0.0049155098723534,1.1875000780037226e-06,3.7531409589064426e-07,0.0010000000474974,0.0,488092.0,28149.0,0.328,0.01799999999999996,0.171,0.0069999999999999785,0.331,0.0040000000000000036,0.0
abf_fr_oracle|tt=oracle|g=0.01|eta=0.15|bi=0.4|fe=5,abf_fr_oracle,oracle,0.01,0.15,0.4,5,5,0.0128921208754343,0.002021657496058699,0.0679715854014133,0.0036778635033220958,15.717260871293876,0.5591599990783216,39.39511049135628,4.567727696754119,0.0220963277052361,0.0065487182064888,0.016516737824929,0.00492582617212,6.670854721354165e-07,8.291457713009253e-08,0.0010000000474974,0.0,517789.0,19998.0,0.327,0.03199999999999997,0.16,0.01100000000000001,0.323,0.008000000000000007,0.0
abf_fr_oracle|tt=oracle|g=0.01|eta=0.15|bi=0|fe=5,abf_fr_oracle,oracle,0.01,0.15,0.0,5,5,0.0132393517008933,0.0018740529866344002,0.0669548174987036,0.005074177685344711,15.650087797005629,1.0286413621254002,39.29721757282562,2.449472913174546,0.0221103082932789,0.004963458334340698,0.0223474392150071,0.005696326877561199,1.50025135553733e-06,1.9974874703621053e-07,0.0010000000474974,0.0,496178.0,1203.0,0.341,0.015000000000000013,0.153,0.02400000000000002,0.339,0.013000000000000012,0.0
abf_fr_oracle|tt=oracle|g=0.01|eta=0.1|bi=0.2|fe=5,abf_fr_oracle,oracle,0.01,0.1,0.2,5,5,0.0125647274540896,0.0006570619612504009,0.0727396801629292,0.007626667254739497,15.34262599516976,0.7244689088148775,41.90224903103546,3.677910242956692,0.0307708299718113,0.007840311409264802,0.0321540562987868,0.0080333800104666,1.1250000682139216e-06,3.125000205272955e-07,0.0010000000474974,0.0,536746.0,26189.0,0.354,0.01599999999999996,0.172,0.0069999999999999785,0.315,0.01200000000000001,0.0
abf_fr_oracle|tt=oracle|g=0.01|eta=0.1|bi=0.4|fe=5,abf_fr_oracle,oracle,0.01,0.1,0.4,5,5,0.0129399886157139,0.0007118444707332992,0.0696379536124258,0.0068733716380195015,16.298121138107664,0.2673489011691963,41.71123174027962,0.6765796115868312,0.0255673523094659,0.0041530248851477,0.023928830359969,0.0023146276983106,7.50000049265509e-07,1.666666776145574e-07,0.0010000000474974,0.0,522573.0,8484.0,0.327,0.007000000000000006,0.173,0.012999999999999984,0.323,0.014000000000000012,0.0
abf_fr_oracle|tt=oracle|g=0.01|eta=0.1|bi=0|fe=5,abf_fr_oracle,oracle,0.01,0.1,0.0,5,5,0.0120160719464822,0.002680946329434499,0.0716220896159128,0.003283215041108095,17.148057341628512,1.5402190580015915,41.98075336228507,2.8401196546456546,0.0237590119764014,0.002128101282191701,0.0211038363763273,0.0031916512778025,1.4002513489685952e-06,4.99748775837361e-07,0.0010000000474974,0.0,489118.0,4836.0,0.333,0.012999999999999956,0.168,0.0010000000000000009,0.326,0.0040000000000000036,0.0
abf_fr_oracle|tt=oracle|g=0.02|eta=0.075|bi=0.2|fe=5,abf_fr_oracle,oracle,0.02,0.075,0.2,5,5,0.0125661652468716,0.0007142731147341992,0.0731311559141505,0.007825850647093402,14.7631146767667,0.7141540027103908,39.99730039913681,2.34718015485722,0.0298647150444603,0.0030634550774591013,0.0296076153360193,0.0023247630297035006,2.4375001544285626e-06,3.128140917851849e-07,0.0010000000474974,0.0,502485.0,16585.0,0.332,0.015000000000000013,0.174,0.00799999999999998,0.327,0.013000000000000012,0.0
abf_fr_oracle|tt=oracle|g=0.02|eta=0.075|bi=0.4|fe=5,abf_fr_oracle,oracle,0.02,0.075,0.4,5,5,0.0135679295288776,0.002827849965900601,0.0726341907225442,0.011609448303260203,16.65520304264887,1.7086932207372758,40.53826728186841,3.5502139576874043,0.0303500161460655,0.002520506436629301,0.0276901568169878,0.0015977161495914008,2.416666817831962e-06,1.6666666245631233e-07,0.0010000000474974,0.0,489516.0,17233.0,0.348,0.0010000000000000009,0.174,0.00799999999999998,0.325,0.014000000000000012,0.0
abf_fr_oracle|tt=oracle|g=0.02|eta=0.075|bi=0|fe=5,abf_fr_oracle,oracle,0.02,0.075,0.0,5,5,0.0122249455669792,0.0031862494151069006,0.0679348451631996,0.0047121982012439945,15.3689954147899,1.3528220984483692,38.55697698576411,1.0118927518563652,0.0302098104939032,0.0032608579273088988,0.0284204762606098,0.0021961073677043003,3.4500002175263944e-06,1.5000000985310212e-07,0.0020000000949949,0.0010000000474975,503775.0,8195.0,0.343,0.008999999999999952,0.174,0.009999999999999981,0.333,0.015000000000000013,0.0
abf_fr_oracle|tt=oracle|g=0.02|eta=0.15|bi=0.2|fe=5,abf_fr_oracle,oracle,0.02,0.15,0.2,5,5,0.013334572461259,0.0014280259259446,0.0671471478668439,0.0036936064285947035,15.646795611502,1.766877722007072,37.40438995294324,2.5169355904661472,0.0239992529740232,0.002417584323347797,0.0220138470543589,0.0019542004046889,2.1253142108434986e-06,2.5000001642183574e-07,0.0010000000474974,0.0,479724.0,12823.0,0.329,0.009000000000000008,0.165,0.01200000000000001,0.334,0.0040000000000000036,0.0
abf_fr_oracle|tt=oracle|g=0.02|eta=0.15|bi=0.4|fe=5,abf_fr_oracle,oracle,0.02,0.15,0.4,5,5,0.014457395975666,0.003072414849523199,0.0723777878718062,0.0125320549709418,15.900732837803629,0.655284787427652,39.40688079378416,2.387485325573465,0.0206354499466983,0.0017353520568871017,0.0171190566744918,0.004299635399121898,1.250418843786368e-06,8.34170903848038e-07,0.0010000000474974,0.0,504237.0,16785.0,0.336,0.020999999999999963,0.169,0.00799999999999998,0.319,0.008000000000000007,0.0
abf_fr_oracle|tt=oracle|g=0.02|eta=0.15|bi=0|fe=5,abf_fr_oracle,oracle,0.02,0.15,0.0,5,5,0.0139365264815935,0.0036047370477321015,0.0666089403984734,0.003744016957456603,15.067972166499713,1.7348835230666086,39.05810007835718,4.3504765548016096,0.0200310112892445,0.0063768175194995995,0.0204712198810494,0.0069046836091366005,2.350000149817788e-06,6.00000025769987e-07,0.0010000000474974,0.0,499294.0,46612.0,0.343,0.003999999999999948,0.163,0.013000000000000012,0.319,0.007000000000000006,0.0
abf_fr_oracle|tt=oracle|g=0.02|eta=0.1|bi=0.2|fe=5,abf_fr_oracle,oracle,0.02,0.1,0.2,5,5,0.0131530747611755,0.0021833417263501,0.0787718463880154,0.007796963568592802,16.006559571114586,0.13125104829274115,42.505395440495,4.590875640817529,0.0328341258265448,0.003266590857685204,0.0265390980870088,0.0032200057989941015,2.6253142380028294e-06,7.49685983691961e-07,0.0010000000474974,0.0,517149.0,54652.0,0.338,0.009000000000000008,0.168,0.021999999999999992,0.307,0.014000000000000012,0.0
abf_fr_oracle|tt=oracle|g=0.02|eta=0.1|bi=0.4|fe=5,abf_fr_oracle,oracle,0.02,0.1,0.4,5,5,0.0147065419557699,0.0012805850977024996,0.0766546537608653,0.009920960502516812,15.87578303284632,0.7405091078549955,41.37682364305372,3.6554115234358378,0.0253608631736768,0.0034376017968806016,0.0241276433074833,0.0015463807041491001,1.83375221543732e-06,3.3333334764999254e-07,0.0010000000474974,0.0,507990.0,5415.0,0.344,0.012999999999999956,0.168,0.009999999999999981,0.319,0.02100000000000002,0.0
abf_fr_oracle|tt=oracle|g=0.02|eta=0.1|bi=0|fe=5,abf_fr_oracle,oracle,0.02,0.1,0.0,5,5,0.0130257971376839,0.0023953249539530996,0.0701081397986011,0.004807267356245301,14.70713328550211,0.5593052717499987,35.55309526812772,0.9686786780702263,0.0251844183538197,0.0021369025958104006,0.023200703142656,0.004009060001053898,3.350251463416498e-06,2.0025127014378052e-07,0.0010000000474974,0.0,474580.0,12316.0,0.346,0.01899999999999996,0.157,0.014999999999999986,0.319,0.02100000000000002,0.0
abf_fr_oracle|tt=oracle|g=0.05|eta=0.075|bi=0.2|fe=5,abf_fr_oracle,oracle,0.05,0.075,0.2,5,5,0.0119808678401275,0.0010082185207040007,0.0660630286899391,0.002332643315220692,14.34010708849431,0.5926072839752425,39.16341900875016,3.2576738773058196,0.0312827982431811,0.003944390957684899,0.0294747386062163,0.0029840585377238008,5.750314409169733e-06,3.746859363218401e-07,0.0010000000474974,0.0,504514.0,9230.0,0.341,0.010999999999999954,0.161,0.013999999999999985,0.328,0.009000000000000008,0.0
abf_fr_oracle|tt=oracle|g=0.05|eta=0.075|bi=0.4|fe=5,abf_fr_oracle,oracle,0.05,0.075,0.4,5,5,0.0126298876337446,0.0035170192249835003,0.0691382897905919,0.0012059476525980023,14.91066819506882,1.2066635420657388,37.99363132375064,0.7324896176911437,0.0286038521978145,0.0029805386246507005,0.0297696114178773,0.002652435242343102,5.833752425132843e-06,2.5083749430147433e-07,0.0010000000474974,0.0010000000474975,493978.0,42163.0,0.342,0.01699999999999996,0.177,0.009000000000000008,0.32,0.010000000000000009,0.0
abf_fr_oracle|tt=oracle|g=0.05|eta=0.075|bi=0|fe=5,abf_fr_oracle,oracle,0.05,0.075,0.0,5,5,0.0129234168981972,0.0017047845955024,0.0664468841156969,0.0035635092923897993,14.485156084078604,1.1878306988588676,38.02686258813301,1.0723133590784926,0.0289167355267039,0.0007001331448273987,0.027098352175349,0.0037176397313246,8.350000471182283e-06,3.5050248243351207e-07,0.0020000000949949,0.0010000000474975,489868.0,7054.0,0.336,0.013000000000000012,0.16,0.0040000000000000036,0.327,0.0040000000000000036,0.0
abf_fr_oracle|tt=oracle|g=0.05|eta=0.15|bi=0.2|fe=5,abf_fr_oracle,oracle,0.05,0.15,0.2,5,5,0.0143259230575079,0.0017785415804156008,0.0670912661271228,0.019688127878853795,14.22604993203304,2.3468823696796033,38.80034752356591,4.870026117001991,0.0213261374558247,0.002784006215813501,0.02157756464497,0.0017277128925991987,4.625314340955811e-06,6.246859754810433e-07,0.0010000000474974,0.0,505880.0,26459.0,0.34,0.0040000000000000036,0.166,0.014000000000000012,0.342,0.01899999999999996,0.0
abf_fr_oracle|tt=oracle|g=0.05|eta=0.15|bi=0.4|fe=5,abf_fr_oracle,oracle,0.05,0.15,0.4,5,5,0.013576770281818,0.0028507839169732013,0.072480532013306,0.005613707699466702,15.68784243639988,0.5398690998628091,40.0421439570994,0.633559902599913,0.0227252589912417,0.0038183837734091994,0.0199702836823572,0.0032180115597710973,3.16708563635378e-06,6.666666877208626e-07,0.0010000000474974,0.0,490978.0,43595.0,0.334,0.035999999999999976,0.169,0.015999999999999986,0.319,0.039000000000000035,0.0
abf_fr_oracle|tt=oracle|g=0.05|eta=0.15|bi=0|fe=5,abf_fr_oracle,oracle,0.05,0.15,0.0,5,5,0.0129686834620667,0.0022087522729172006,0.0713896462779676,0.007750297874085307,15.173744900490396,0.814454233606444,40.93017309703036,2.4475560251117585,0.0196295765641394,0.0026792059778083972,0.0175284350816717,0.000852385779838101,6.750251654921157e-06,7.500000174331946e-07,0.0010000000474974,0.0,517156.0,20625.0,0.343,0.004999999999999949,0.16,0.016000000000000014,0.339,0.008000000000000007,0.0
abf_fr_oracle|tt=oracle|g=0.05|eta=0.1|bi=0.2|fe=5,abf_fr_oracle,oracle,0.05,0.1,0.2,5,5,0.0130341644363304,0.0008541750739965003,0.0740333434388406,0.004011268164198806,15.386171657764262,1.4294184022886807,41.49608175867019,2.95661764742583,0.0268449972100634,0.0025288754425312025,0.0221057879738075,0.005359638779814199,4.81250028769864e-06,2.4968594516394626e-07,0.0010000000474974,0.0,493980.0,7164.0,0.339,0.012999999999999956,0.164,0.0030000000000000027,0.326,0.010000000000000009,0.0
abf_fr_oracle|tt=oracle|g=0.05|eta=0.1|bi=0.4|fe=5,abf_fr_oracle,oracle,0.05,0.1,0.4,5,5,0.0125246987012693,0.0005286406880459001,0.0646106576832122,0.008938846517973498,14.32575322817652,0.6866256091281535,39.47164229493789,2.9946602555428328,0.023641593028345,0.0014960449863327015,0.0240077624956773,0.0033044913844844995,3.917085670461044e-06,1.3333334133373376e-06,0.0010000000474974,0.0,513616.0,13255.0,0.341,0.006999999999999951,0.168,0.010000000000000009,0.332,0.02400000000000002,0.0
abf_fr_oracle|tt=oracle|g=0.05|eta=0.1|bi=0|fe=5,abf_fr_oracle,oracle,0.05,0.1,0.0,5,5,0.013641971470452,0.0020667478191927005,0.0678013131512328,0.005741736971740907,14.28305071672855,1.414970747490484,38.20239740906532,2.5458009351961692,0.0253466183423046,0.002947847779554799,0.0243590318106876,0.0059585968027581,8.150251828737964e-06,6.50000029054353e-07,0.0020000000949949,0.0,482479.0,10045.0,0.344,0.002999999999999947,0.17,0.017000000000000015,0.319,0.01100000000000001,0.0
abf_fr_oracle|tt=oracle|g=0.1|eta=0.075|bi=0.2|fe=5,abf_fr_oracle,oracle,0.1,0.075,0.2,5,5,0.0135616466303989,0.0029018938764051993,0.0738532673703769,0.010987832657224597,15.830240958664264,0.9167860554865861,41.58000661462709,0.8505514608995242,0.0281640605888208,0.002937160029247699,0.0259651482454454,0.0004124205053934009,1.2562814845296089e-05,7.49999998106432e-07,0.0020000000949949,0.0010000000474975,503864.0,10722.0,0.336,0.009000000000000008,0.165,0.008000000000000007,0.333,0.01200000000000001,0.0
abf_fr_oracle|tt=oracle|g=0.1|eta=0.075|bi=0.4|fe=5,abf_fr_oracle,oracle,0.1,0.075,0.4,5,5,0.0124892269457245,0.00011231946998810013,0.0695545660819408,0.007985843246944402,15.51179779047014,1.2307539575418591,38.337548043650365,1.5035234483441045,0.0302900134778563,0.0075557047122119005,0.0285008831756216,0.008111195723704702,1.0917086084797726e-05,5.008374879859401e-07,0.0020000000949949,0.0,482224.0,22308.0,0.339,0.022999999999999965,0.169,0.00799999999999998,0.325,0.006000000000000005,0.0
abf_fr_oracle|tt=oracle|g=0.1|eta=0.075|bi=0|fe=5,abf_fr_oracle,oracle,0.1,0.075,0.0,5,5,0.0113176817292962,0.0008112211189664001,0.0602371305578991,0.0089631986599535,13.267515252650862,1.1130761613928186,34.533057800237394,1.5083229490827037,0.0283484305380863,0.0037510672268162987,0.0277078013522104,0.002693609628389902,1.6651006130814495e-05,2.6994977724825726e-06,0.0020000000949949,0.0,475842.0,2446.0,0.333,0.0040000000000000036,0.158,0.008000000000000007,0.341,0.011999999999999955,0.0
abf_fr_oracle|tt=oracle|g=0.1|eta=0.15|bi=0.2|fe=5,abf_fr_oracle,oracle,0.1,0.15,0.2,5,5,0.0118659668914874,0.0017775042592664998,0.0680671865393239,0.005735966027258191,15.123933549588868,0.5399556337819984,40.21635836513936,1.826424852892245,0.0209793424633311,0.0029940804858711,0.0205541014726326,0.005762930239325798,9.562814625496683e-06,5.62500088108208e-07,0.0020000000949949,0.0010000000474975,508541.0,2923.0,0.336,0.006000000000000005,0.172,0.003999999999999976,0.323,0.013000000000000012,0.0
abf_fr_oracle|tt=oracle|g=0.1|eta=0.15|bi=0.4|fe=5,abf_fr_oracle,oracle,0.1,0.15,0.4,5,5,0.0121086007410564,0.000709912015127101,0.0724912336908294,0.010313178555048791,15.79373873725368,3.515311679839133,40.08526876789166,3.6076908010323194,0.0209325868620433,0.006755621205945701,0.0205924408536763,0.0032617633531725997,8.16708591173665e-06,8.329146339747242e-07,0.0010000000474974,0.0,497264.0,27448.0,0.333,0.0030000000000000027,0.157,0.01200000000000001,0.338,0.008000000000000007,0.0
abf_fr_oracle|tt=oracle|g=0.1|eta=0.15|bi=0|fe=5,abf_fr_oracle,oracle,0.1,0.15,0.0,5,5,0.0117893501229171,0.0012124150759196001,0.0679946892576549,0.005061020895906307,15.336014127491676,2.0473448856133025,36.43025958823327,3.7743352024182713,0.0230349876358392,0.0046270819448344,0.021177640033301,0.0047280311158675,1.3400252141764213e-05,1.2502512799983381e-06,0.0020000000949949,0.0,487343.0,3176.0,0.353,0.006000000000000005,0.161,0.008000000000000007,0.328,0.019000000000000017,0.0
abf_fr_oracle|tt=oracle|g=0.1|eta=0.1|bi=0.2|fe=5,abf_fr_oracle,oracle,0.1,0.1,0.2,5,5,0.0135793953755804,0.00033329097751370017,0.0701968062123552,0.002982346794869889,15.057309681708622,0.5578146827661516,37.8492673037691,3.2819453134380225,0.0265755643574233,0.003930099080990301,0.0257559518884355,0.0011552597402103015,1.1126256930538148e-05,3.753140845219615e-07,0.0010000000474974,0.0010000000474975,500660.0,56787.0,0.348,0.022999999999999965,0.161,0.02099999999999999,0.32,0.015000000000000013,0.0
abf_fr_oracle|tt=oracle|g=0.1|eta=0.1|bi=0.4|fe=5,abf_fr_oracle,oracle,0.1,0.1,0.4,5,5,0.0125915264855636,0.0007749469089872989,0.0681766483569295,0.006486908277004502,15.591968571820471,0.7058135885879899,38.92664568187119,2.4515840329290697,0.02539233355615,0.0015199358976372007,0.0243329510141728,0.0026455727557593983,1.0250419412235107e-05,6.658292553159598e-07,0.0010000000474974,0.0,492122.0,14343.0,0.352,0.01699999999999996,0.17,0.005999999999999978,0.323,0.02100000000000002,0.0
abf_fr_oracle|tt=oracle|g=0.1|eta=0.1|bi=0|fe=5,abf_fr_oracle,oracle,0.1,0.1,0.0,5,5,0.0115351943828485,0.00022920375087909922,0.0638663275978267,0.0035463145746226082,14.375002873286713,0.570232560223852,36.33299938627011,1.4429107340636804,0.0198317752981701,0.0008855164033906016,0.0196082126057346,0.0030409317024357,1.4900252267580072e-05,1.7997488384935443e-06,0.0020000000949949,0.0,489243.0,25151.0,0.344,0.003999999999999948,0.163,0.011999999999999983,0.327,0.0030000000000000027,0.0
abf_fr_uniform|tt=uniform|g=0.01|eta=0.075|bi=0.2|fe=5,abf_fr_uniform,uniform,0.01,0.075,0.2,5,5,0.0130859198095202,0.0014581573880354005,0.0722383285678289,0.003806076248743892,15.756214292046971,0.7567405963929801,41.21701646266754,0.7627797572878237,0.0332506414000243,0.003132728576808401,0.0332506414000243,0.003132728576808401,1.562500102636477e-06,5.000000271593306e-07,0.0010000000474974,0.0,521089.0,13360.0,0.355,0.0050000000000000044,0.171,0.0069999999999999785,0.311,0.013000000000000012,0.0
abf_fr_uniform|tt=uniform|g=0.01|eta=0.075|bi=0.4|fe=5,abf_fr_uniform,uniform,0.01,0.075,0.4,5,5,0.0126282059782907,0.0038272025623515005,0.0716255176140616,0.012071772826492702,15.905025071244651,0.38720264998041287,42.14781074435766,2.542975227088327,0.0319578333454351,0.004288275044468697,0.0319578333454351,0.004288275044468697,1.500000098531018e-06,3.3333335522911524e-07,0.0010000000474974,0.0,518529.0,14811.0,0.36,0.024999999999999967,0.173,0.005999999999999978,0.328,0.017000000000000015,0.0
abf_fr_uniform|tt=uniform|g=0.01|eta=0.075|bi=0|fe=5,abf_fr_uniform,uniform,0.01,0.075,0.0,5,5,0.015851854138294,0.002601417091124299,0.0810881547419626,0.008273399493660502,15.898337845907935,1.8801119603139593,41.01625341494856,4.9754415083083,0.0314988459435184,0.005906393773731804,0.0314988459435184,0.005906393773731804,1.6000001050997523e-06,5.000000282961991e-07,0.0010000000474974,0.0,490227.0,21647.0,0.35,0.014999999999999958,0.169,0.00799999999999998,0.323,0.01200000000000001,0.0
abf_fr_uniform|tt=uniform|g=0.01|eta=0.15|bi=0.2|fe=5,abf_fr_uniform,uniform,0.01,0.15,0.2,5,5,0.0137575801931174,0.002188461899792901,0.0788059984547849,0.012979395576547398,15.787572690401497,1.3504234545466094,39.78811568133153,2.6854987314709504,0.0178252579049229,0.009336951293908501,0.0178252579049229,0.009336951293908501,1.0000000656873453e-06,1.8750001231637723e-07,0.0010000000474974,0.0,494369.0,6600.0,0.334,0.045999999999999985,0.168,0.013999999999999985,0.319,0.03400000000000003,0.0
abf_fr_uniform|tt=uniform|g=0.01|eta=0.15|bi=0.4|fe=5,abf_fr_uniform,uniform,0.01,0.15,0.4,5,5,0.0122297077593906,0.0008702758252573002,0.0748867155024857,0.006347010745235804,15.490481692416331,1.4306328556441787,41.29860988159697,2.006480928114968,0.0171024250816418,0.004491309414613603,0.0171024250816418,0.004491309414613603,7.50000049265509e-07,5.000000328436728e-07,0.0010000000474974,0.0,510033.0,26750.0,0.341,0.009999999999999953,0.169,0.0020000000000000018,0.323,0.01200000000000001,0.0
abf_fr_uniform|tt=uniform|g=0.01|eta=0.15|bi=0|fe=5,abf_fr_uniform,uniform,0.01,0.15,0.0,5,5,0.0149904885622154,0.0024748754098423992,0.0721592351332743,0.004291617004374207,15.758412230885211,1.5811044485142354,41.006824671374055,3.789914158133321,0.0234908854892225,0.003373327086955702,0.0234908854892225,0.003373327086955702,1.4002513444211218e-06,2.49748763962998e-07,0.0010000000474974,0.0,488756.0,21374.0,0.329,0.009000000000000008,0.171,0.016999999999999987,0.33,0.017000000000000015,0.0
abf_fr_uniform|tt=uniform|g=0.01|eta=0.1|bi=0.2|fe=5,abf_fr_uniform,uniform,0.01,0.1,0.2,5,5,0.0136843340108792,0.0009784823874410993,0.0770579591388132,0.0031029551493512997,15.7791594184053,1.2369138867603056,39.13561789326144,5.195109962104652,0.0229004179124239,0.005401252968412998,0.0229004179124239,0.005401252968412998,1.3750000903200998e-06,1.8750001231637712e-07,0.0010000000474974,0.0,503643.0,46621.0,0.338,0.008999999999999952,0.168,0.007000000000000006,0.329,0.009000000000000008,0.0
abf_fr_uniform|tt=uniform|g=0.01|eta=0.1|bi=0.4|fe=5,abf_fr_uniform,uniform,0.01,0.1,0.4,5,5,0.0133700979436962,0.0018530276946295,0.0699740181384166,0.009574625553546393,15.386854078372703,1.2716598876291645,39.86715479312017,0.6032074084648471,0.0302274627848499,0.008223527546857599,0.0302274627848499,0.008223527546857599,1.2500000821091817e-06,2.504187780990227e-07,0.0010000000474974,0.0,498465.0,11647.0,0.345,0.013999999999999957,0.159,0.0040000000000000036,0.329,0.014000000000000012,0.0
abf_fr_uniform|tt=uniform|g=0.01|eta=0.1|bi=0|fe=5,abf_fr_uniform,uniform,0.01,0.1,0.0,5,5,0.0124428100369284,0.0004983338870225996,0.0640032257830025,0.01128078156419339,15.018559212157191,1.0484963640070344,36.99672050896188,5.667061200443349,0.023667881051953,0.004805669345273999,0.023667881051953,0.004805669345273999,1.5002513509898562e-06,5.025126029067924e-08,0.0010000000474974,0.0,493450.0,16940.0,0.337,0.023999999999999966,0.171,0.009999999999999981,0.333,0.02300000000000002,0.0
abf_fr_uniform|tt=uniform|g=0.02|eta=0.075|bi=0.2|fe=5,abf_fr_uniform,uniform,0.02,0.075,0.2,5,5,0.0149872960602496,0.0009987749778047998,0.0787056282416613,0.0075899520170115975,17.284815273084014,1.3453693745122859,40.140090885626,1.4587276360390007,0.0355233116066257,0.002744148069158403,0.0355233116066257,0.002744148069158403,2.875000177482434e-06,1.253140737844656e-07,0.0010000000474974,0.0,478664.0,12557.0,0.347,0.01699999999999996,0.161,0.01100000000000001,0.325,0.015000000000000013,0.0
abf_fr_uniform|tt=uniform|g=0.02|eta=0.075|bi=0.4|fe=5,abf_fr_uniform,uniform,0.02,0.075,0.4,5,5,0.0159364033763199,0.0046141110353469985,0.0773645033144827,0.015608619929035492,16.87425089647993,0.9327913800375107,45.35281252979798,3.61038767084397,0.0288261491879508,0.007646135877421398,0.0288261491879508,0.007646135877421398,2.500000164218364e-06,7.50418803363573e-07,0.0010000000474974,0.0,508158.0,11130.0,0.332,0.01200000000000001,0.173,0.00799999999999998,0.335,0.015000000000000013,0.0
abf_fr_uniform|tt=uniform|g=0.02|eta=0.075|bi=0|fe=5,abf_fr_uniform,uniform,0.02,0.075,0.0,5,5,0.0119994818496955,0.0009265875634325016,0.075285254995606,0.0054920314098087925,15.66534359049766,2.747707376207403,41.514624721231854,3.8403358184246486,0.0286805396694652,0.0063032782945119,0.0286805396694652,0.0063032782945119,3.6502514922176487e-06,4.0025126509135625e-07,0.0010000000474974,0.0,493320.0,12653.0,0.338,0.01100000000000001,0.168,0.006000000000000005,0.331,0.0040000000000000036,0.0
abf_fr_uniform|tt=uniform|g=0.02|eta=0.15|bi=0.2|fe=5,abf_fr_uniform,uniform,0.02,0.15,0.2,5,5,0.0143471891322607,0.0014468289830846005,0.0725703528229264,0.012207817061700196,15.582608886082024,0.47495478129598645,40.87300755433647,4.686703943262103,0.0193191275480212,0.004671300551333701,0.0193191275480212,0.004671300551333701,2.2503142133700747e-06,3.1250001484295345e-07,0.0010000000474974,0.0,499897.0,10882.0,0.347,0.022999999999999965,0.171,0.015999999999999986,0.323,0.020000000000000018,0.0
abf_fr_uniform|tt=uniform|g=0.02|eta=0.15|bi=0.4|fe=5,abf_fr_uniform,uniform,0.02,0.15,0.4,5,5,0.0160259202875962,0.0023055958727871,0.0766455365914161,0.014895371469208593,15.707518535490127,0.4838962778870268,41.16407799644215,5.081401073159427,0.0238885056251909,0.0040355581708819005,0.0238885056251909,0.0040355581708819005,2.1666668089892483e-06,6.670854721354166e-07,0.0010000000474974,0.0,505088.0,13856.0,0.359,0.014000000000000012,0.16,0.009000000000000008,0.313,0.006000000000000005,0.0
abf_fr_uniform|tt=uniform|g=0.02|eta=0.15|bi=0|fe=5,abf_fr_uniform,uniform,0.02,0.15,0.0,5,5,0.0151184079776833,0.001390425592022201,0.0828628995419089,0.006463341669670997,17.037471304813437,1.4946799137498168,43.6289172865034,1.9572547844451336,0.0213410957377579,0.0050894744509627984,0.0213410957377579,0.0050894744509627984,2.950000189230195e-06,5.500000270330928e-07,0.0010000000474974,0.0,499221.0,18543.0,0.345,0.00599999999999995,0.173,0.017999999999999988,0.334,0.016000000000000014,0.0
abf_fr_uniform|tt=uniform|g=0.02|eta=0.1|bi=0.2|fe=5,abf_fr_uniform,uniform,0.02,0.1,0.2,5,5,0.014325628488896,0.0019020229012938015,0.0816094938503464,0.0101311115633312,16.06000997449944,2.2105352276926364,42.99597327539042,3.564260516011238,0.0254539265493373,0.0051919351905136,0.0254539265493373,0.0051919351905136,2.312500146217644e-06,5.62814091153996e-07,0.0010000000474974,0.0,507002.0,41263.0,0.335,0.008000000000000007,0.171,0.002999999999999975,0.333,0.0020000000000000018,0.0
abf_fr_uniform|tt=uniform|g=0.02|eta=0.1|bi=0.4|fe=5,abf_fr_uniform,uniform,0.02,0.1,0.4,5,5,0.0123918638857682,0.0027357798769263014,0.0739716473903388,0.007117192832468089,15.804776119965608,1.5484662429936105,42.88802540088364,1.2873267923842633,0.0237749957468203,0.0032529174460649984,0.0237749957468203,0.0032529174460649984,2.1670855706664344e-06,5.833333640718289e-07,0.0010000000474974,0.0,509012.0,35997.0,0.352,0.01699999999999996,0.168,0.0069999999999999785,0.319,0.008000000000000007,0.0
abf_fr_uniform|tt=uniform|g=0.02|eta=0.1|bi=0|fe=5,abf_fr_uniform,uniform,0.02,0.1,0.0,5,5,0.0121292826446774,0.0018257868092804008,0.070968635621454,0.008838631830097102,14.83166840910078,1.8855889786205484,37.6359897029144,3.0284830643087517,0.0243254694197883,0.0097580436850058,0.0243254694197883,0.0097580436850058,2.950000180135248e-06,7.500000492655081e-07,0.0010000000474974,0.0010000000474975,484053.0,25836.0,0.347,0.007999999999999952,0.167,0.015999999999999986,0.316,0.008000000000000007,0.0
abf_fr_uniform|tt=uniform|g=0.05|eta=0.075|bi=0.2|fe=5,abf_fr_uniform,uniform,0.05,0.075,0.2,5,5,0.0141081287064804,0.002501296726289799,0.0766400094007117,0.014239518976029597,15.042059012003236,1.367052289945299,36.95886140254656,2.2669872260013477,0.0327224577485606,0.009048839626901697,0.0327224577485606,0.009048839626901697,6.688128536325166e-06,1.8781406652124133e-07,0.0010000000474974,0.0010000000474975,473722.0,1772.0,0.316,0.031000000000000028,0.171,0.0069999999999999785,0.341,0.022999999999999965,0.0
abf_fr_uniform|tt=uniform|g=0.05|eta=0.075|bi=0.4|fe=5,abf_fr_uniform,uniform,0.05,0.075,0.4,5,5,0.0151734026493963,0.001545031360551001,0.0835525857414209,0.007793483487834901,15.1167036895909,1.1643630590943967,42.57697957735549,4.837998277495565,0.0307450087597986,0.0017878509371209994,0.0307450087597986,0.0017878509371208988,5.916667002262936e-06,4.162479475174523e-07,0.0010000000474974,0.0,505954.0,33091.0,0.328,0.017000000000000015,0.172,0.021999999999999992,0.333,0.024999999999999967,0.0
abf_fr_uniform|tt=uniform|g=0.05|eta=0.075|bi=0|fe=5,abf_fr_uniform,uniform,0.05,0.075,0.0,5,5,0.0130185748204894,0.0028705581140079997,0.0749506453678064,0.010579717581346404,15.604386907728108,0.3294456542875466,40.38700746107937,3.241352024135324,0.0283394709677261,0.006880214384394397,0.0283394709677261,0.006880214384394397,8.600503069828847e-06,1.1997488172710294e-06,0.0010000000474974,0.0010000000474975,496586.0,21525.0,0.33,0.0050000000000000044,0.166,0.0050000000000000044,0.336,0.0050000000000000044,0.0
abf_fr_uniform|tt=uniform|g=0.05|eta=0.15|bi=0.2|fe=5,abf_fr_uniform,uniform,0.05,0.15,0.2,5,5,0.0124659709401209,0.000497483505419,0.0769331091754065,0.0038273595012186107,14.46256526891927,1.678687023074314,40.17385219013305,3.224431791533547,0.0172927636421777,0.0058290605124422,0.0172927636421777,0.0058290605124422,5.250314387694743e-06,6.878140823118882e-07,0.0010000000474974,0.0,490762.0,14938.0,0.335,0.023999999999999966,0.173,0.009999999999999981,0.332,0.007000000000000006,0.0
abf_fr_uniform|tt=uniform|g=0.05|eta=0.15|bi=0.4|fe=5,abf_fr_uniform,uniform,0.05,0.15,0.4,5,5,0.0145454652761339,0.002890258305886701,0.0740122371009842,0.004680316551793309,14.964570816276732,0.42490965242894774,39.93392988422834,2.0389858564855103,0.0229684421763924,0.004010071575402202,0.0229684421763924,0.004010071575402202,4.584589866378034e-06,5.833333868091966e-07,0.0010000000474974,0.0,498679.0,10483.0,0.346,0.016000000000000014,0.16,0.017000000000000015,0.325,0.013000000000000012,0.0
abf_fr_uniform|tt=uniform|g=0.05|eta=0.15|bi=0|fe=5,abf_fr_uniform,uniform,0.05,0.15,0.0,5,5,0.0123901430317224,0.0010486977698157991,0.0746256570850669,0.004427936730690099,15.044132756065672,1.63584570715431,38.749027891586486,3.4532581068715373,0.018002779460892,0.0084901785333672,0.018002779460892,0.0084901785333672,6.850000413578528e-06,9.50000035118137e-07,0.0010000000474974,0.0010000000474975,488411.0,16386.0,0.336,0.006000000000000005,0.161,0.012999999999999984,0.332,0.0050000000000000044,0.0
abf_fr_uniform|tt=uniform|g=0.05|eta=0.1|bi=0.2|fe=5,abf_fr_uniform,uniform,0.05,0.1,0.2,5,5,0.0137568375924629,0.0005132621853391004,0.0746246590544525,0.009041534562729006,15.166519813506657,0.6431938409186753,42.30445476779335,2.4294947460817795,0.0268241018567049,0.002836132770828701,0.0268241018567049,0.002836132770828701,5.500628486743153e-06,5.628141025226799e-07,0.0010000000474974,0.0,514539.0,37567.0,0.336,0.021999999999999964,0.171,0.00799999999999998,0.32,0.0040000000000000036,0.0
abf_fr_uniform|tt=uniform|g=0.05|eta=0.1|bi=0.4|fe=5,abf_fr_uniform,uniform,0.05,0.1,0.4,5,5,0.0134642625395845,0.0009101434479534994,0.0782839644943161,0.004948865364395205,17.001969839396452,2.3239711443529494,42.24647700995046,2.3161183449677054,0.0271400927934618,0.0025279205912517,0.0271400927934618,0.0025279205912517,5.417085746254694e-06,1.1666667205645354e-06,0.0010000000474974,0.0,494796.0,19226.0,0.324,0.0030000000000000027,0.174,0.006000000000000005,0.331,0.03500000000000003,0.0
abf_fr_uniform|tt=uniform|g=0.05|eta=0.1|bi=0|fe=5,abf_fr_uniform,uniform,0.05,0.1,0.0,5,5,0.0118011113378734,0.002616090639103001,0.0680301069935279,0.013738773174812896,14.97090992512817,1.1768544164116594,38.16409102153488,1.7327797029151029,0.024057689605828,0.0024307999424919985,0.024057689605828,0.0024307999424919985,7.250000421663571e-06,9.000000818559781e-07,0.0010000000474974,0.0,479310.0,6177.0,0.33,0.017000000000000015,0.17,0.0050000000000000044,0.337,0.007000000000000006,0.0
abf_fr_uniform|tt=uniform|g=0.1|eta=0.075|bi=0.2|fe=5,abf_fr_uniform,uniform,0.1,0.075,0.2,5,5,0.0135663838366574,0.0020508886091540994,0.077723494631992,0.0066870444251515004,15.46174052913783,0.7643500414034925,39.247237652161736,2.1358812720744282,0.0248761058602315,0.0016542270589929992,0.0248761058602315,0.0016542270589929992,1.2375942958442463e-05,8.125000135805735e-07,0.0020000000949949,0.0010000000474975,469110.0,19544.0,0.331,0.01200000000000001,0.163,0.0050000000000000044,0.334,0.015000000000000013,0.0
abf_fr_uniform|tt=uniform|g=0.1|eta=0.075|bi=0.4|fe=5,abf_fr_uniform,uniform,0.1,0.075,0.4,5,5,0.0133390556784953,0.004148605033625699,0.0761512020209737,0.0049788677736738035,16.493482196567992,0.6583210329676774,40.46382130801729,1.3531977984117276,0.0316299236246367,0.0034904632848570018,0.0316299236246367,0.0034904632848570018,1.1417504909635077e-05,6.679230106480347e-07,0.0020000000949949,0.0010000000474975,476980.0,31008.0,0.338,0.012999999999999956,0.174,0.009999999999999981,0.332,0.014000000000000012,0.0
abf_fr_uniform|tt=uniform|g=0.1|eta=0.075|bi=0|fe=5,abf_fr_uniform,uniform,0.1,0.075,0.0,5,5,0.0133382797353947,0.0079128030133036,0.0822176311959124,0.025430230271285797,15.835023654615126,0.8049053902761223,42.48693362451377,3.7245694395462365,0.0275076825126435,0.007635865589840002,0.0275076825126435,0.007635865589840002,1.6350754817722192e-05,5.502514022737138e-07,0.0020000000949949,0.0,488925.0,21042.0,0.334,0.0050000000000000044,0.169,0.012999999999999984,0.328,0.026000000000000023,0.0
abf_fr_uniform|tt=uniform|g=0.1|eta=0.15|bi=0.2|fe=5,abf_fr_uniform,uniform,0.1,0.15,0.2,5,5,0.0141263314479112,0.002541867982256401,0.0822019991185187,0.006157408099644199,15.784817507986372,0.8275343716858803,41.07796981550502,2.73360190154078,0.023036496858398,0.0022578937843222985,0.023036496858398,0.0022578937843222985,1.00631287637043e-05,7.503140693643211e-07,0.0020000000949949,0.0010000000474975,480694.0,15905.0,0.333,0.01899999999999996,0.163,0.01100000000000001,0.327,0.018000000000000016,0.0
abf_fr_uniform|tt=uniform|g=0.1|eta=0.15|bi=0.4|fe=5,abf_fr_uniform,uniform,0.1,0.15,0.4,5,5,0.0148267291242522,0.0026474986652290002,0.0816140213183254,0.0021038035992743953,15.322116908954342,1.6555238757399522,41.84954755178448,0.45538916382937344,0.0158563011607274,0.004590848451953299,0.0158563011607274,0.004590848451953299,8.000419256859459e-06,3.3458962510242926e-07,0.0020000000949949,0.0010000000474975,497334.0,38074.0,0.33,0.008000000000000007,0.177,0.017999999999999988,0.332,0.01100000000000001,0.0
abf_fr_uniform|tt=uniform|g=0.1|eta=0.15|bi=0|fe=5,abf_fr_uniform,uniform,0.1,0.15,0.0,5,5,0.0137633368539476,0.0032323495653738005,0.0811159473277683,0.015230269026042506,15.78670148273772,2.3799723978032734,40.593425789335065,5.592531238370036,0.0211181888551968,0.004248888075732898,0.0211181888551968,0.004248888075732898,1.3250503375275002e-05,3.0075364975346e-07,0.0020000000949949,0.0,495443.0,19738.0,0.316,0.01200000000000001,0.169,0.0069999999999999785,0.341,0.013999999999999957,0.0
abf_fr_uniform|tt=uniform|g=0.1|eta=0.1|bi=0.2|fe=5,abf_fr_uniform,uniform,0.1,0.1,0.2,5,5,0.0145540986104395,0.0017127769523561012,0.0805747953974224,0.009567068462079997,15.128912049716456,1.083856641568163,39.47922087700061,0.9094696585248911,0.0272145283424076,0.005606463145740401,0.0272145283424076,0.005606463145740401,1.1313756937170183e-05,4.3907054987357595e-07,0.0020000000949949,0.0,473107.0,25082.0,0.321,0.006000000000000005,0.174,0.003999999999999976,0.321,0.006000000000000005,0.0
abf_fr_uniform|tt=uniform|g=0.1|eta=0.1|bi=0.4|fe=5,abf_fr_uniform,uniform,0.1,0.1,0.4,5,5,0.0133690186208728,0.0029651655504515997,0.0748254314615467,0.006518215855708498,15.505749494281693,0.55684339580651,38.77528246454865,3.3923942915559238,0.02322518271034,0.00041342154678570067,0.02322518271034,0.00041342154678570067,9.58500890343809e-06,8.207709925045458e-08,0.0010000000474974,0.0010000000474975,485081.0,30438.0,0.346,0.019999999999999962,0.162,0.009000000000000008,0.321,0.007000000000000006,0.0
abf_fr_uniform|tt=uniform|g=0.1|eta=0.1|bi=0|fe=5,abf_fr_uniform,uniform,0.1,0.1,0.0,5,5,0.013162808776272,0.0011320096650908,0.0783927528318842,0.007245068767971902,15.32936936337718,0.45031078251631307,38.552605182191954,2.4880788887481913,0.0266785426335033,0.0058304594983442995,0.0266785426335033,0.0058304594983442995,1.40502521480812e-05,1.1500000528030776e-06,0.0020000000949949,0.0010000000474975,480281.0,14563.0,0.333,0.016000000000000014,0.169,0.00799999999999998,0.33,0.01200000000000001,0.0
abf_only|tt=none|g=0|eta=0.075|bi=0|fe=1,abf_only,none,0.0,0.075,0.0,1,5,0.013688331632008,0.0012305605619876009,0.0717832788274096,0.005418316412429,15.91035585335706,1.587404590585754,38.998883740930495,3.590563609469122,0.0293346037974214,0.0018835380495807012,0.0293357953212153,0.001881441186635701,0.0,0.0,0.0,0.0,486431.0,25012.0,0.332,0.007000000000000006,0.168,0.00899999999999998,0.322,0.0030000000000000027,0.0
