stage,method,physics_tag,beta,h,M,seed,n_steps,t,l2_f,l2_fp,repl_cumulative,frac_compact,frac_transition,frac_stretched,ancestor_ess,max_ancestor_frac
smoke,abf,b1_h1_w2_n7_a1.5,1.0,1.0,49,0,2000,0.0,0.6579761210970665,4.0824454799724,0.0,1.0,0.0,0.0,nan,nan
smoke,abf,b1_h1_w2_n7_a1.5,1.0,1.0,49,0,2000,0.4,3.294117542907629,10.621391571798798,0.0,0.875,0.125,0.0,nan,nan
smoke,abf,b1_h1_w2_n7_a1.5,1.0,1.0,49,0,2000,0.8,2.639147420425674,10.261225625085652,0.0,0.7291666666666666,0.22916666666666666,0.041666666666666664,nan,nan
smoke,abf,b1_h1_w2_n7_a1.5,1.0,1.0,49,0,2000,1.2,2.239147215082472,6.655696147805294,0.0,0.5833333333333334,0.28125,0.13541666666666666,nan,nan
smoke,abf,b1_h1_w2_n7_a1.5,1.0,1.0,49,0,2000,1.6,2.107175448023153,6.123197872031751,0.0,0.5,0.34375,0.15625,nan,nan
smoke,abf,b1_h1_w2_n7_a1.5,1.0,1.0,49,0,2000,2.0,1.9385362763640532,5.638981184518185,0.0,0.4166666666666667,0.28125,0.3020833333333333,nan,nan
smoke,abf,b1_h1_w2_n7_a1.5,1.0,1.0,49,0,2000,2.4,1.7029240539690564,4.773447315957119,0.0,0.2708333333333333,0.3645833333333333,0.3645833333333333,nan,nan
smoke,abf,b1_h1_w2_n7_a1.5,1.0,1.0,49,0,2000,2.8000000000000003,1.5178293897141704,4.249463767494196,0.0,0.2604166666666667,0.3125,0.4270833333333333,nan,nan
smoke,abf,b1_h1_w2_n7_a1.5,1.0,1.0,49,0,2000,3.2,1.3754777136814944,3.8183594472083455,0.0,0.19791666666666666,0.3020833333333333,0.5,nan,nan
smoke,abf,b1_h1_w2_n7_a1.5,1.0,1.0,49,0,2000,3.6,1.1786534978070575,3.3116232564742045,0.0,0.1875,0.1875,0.625,nan,nan
smoke,abf,b1_h1_w2_n7_a1.5,1.0,1.0,49,0,2000,4.0,1.085993146769453,3.1053364122485454,0.0,0.125,0.2708333333333333,0.6041666666666666,nan,nan
smoke,abf,b1_h1_w2_n7_a1.5,1.0,1.0,49,1,2000,0.0,0.6579761139095827,4.082445301922642,0.0,1.0,0.0,0.0,nan,nan
smoke,abf,b1_h1_w2_n7_a1.5,1.0,1.0,49,1,2000,0.4,2.70777968803207,8.250126178868495,0.0,0.8645833333333334,0.125,0.010416666666666666,nan,nan
smoke,abf,b1_h1_w2_n7_a1.5,1.0,1.0,49,1,2000,0.8,2.8224803091235855,10.653884850349634,0.0,0.5833333333333334,0.3645833333333333,0.052083333333333336,nan,nan
smoke,abf,b1_h1_w2_n7_a1.5,1.0,1.0,49,1,2000,1.2,2.7082566574527056,8.54009822917865,0.0,0.46875,0.3229166666666667,0.20833333333333334,nan,nan
smoke,abf,b1_h1_w2_n7_a1.5,1.0,1.0,49,1,2000,1.6,2.109427378831926,6.233335946405434,0.0,0.375,0.2604166666666667,0.3645833333333333,nan,nan
smoke,abf,b1_h1_w2_n7_a1.5,1.0,1.0,49,1,2000,2.0,1.7102165667350633,4.812339674802308,0.0,0.3125,0.23958333333333334,0.4479166666666667,nan,nan
smoke,abf,b1_h1_w2_n7_a1.5,1.0,1.0,49,1,2000,2.4,1.5057211835664004,4.188352746888927,0.0,0.2708333333333333,0.2708333333333333,0.4583333333333333,nan,nan
smoke,abf,b1_h1_w2_n7_a1.5,1.0,1.0,49,1,2000,2.8000000000000003,1.2658918223704956,3.5078039660164184,0.0,0.2708333333333333,0.3020833333333333,0.4270833333333333,nan,nan
smoke,abf,b1_h1_w2_n7_a1.5,1.0,1.0,49,1,2000,3.2,1.152694703878311,3.1986130427991823,0.0,0.19791666666666666,0.25,0.5520833333333334,nan,nan
smoke,abf,b1_h1_w2_n7_a1.5,1.0,1.0,49,1,2000,3.6,1.0019758715743712,2.823873365711898,0.0,0.1875,0.21875,0.59375,nan,nan
smoke,abf,b1_h1_w2_n7_a1.5,1.0,1.0,49,1,2000,4.0,0.9857727952963334,2.766917332787311,0.0,0.17708333333333334,0.2708333333333333,0.5520833333333334,nan,nan
smoke,abf,b1_h4_w2_n7_a1.5,1.0,4.0,49,0,2000,0.0,1.492959046570984,8.833711234071904,0.0,1.0,0.0,0.0,nan,nan
smoke,abf,b1_h4_w2_n7_a1.5,1.0,4.0,49,0,2000,0.4,5.705950977122979,20.51460100003092,0.0,0.9583333333333334,0.03125,0.010416666666666666,nan,nan
smoke,abf,b1_h4_w2_n7_a1.5,1.0,4.0,49,0,2000,0.8,4.21342644011759,50.53686901532115,0.0,0.7291666666666666,0.25,0.020833333333333332,nan,nan
smoke,abf,b1_h4_w2_n7_a1.5,1.0,4.0,49,0,2000,1.2,2.810220987268117,9.319142710812855,0.0,0.6145833333333334,0.2708333333333333,0.11458333333333333,nan,nan
smoke,abf,b1_h4_w2_n7_a1.5,1.0,4.0,49,0,2000,1.6,2.3929289315333495,6.649078140750723,0.0,0.5416666666666666,0.25,0.20833333333333334,nan,nan
smoke,abf,b1_h4_w2_n7_a1.5,1.0,4.0,49,0,2000,2.0,2.0218153071433065,5.625726978379797,0.0,0.40625,0.3020833333333333,0.2916666666666667,nan,nan
smoke,abf,b1_h4_w2_n7_a1.5,1.0,4.0,49,0,2000,2.4,1.7688404354838847,5.065447320427208,0.0,0.3958333333333333,0.2708333333333333,0.3333333333333333,nan,nan
smoke,abf,b1_h4_w2_n7_a1.5,1.0,4.0,49,0,2000,2.8000000000000003,1.5716241738330545,4.571576631547434,0.0,0.2708333333333333,0.3229166666666667,0.40625,nan,nan
smoke,abf,b1_h4_w2_n7_a1.5,1.0,4.0,49,0,2000,3.2,1.4956725803787432,4.333914714087505,0.0,0.25,0.34375,0.40625,nan,nan
smoke,abf,b1_h4_w2_n7_a1.5,1.0,4.0,49,0,2000,3.6,1.3561898118840918,3.9642285663949286,0.0,0.19791666666666666,0.3541666666666667,0.4479166666666667,nan,nan
smoke,abf,b1_h4_w2_n7_a1.5,1.0,4.0,49,0,2000,4.0,1.2660993677653385,3.7446190565838404,0.0,0.20833333333333334,0.3229166666666667,0.46875,nan,nan
smoke,abf,b1_h4_w2_n7_a1.5,1.0,4.0,49,1,2000,0.0,1.4929589744133196,8.833710889298077,0.0,1.0,0.0,0.0,nan,nan
smoke,abf,b1_h4_w2_n7_a1.5,1.0,4.0,49,1,2000,0.4,3.9488329805882705,11.227040812003525,0.0,0.9166666666666666,0.08333333333333333,0.0,nan,nan
smoke,abf,b1_h4_w2_n7_a1.5,1.0,4.0,49,1,2000,0.8,3.30252623694114,9.916003002750783,0.0,0.6770833333333334,0.28125,0.041666666666666664,nan,nan
smoke,abf,b1_h4_w2_n7_a1.5,1.0,4.0,49,1,2000,1.2,2.657380462270814,7.494801999285193,0.0,0.4166666666666667,0.4270833333333333,0.15625,nan,nan
smoke,abf,b1_h4_w2_n7_a1.5,1.0,4.0,49,1,2000,1.6,2.3320045088668357,6.494502281214176,0.0,0.40625,0.3229166666666667,0.2708333333333333,nan,nan
smoke,abf,b1_h4_w2_n7_a1.5,1.0,4.0,49,1,2000,2.0,2.104608998054842,5.7570669039816265,0.0,0.34375,0.28125,0.375,nan,nan
smoke,abf,b1_h4_w2_n7_a1.5,1.0,4.0,49,1,2000,2.4,1.8540398832100031,5.08226910072607,0.0,0.3020833333333333,0.2708333333333333,0.4270833333333333,nan,nan
smoke,abf,b1_h4_w2_n7_a1.5,1.0,4.0,49,1,2000,2.8000000000000003,1.6233366645972582,4.499416541022771,0.0,0.2604166666666667,0.2708333333333333,0.46875,nan,nan
smoke,abf,b1_h4_w2_n7_a1.5,1.0,4.0,49,1,2000,3.2,1.5061906970550876,4.215889460463105,0.0,0.22916666666666666,0.2708333333333333,0.5,nan,nan
smoke,abf,b1_h4_w2_n7_a1.5,1.0,4.0,49,1,2000,3.6,1.3715399214941673,3.9619949175574627,0.0,0.20833333333333334,0.2604166666666667,0.53125,nan,nan
smoke,abf,b1_h4_w2_n7_a1.5,1.0,4.0,49,1,2000,4.0,1.2867616023603927,3.7931998393434143,0.0,0.19791666666666666,0.23958333333333334,0.5625,nan,nan
smoke,abf,b4_h1_w2_n7_a1.5,4.0,1.0,49,0,2000,0.0,0.3543396435936745,2.1384304588239007,0.0,1.0,0.0,0.0,nan,nan
smoke,abf,b4_h1_w2_n7_a1.5,4.0,1.0,49,0,2000,0.4,0.46794680235148095,1.5836765414006293,0.0,0.9791666666666666,0.020833333333333332,0.0,nan,nan
smoke,abf,b4_h1_w2_n7_a1.5,4.0,1.0,49,0,2000,0.8,0.4112194928634878,1.7192846562801618,0.0,0.9583333333333334,0.041666666666666664,0.0,nan,nan
smoke,abf,b4_h1_w2_n7_a1.5,4.0,1.0,49,0,2000,1.2,2.9674738016892435,17.80001660734685,0.0,0.8541666666666666,0.13541666666666666,0.010416666666666666,nan,nan
smoke,abf,b4_h1_w2_n7_a1.5,4.0,1.0,49,0,2000,1.6,2.8182609075777525,17.772239491734595,0.0,0.8125,0.1875,0.0,nan,nan
smoke,abf,b4_h1_w2_n7_a1.5,4.0,1.0,49,0,2000,2.0,2.8208800560502336,17.767898229576478,0.0,0.7291666666666666,0.2708333333333333,0.0,nan,nan
smoke,abf,b4_h1_w2_n7_a1.5,4.0,1.0,49,0,2000,2.4,0.8355854188414786,3.874861691697857,0.0,0.75,0.23958333333333334,0.010416666666666666,nan,nan
smoke,abf,b4_h1_w2_n7_a1.5,4.0,1.0,49,0,2000,2.8000000000000003,0.5606129544131321,1.981534130002479,0.0,0.6979166666666666,0.28125,0.020833333333333332,nan,nan
smoke,abf,b4_h1_w2_n7_a1.5,4.0,1.0,49,0,2000,3.2,0.5444053998567254,1.98135484436516,0.0,0.6666666666666666,0.3020833333333333,0.03125,nan,nan
smoke,abf,b4_h1_w2_n7_a1.5,4.0,1.0,49,0,2000,3.6,0.5608271687325526,2.105932018873776,0.0,0.6354166666666666,0.3125,0.052083333333333336,nan,nan
smoke,abf,b4_h1_w2_n7_a1.5,4.0,1.0,49,0,2000,4.0,0.4762823638450211,1.458651890561584,0.0,0.6145833333333334,0.2708333333333333,0.11458333333333333,nan,nan
smoke,abf,b4_h1_w2_n7_a1.5,4.0,1.0,49,1,2000,0.0,0.35433961937216096,2.1384303812825767,0.0,1.0,0.0,0.0,nan,nan
smoke,abf,b4_h1_w2_n7_a1.5,4.0,1.0,49,1,2000,0.4,0.43964116745002885,1.5659229556708865,0.0,0.9895833333333334,0.010416666666666666,0.0,nan,nan
smoke,abf,b4_h1_w2_n7_a1.5,4.0,1.0,49,1,2000,0.8,0.548228322511013,1.7664665194159666,0.0,0.9270833333333334,0.07291666666666667,0.0,nan,nan
smoke,abf,b4_h1_w2_n7_a1.5,4.0,1.0,49,1,2000,1.2,0.7673632007701303,2.2732834308278043,0.0,0.78125,0.21875,0.0,nan,nan
smoke,abf,b4_h1_w2_n7_a1.5,4.0,1.0,49,1,2000,1.6,0.6090739294256664,1.8104436801088517,0.0,0.75,0.25,0.0,nan,nan
smoke,abf,b4_h1_w2_n7_a1.5,4.0,1.0,49,1,2000,2.0,0.7554070014363907,5.816750357548788,0.0,0.7083333333333334,0.2708333333333333,0.020833333333333332,nan,nan
smoke,abf,b4_h1_w2_n7_a1.5,4.0,1.0,49,1,2000,2.4,0.6026690571479124,1.859668089281125,0.0,0.7083333333333334,0.2708333333333333,0.020833333333333332,nan,nan
smoke,abf,b4_h1_w2_n7_a1.5,4.0,1.0,49,1,2000,2.8000000000000003,0.531704244825161,1.8603131046328258,0.0,0.7083333333333334,0.23958333333333334,0.052083333333333336,nan,nan
smoke,abf,b4_h1_w2_n7_a1.5,4.0,1.0,49,1,2000,3.2,0.4322757663324365,1.3504900373137831,0.0,0.6770833333333334,0.25,0.07291666666666667,nan,nan
smoke,abf,b4_h1_w2_n7_a1.5,4.0,1.0,49,1,2000,3.6,0.4418836655935533,1.3178047011758427,0.0,0.625,0.3125,0.0625,nan,nan
smoke,abf,b4_h1_w2_n7_a1.5,4.0,1.0,49,1,2000,4.0,0.38228159620584523,1.1103470238625044,0.0,0.625,0.2708333333333333,0.10416666666666667,nan,nan
smoke,abf,b4_h4_w2_n7_a1.5,4.0,4.0,49,0,2000,0.0,1.2649653716887648,8.264097710374513,0.0,1.0,0.0,0.0,nan,nan
smoke,abf,b4_h4_w2_n7_a1.5,4.0,4.0,49,0,2000,0.4,1.5966869622378412,6.204114164830032,0.0,0.9895833333333334,0.010416666666666666,0.0,nan,nan
smoke,abf,b4_h4_w2_n7_a1.5,4.0,4.0,49,0,2000,0.8,1.7482249093248903,6.328492070842802,0.0,0.96875,0.03125,0.0,nan,nan
smoke,abf,b4_h4_w2_n7_a1.5,4.0,4.0,49,0,2000,1.2,1.9094051145715063,7.889448290558661,0.0,0.8958333333333334,0.10416666666666667,0.0,nan,nan
smoke,abf,b4_h4_w2_n7_a1.5,4.0,4.0,49,0,2000,1.6,1.8679619574505735,7.959843573125946,0.0,0.8645833333333334,0.13541666666666666,0.0,nan,nan
smoke,abf,b4_h4_w2_n7_a1.5,4.0,4.0,49,0,2000,2.0,1.8780652804458227,7.886259726359752,0.0,0.7395833333333334,0.2604166666666667,0.0,nan,nan
smoke,abf,b4_h4_w2_n7_a1.5,4.0,4.0,49,0,2000,2.4,1.0615858006342418,3.666385501332738,0.0,0.6875,0.2916666666666667,0.020833333333333332,nan,nan
smoke,abf,b4_h4_w2_n7_a1.5,4.0,4.0,49,0,2000,2.8000000000000003,0.6484427372541118,2.6690571744409888,0.0,0.6666666666666666,0.2916666666666667,0.041666666666666664,nan,nan
smoke,abf,b4_h4_w2_n7_a1.5,4.0,4.0,49,0,2000,3.2,0.5571850397110505,4.44891980062803,0.0,0.6354166666666666,0.3020833333333333,0.0625,nan,nan
smoke,abf,b4_h4_w2_n7_a1.5,4.0,4.0,49,0,2000,3.6,0.5347698301790381,1.6425667092420344,0.0,0.6041666666666666,0.3229166666666667,0.07291666666666667,nan,nan
smoke,abf,b4_h4_w2_n7_a1.5,4.0,4.0,49,0,2000,4.0,0.48608812797145445,1.6788058818860327,0.0,0.6041666666666666,0.2916666666666667,0.10416666666666667,nan,nan
smoke,abf,b4_h4_w2_n7_a1.5,4.0,4.0,49,1,2000,0.0,1.2649653194666513,8.264097593471988,0.0,1.0,0.0,0.0,nan,nan
smoke,abf,b4_h4_w2_n7_a1.5,4.0,4.0,49,1,2000,0.4,1.8627067702538058,7.554077225685124,0.0,1.0,0.0,0.0,nan,nan
smoke,abf,b4_h4_w2_n7_a1.5,4.0,4.0,49,1,2000,0.8,2.1133360787611672,7.064106967885396,0.0,0.9270833333333334,0.07291666666666667,0.0,nan,nan
smoke,abf,b4_h4_w2_n7_a1.5,4.0,4.0,49,1,2000,1.2,2.0447723396380764,7.956587916489761,0.0,0.8229166666666666,0.17708333333333334,0.0,nan,nan
smoke,abf,b4_h4_w2_n7_a1.5,4.0,4.0,49,1,2000,1.6,0.6245698272849537,3.9403570986085152,0.0,0.78125,0.20833333333333334,0.010416666666666666,nan,nan
smoke,abf,b4_h4_w2_n7_a1.5,4.0,4.0,49,1,2000,2.0,0.7101877494941676,3.8447743815276905,0.0,0.7916666666666666,0.17708333333333334,0.03125,nan,nan
smoke,abf,b4_h4_w2_n7_a1.5,4.0,4.0,49,1,2000,2.4,0.574471967611062,1.917562545104196,0.0,0.7083333333333334,0.25,0.041666666666666664,nan,nan
smoke,abf,b4_h4_w2_n7_a1.5,4.0,4.0,49,1,2000,2.8000000000000003,0.5132449819523329,2.115675398368472,0.0,0.6875,0.2708333333333333,0.041666666666666664,nan,nan
smoke,abf,b4_h4_w2_n7_a1.5,4.0,4.0,49,1,2000,3.2,0.44031395088336456,1.6693720333572033,0.0,0.6875,0.23958333333333334,0.07291666666666667,nan,nan
smoke,abf,b4_h4_w2_n7_a1.5,4.0,4.0,49,1,2000,3.6,0.43023243373953135,1.4450224795985032,0.0,0.65625,0.2916666666666667,0.052083333333333336,nan,nan
smoke,abf,b4_h4_w2_n7_a1.5,4.0,4.0,49,1,2000,4.0,0.38718769881330894,1.4322122569455258,0.0,0.6770833333333334,0.22916666666666666,0.09375,nan,nan
smoke,fr_estimated,b1_h1_w2_n7_a1.5,1.0,1.0,49,0,2000,0.0,0.6579761210970665,4.0824454799724,0.0,1.0,0.0,0.0,96.0,0.010416666666666666
smoke,fr_estimated,b1_h1_w2_n7_a1.5,1.0,1.0,49,0,2000,0.4,3.294117542907629,10.621391571798798,0.0,0.875,0.125,0.0,96.0,0.010416666666666666
smoke,fr_estimated,b1_h1_w2_n7_a1.5,1.0,1.0,49,0,2000,0.8,2.6391517594719702,10.261220962838348,0.0,0.7291666666666666,0.22916666666666666,0.041666666666666664,96.0,0.010416666666666666
smoke,fr_estimated,b1_h1_w2_n7_a1.5,1.0,1.0,49,0,2000,1.2,2.1820610684369535,6.059864102546637,0.0,0.6354166666666666,0.22916666666666666,0.13541666666666666,96.0,0.010416666666666666
smoke,fr_estimated,b1_h1_w2_n7_a1.5,1.0,1.0,49,0,2000,1.6,1.8176523127677717,5.156766217626792,3.0,0.46875,0.3541666666666667,0.17708333333333334,90.35294117647058,0.020833333333333332
smoke,fr_estimated,b1_h1_w2_n7_a1.5,1.0,1.0,49,0,2000,2.0,1.6525684350481529,4.554471765904128,3.0,0.3333333333333333,0.3541666666666667,0.3125,90.35294117647058,0.020833333333333332
smoke,fr_estimated,b1_h1_w2_n7_a1.5,1.0,1.0,49,0,2000,2.4,1.3207182925164382,3.6330039118933937,3.0,0.2916666666666667,0.23958333333333334,0.46875,90.35294117647058,0.020833333333333332
smoke,fr_estimated,b1_h1_w2_n7_a1.5,1.0,1.0,49,0,2000,2.8000000000000003,1.15457023109792,3.3236009523320873,6.0,0.25,0.2916666666666667,0.4583333333333333,85.33333333333333,0.020833333333333332
smoke,fr_estimated,b1_h1_w2_n7_a1.5,1.0,1.0,49,0,2000,3.2,1.0382444589552395,3.075876410652667,6.0,0.22916666666666666,0.3333333333333333,0.4375,85.33333333333333,0.020833333333333332
smoke,fr_estimated,b1_h1_w2_n7_a1.5,1.0,1.0,49,0,2000,3.6,0.9280846232347154,2.7833310652039778,6.0,0.16666666666666666,0.3541666666666667,0.4791666666666667,85.33333333333333,0.020833333333333332
smoke,fr_estimated,b1_h1_w2_n7_a1.5,1.0,1.0,49,0,2000,4.0,0.842258170518954,2.540829891337349,6.0,0.15625,0.3125,0.53125,85.33333333333333,0.020833333333333332
smoke,fr_estimated,b1_h1_w2_n7_a1.5,1.0,1.0,49,1,2000,0.0,0.6579761139095827,4.082445301922642,0.0,1.0,0.0,0.0,96.0,0.010416666666666666
smoke,fr_estimated,b1_h1_w2_n7_a1.5,1.0,1.0,49,1,2000,0.4,2.7077787640194217,8.250123801859367,0.0,0.8645833333333334,0.125,0.010416666666666666,96.0,0.010416666666666666
smoke,fr_estimated,b1_h1_w2_n7_a1.5,1.0,1.0,49,1,2000,0.8,2.8297210765726772,10.665341815995182,0.0,0.5833333333333334,0.3645833333333333,0.052083333333333336,96.0,0.010416666666666666
smoke,fr_estimated,b1_h1_w2_n7_a1.5,1.0,1.0,49,1,2000,1.2,2.659850696915871,8.936354522890113,0.0,0.4375,0.3854166666666667,0.17708333333333334,96.0,0.010416666666666666
smoke,fr_estimated,b1_h1_w2_n7_a1.5,1.0,1.0,49,1,2000,1.6,2.0574387289799603,6.2532044202604755,0.0,0.3854166666666667,0.28125,0.3333333333333333,96.0,0.010416666666666666
smoke,fr_estimated,b1_h1_w2_n7_a1.5,1.0,1.0,49,1,2000,2.0,1.685016890027806,4.8474203849435575,0.0,0.3125,0.2916666666666667,0.3958333333333333,96.0,0.010416666666666666
smoke,fr_estimated,b1_h1_w2_n7_a1.5,1.0,1.0,49,1,2000,2.4,1.5103414314694898,4.305687279009404,0.0,0.2708333333333333,0.3229166666666667,0.40625,96.0,0.010416666666666666
smoke,fr_estimated,b1_h1_w2_n7_a1.5,1.0,1.0,49,1,2000,2.8000000000000003,1.3213038624027256,3.7795215312191415,1.0,0.28125,0.21875,0.5,94.04081632653062,0.020833333333333332
smoke,fr_estimated,b1_h1_w2_n7_a1.5,1.0,1.0,49,1,2000,3.2,1.1936150865569646,3.5007179741284977,4.0,0.21875,0.3541666666666667,0.4270833333333333,86.94339622641509,0.03125
smoke,fr_estimated,b1_h1_w2_n7_a1.5,1.0,1.0,49,1,2000,3.6,1.0485302734785582,3.1243079131869416,5.0,0.20833333333333334,0.28125,0.5104166666666666,85.33333333333333,0.03125
smoke,fr_estimated,b1_h1_w2_n7_a1.5,1.0,1.0,49,1,2000,4.0,0.9757722605376966,2.9044328627140907,6.0,0.19791666666666666,0.23958333333333334,0.5625,83.78181818181818,0.03125
smoke,fr_estimated,b1_h4_w2_n7_a1.5,1.0,4.0,49,0,2000,0.0,1.492959046570984,8.833711234071904,0.0,1.0,0.0,0.0,96.0,0.010416666666666666
smoke,fr_estimated,b1_h4_w2_n7_a1.5,1.0,4.0,49,0,2000,0.4,5.705950977122979,20.51460100003092,0.0,0.9583333333333334,0.03125,0.010416666666666666,96.0,0.010416666666666666
smoke,fr_estimated,b1_h4_w2_n7_a1.5,1.0,4.0,49,0,2000,0.8,4.21342644011759,50.53686901532115,0.0,0.7291666666666666,0.25,0.020833333333333332,96.0,0.010416666666666666
smoke,fr_estimated,b1_h4_w2_n7_a1.5,1.0,4.0,49,0,2000,1.2,2.9633685794216573,9.557485613553627,0.0,0.6354166666666666,0.23958333333333334,0.125,96.0,0.010416666666666666
smoke,fr_estimated,b1_h4_w2_n7_a1.5,1.0,4.0,49,0,2000,1.6,2.3633776494788923,6.880972921175759,1.0,0.5520833333333334,0.2708333333333333,0.17708333333333334,94.04081632653062,0.020833333333333332
smoke,fr_estimated,b1_h4_w2_n7_a1.5,1.0,4.0,49,0,2000,2.0,1.936515314297211,5.453316286143528,1.0,0.375,0.375,0.25,94.04081632653062,0.020833333333333332
smoke,fr_estimated,b1_h4_w2_n7_a1.5,1.0,4.0,49,0,2000,2.4,1.676112293427053,4.677337464209765,1.0,0.3229166666666667,0.3333333333333333,0.34375,94.04081632653062,0.020833333333333332
smoke,fr_estimated,b1_h4_w2_n7_a1.5,1.0,4.0,49,0,2000,2.8000000000000003,1.5213593803299046,4.19753858577013,1.0,0.3125,0.2708333333333333,0.4166666666666667,94.04081632653062,0.020833333333333332
smoke,fr_estimated,b1_h4_w2_n7_a1.5,1.0,4.0,49,0,2000,3.2,1.4200774504516314,3.954755043766023,2.0,0.20833333333333334,0.3229166666666667,0.46875,92.16,0.020833333333333332
smoke,fr_estimated,b1_h4_w2_n7_a1.5,1.0,4.0,49,0,2000,3.6,1.319318413347382,3.7423297933480333,3.0,0.21875,0.3020833333333333,0.4791666666666667,90.35294117647058,0.020833333333333332
smoke,fr_estimated,b1_h4_w2_n7_a1.5,1.0,4.0,49,0,2000,4.0,1.232054750675976,3.567242113079158,5.0,0.1875,0.3645833333333333,0.4479166666666667,86.94339622641509,0.020833333333333332
smoke,fr_estimated,b1_h4_w2_n7_a1.5,1.0,4.0,49,1,2000,0.0,1.4929589744133196,8.833710889298077,0.0,1.0,0.0,0.0,96.0,0.010416666666666666
smoke,fr_estimated,b1_h4_w2_n7_a1.5,1.0,4.0,49,1,2000,0.4,3.9488329805882705,11.227040812003525,0.0,0.9166666666666666,0.08333333333333333,0.0,96.0,0.010416666666666666
smoke,fr_estimated,b1_h4_w2_n7_a1.5,1.0,4.0,49,1,2000,0.8,3.30252633776128,9.916003135391966,0.0,0.6770833333333334,0.28125,0.041666666666666664,96.0,0.010416666666666666
smoke,fr_estimated,b1_h4_w2_n7_a1.5,1.0,4.0,49,1,2000,1.2,2.597995319684185,7.554857430213043,0.0,0.4791666666666667,0.34375,0.17708333333333334,96.0,0.010416666666666666
smoke,fr_estimated,b1_h4_w2_n7_a1.5,1.0,4.0,49,1,2000,1.6,2.1860721367377147,6.139605391992077,0.0,0.4270833333333333,0.2916666666666667,0.28125,96.0,0.010416666666666666
smoke,fr_estimated,b1_h4_w2_n7_a1.5,1.0,4.0,49,1,2000,2.0,1.9797486356113767,5.5434425573613515,0.0,0.375,0.23958333333333334,0.3854166666666667,96.0,0.010416666666666666
smoke,fr_estimated,b1_h4_w2_n7_a1.5,1.0,4.0,49,1,2000,2.4,1.7383667681675175,4.820083335810031,3.0,0.3229166666666667,0.2916666666666667,0.3854166666666667,90.3529411764706,0.020833333333333332
smoke,fr_estimated,b1_h4_w2_n7_a1.5,1.0,4.0,49,1,2000,2.8000000000000003,1.6296924945683842,4.55379228168326,5.0,0.2604166666666667,0.3541666666666667,0.3854166666666667,86.94339622641509,0.020833333333333332
smoke,fr_estimated,b1_h4_w2_n7_a1.5,1.0,4.0,49,1,2000,3.2,1.4598816302276072,4.151748184410947,6.0,0.22916666666666666,0.2604166666666667,0.5104166666666666,86.94339622641509,0.020833333333333332
smoke,fr_estimated,b1_h4_w2_n7_a1.5,1.0,4.0,49,1,2000,3.6,1.3151753827035337,3.781611124329957,7.0,0.1875,0.3125,0.5,85.33333333333333,0.020833333333333332
smoke,fr_estimated,b1_h4_w2_n7_a1.5,1.0,4.0,49,1,2000,4.0,1.2188704383807742,3.5832764166379594,9.0,0.19791666666666666,0.25,0.5520833333333334,82.28571428571428,0.020833333333333332
smoke,fr_estimated,b4_h1_w2_n7_a1.5,4.0,1.0,49,0,2000,0.0,0.3543396435936745,2.1384304588239007,0.0,1.0,0.0,0.0,96.0,0.010416666666666666
smoke,fr_estimated,b4_h1_w2_n7_a1.5,4.0,1.0,49,0,2000,0.4,0.46794680235148095,1.5836765414006293,0.0,0.9791666666666666,0.020833333333333332,0.0,96.0,0.010416666666666666
smoke,fr_estimated,b4_h1_w2_n7_a1.5,4.0,1.0,49,0,2000,0.8,0.4112194928634878,1.7192846562801618,0.0,0.9583333333333334,0.041666666666666664,0.0,96.0,0.010416666666666666
smoke,fr_estimated,b4_h1_w2_n7_a1.5,4.0,1.0,49,0,2000,1.2,2.1814121978162198,11.65192736956073,0.0,0.90625,0.09375,0.0,96.0,0.010416666666666666
smoke,fr_estimated,b4_h1_w2_n7_a1.5,4.0,1.0,49,0,2000,1.6,1.5633237480715054,9.60569207618391,3.0,0.8020833333333334,0.19791666666666666,0.0,90.3529411764706,0.020833333333333332
smoke,fr_estimated,b4_h1_w2_n7_a1.5,4.0,1.0,49,0,2000,2.0,1.431599888241473,8.385582931480421,4.0,0.75,0.23958333333333334,0.010416666666666666,88.61538461538461,0.020833333333333332
smoke,fr_estimated,b4_h1_w2_n7_a1.5,4.0,1.0,49,0,2000,2.4,0.7579550357904872,2.920502941447049,4.0,0.7083333333333334,0.2604166666666667,0.03125,88.61538461538461,0.020833333333333332
smoke,fr_estimated,b4_h1_w2_n7_a1.5,4.0,1.0,49,0,2000,2.8000000000000003,0.6017108778595228,2.3580350895761177,7.0,0.6354166666666666,0.3333333333333333,0.03125,83.78181818181818,0.020833333333333332
smoke,fr_estimated,b4_h1_w2_n7_a1.5,4.0,1.0,49,0,2000,3.2,0.4931113137656056,1.6589239401228766,8.0,0.6458333333333334,0.2604166666666667,0.09375,82.28571428571429,0.020833333333333332
smoke,fr_estimated,b4_h1_w2_n7_a1.5,4.0,1.0,49,0,2000,3.6,0.4260110213737215,1.3246143857521615,8.0,0.6145833333333334,0.23958333333333334,0.14583333333333334,82.28571428571429,0.020833333333333332
smoke,fr_estimated,b4_h1_w2_n7_a1.5,4.0,1.0,49,0,2000,4.0,0.3857975502187043,1.1370216537519107,10.0,0.5416666666666666,0.3020833333333333,0.15625,79.44827586206897,0.020833333333333332
smoke,fr_estimated,b4_h1_w2_n7_a1.5,4.0,1.0,49,1,2000,0.0,0.35433961937216096,2.1384303812825767,0.0,1.0,0.0,0.0,96.0,0.010416666666666666
smoke,fr_estimated,b4_h1_w2_n7_a1.5,4.0,1.0,49,1,2000,0.4,0.43964116745002885,1.5659229556708865,0.0,0.9895833333333334,0.010416666666666666,0.0,96.0,0.010416666666666666
smoke,fr_estimated,b4_h1_w2_n7_a1.5,4.0,1.0,49,1,2000,0.8,0.548228322511013,1.7664665194159666,0.0,0.9270833333333334,0.07291666666666667,0.0,96.0,0.010416666666666666
smoke,fr_estimated,b4_h1_w2_n7_a1.5,4.0,1.0,49,1,2000,1.2,0.7301059404661712,2.208828480675785,1.0,0.84375,0.15625,0.0,94.04081632653062,0.020833333333333332
smoke,fr_estimated,b4_h1_w2_n7_a1.5,4.0,1.0,49,1,2000,1.6,1.068295558229817,4.924226460104271,1.0,0.78125,0.21875,0.0,94.04081632653062,0.020833333333333332
smoke,fr_estimated,b4_h1_w2_n7_a1.5,4.0,1.0,49,1,2000,2.0,0.5384930769809337,1.988817690306267,3.0,0.7395833333333334,0.25,0.010416666666666666,88.61538461538461,0.03125
smoke,fr_estimated,b4_h1_w2_n7_a1.5,4.0,1.0,49,1,2000,2.4,0.49042730554027264,1.7690438093096545,4.0,0.75,0.22916666666666666,0.020833333333333332,86.94339622641509,0.03125
smoke,fr_estimated,b4_h1_w2_n7_a1.5,4.0,1.0,49,1,2000,2.8000000000000003,0.38732092531263,1.820448844442081,5.0,0.7083333333333334,0.2708333333333333,0.020833333333333332,85.33333333333333,0.03125
smoke,fr_estimated,b4_h1_w2_n7_a1.5,4.0,1.0,49,1,2000,3.2,0.3843067257381689,1.1382197764694548,7.0,0.6354166666666666,0.2916666666666667,0.07291666666666667,82.28571428571428,0.03125
smoke,fr_estimated,b4_h1_w2_n7_a1.5,4.0,1.0,49,1,2000,3.6,0.36976621775530766,1.0878535502990652,7.0,0.6354166666666666,0.2604166666666667,0.10416666666666667,82.28571428571428,0.03125
smoke,fr_estimated,b4_h1_w2_n7_a1.5,4.0,1.0,49,1,2000,4.0,0.33584739933500113,0.9707579331875583,11.0,0.59375,0.2708333333333333,0.13541666666666666,72.0,0.041666666666666664
smoke,fr_estimated,b4_h4_w2_n7_a1.5,4.0,4.0,49,0,2000,0.0,1.2649653716887648,8.264097710374513,0.0,1.0,0.0,0.0,96.0,0.010416666666666666
smoke,fr_estimated,b4_h4_w2_n7_a1.5,4.0,4.0,49,0,2000,0.4,1.5966869622378412,6.204114164830032,0.0,0.9895833333333334,0.010416666666666666,0.0,96.0,0.010416666666666666
smoke,fr_estimated,b4_h4_w2_n7_a1.5,4.0,4.0,49,0,2000,0.8,1.7482249093248903,6.328492070842802,0.0,0.96875,0.03125,0.0,96.0,0.010416666666666666
smoke,fr_estimated,b4_h4_w2_n7_a1.5,4.0,4.0,49,0,2000,1.2,2.4111349764889294,10.44107988928626,0.0,0.9375,0.0625,0.0,96.0,0.010416666666666666
smoke,fr_estimated,b4_h4_w2_n7_a1.5,4.0,4.0,49,0,2000,1.6,1.1832561579304697,5.545545625808051,3.0,0.8541666666666666,0.14583333333333334,0.0,90.3529411764706,0.020833333333333332
smoke,fr_estimated,b4_h4_w2_n7_a1.5,4.0,4.0,49,0,2000,2.0,0.7176719832702994,4.221543467044149,3.0,0.78125,0.19791666666666666,0.020833333333333332,90.3529411764706,0.020833333333333332
smoke,fr_estimated,b4_h4_w2_n7_a1.5,4.0,4.0,49,0,2000,2.4,0.6600639480003153,4.298100660244994,3.0,0.7604166666666666,0.19791666666666666,0.041666666666666664,90.3529411764706,0.020833333333333332
smoke,fr_estimated,b4_h4_w2_n7_a1.5,4.0,4.0,49,0,2000,2.8000000000000003,0.5709082248249358,2.0865533498091238,3.0,0.6875,0.2604166666666667,0.052083333333333336,90.3529411764706,0.020833333333333332
smoke,fr_estimated,b4_h4_w2_n7_a1.5,4.0,4.0,49,0,2000,3.2,0.5183979478593221,1.797428580770375,3.0,0.625,0.28125,0.09375,90.3529411764706,0.020833333333333332
smoke,fr_estimated,b4_h4_w2_n7_a1.5,4.0,4.0,49,0,2000,3.6,0.4804176597509617,1.5800883358540394,4.0,0.6145833333333334,0.28125,0.10416666666666667,88.61538461538461,0.020833333333333332
smoke,fr_estimated,b4_h4_w2_n7_a1.5,4.0,4.0,49,0,2000,4.0,0.4406782928282231,1.5434170585317024,5.0,0.5625,0.2916666666666667,0.14583333333333334,86.94339622641509,0.020833333333333332
smoke,fr_estimated,b4_h4_w2_n7_a1.5,4.0,4.0,49,1,2000,0.0,1.2649653194666513,8.264097593471988,0.0,1.0,0.0,0.0,96.0,0.010416666666666666
smoke,fr_estimated,b4_h4_w2_n7_a1.5,4.0,4.0,49,1,2000,0.4,1.8627067702538058,7.554077225685124,0.0,1.0,0.0,0.0,96.0,0.010416666666666666
smoke,fr_estimated,b4_h4_w2_n7_a1.5,4.0,4.0,49,1,2000,0.8,2.1133360787611672,7.064106967885396,0.0,0.9270833333333334,0.07291666666666667,0.0,96.0,0.010416666666666666
smoke,fr_estimated,b4_h4_w2_n7_a1.5,4.0,4.0,49,1,2000,1.2,1.5210364833711074,5.587259832406435,1.0,0.8645833333333334,0.13541666666666666,0.0,94.04081632653062,0.020833333333333332
smoke,fr_estimated,b4_h4_w2_n7_a1.5,4.0,4.0,49,1,2000,1.6,0.7719516893158519,3.5100817512296087,1.0,0.8020833333333334,0.19791666666666666,0.0,94.04081632653062,0.020833333333333332
smoke,fr_estimated,b4_h4_w2_n7_a1.5,4.0,4.0,49,1,2000,2.0,0.6233322378650895,5.248215873307201,3.0,0.7708333333333334,0.20833333333333334,0.020833333333333332,88.61538461538461,0.03125
smoke,fr_estimated,b4_h4_w2_n7_a1.5,4.0,4.0,49,1,2000,2.4,0.5114305567194803,3.1003426713261533,5.0,0.7083333333333334,0.23958333333333334,0.052083333333333336,82.28571428571428,0.041666666666666664
smoke,fr_estimated,b4_h4_w2_n7_a1.5,4.0,4.0,49,1,2000,2.8000000000000003,0.45445192317078104,3.0827020798082563,5.0,0.6875,0.25,0.0625,82.28571428571428,0.041666666666666664
smoke,fr_estimated,b4_h4_w2_n7_a1.5,4.0,4.0,49,1,2000,3.2,0.44462081035275414,1.7129719442492755,9.0,0.59375,0.3125,0.09375,73.14285714285714,0.052083333333333336
smoke,fr_estimated,b4_h4_w2_n7_a1.5,4.0,4.0,49,1,2000,3.6,0.43747812217919796,1.5714828324382184,9.0,0.65625,0.21875,0.125,73.14285714285714,0.052083333333333336
smoke,fr_estimated,b4_h4_w2_n7_a1.5,4.0,4.0,49,1,2000,4.0,0.43043532741467694,1.6183234690655621,10.0,0.6458333333333334,0.22916666666666666,0.125,70.8923076923077,0.052083333333333336
smoke,fr_oracle,b1_h1_w2_n7_a1.5,1.0,1.0,49,0,2000,0.0,0.6579761210970665,4.0824454799724,0.0,1.0,0.0,0.0,96.0,0.010416666666666666
smoke,fr_oracle,b1_h1_w2_n7_a1.5,1.0,1.0,49,0,2000,0.4,3.294117542907629,10.621391571798798,0.0,0.875,0.125,0.0,96.0,0.010416666666666666
smoke,fr_oracle,b1_h1_w2_n7_a1.5,1.0,1.0,49,0,2000,0.8,2.6386461191899686,10.260450185376103,0.0,0.7291666666666666,0.22916666666666666,0.041666666666666664,96.0,0.010416666666666666
smoke,fr_oracle,b1_h1_w2_n7_a1.5,1.0,1.0,49,0,2000,1.2,2.329838927415383,6.586409370415892,1.0,0.6354166666666666,0.21875,0.14583333333333334,94.04081632653062,0.020833333333333332
smoke,fr_oracle,b1_h1_w2_n7_a1.5,1.0,1.0,49,0,2000,1.6,1.789331049562362,4.995089397042212,3.0,0.5416666666666666,0.23958333333333334,0.21875,88.61538461538461,0.03125
smoke,fr_oracle,b1_h1_w2_n7_a1.5,1.0,1.0,49,0,2000,2.0,1.6689864830972414,4.639022099748855,7.0,0.3958333333333333,0.2916666666666667,0.3125,80.8421052631579,0.03125
smoke,fr_oracle,b1_h1_w2_n7_a1.5,1.0,1.0,49,0,2000,2.4,1.4240547688775715,3.9620530715922424,8.0,0.3333333333333333,0.2604166666666667,0.40625,79.44827586206897,0.03125
smoke,fr_oracle,b1_h1_w2_n7_a1.5,1.0,1.0,49,0,2000,2.8000000000000003,1.348527423370214,3.7240151140235653,9.0,0.19791666666666666,0.3645833333333333,0.4375,78.10169491525424,0.03125
smoke,fr_oracle,b1_h1_w2_n7_a1.5,1.0,1.0,49,0,2000,3.2,1.161510101892159,3.2808159815144657,10.0,0.1875,0.2916666666666667,0.5208333333333334,74.32258064516128,0.041666666666666664
smoke,fr_oracle,b1_h1_w2_n7_a1.5,1.0,1.0,49,0,2000,3.6,1.05866166289722,2.9958201756920357,10.0,0.14583333333333334,0.3333333333333333,0.5208333333333334,74.32258064516128,0.041666666666666664
smoke,fr_oracle,b1_h1_w2_n7_a1.5,1.0,1.0,49,0,2000,4.0,0.9362262030559291,2.7052497470309893,12.0,0.10416666666666667,0.2916666666666667,0.6041666666666666,69.81818181818181,0.041666666666666664
smoke,fr_oracle,b1_h1_w2_n7_a1.5,1.0,1.0,49,1,2000,0.0,0.6579761139095827,4.082445301922642,0.0,1.0,0.0,0.0,96.0,0.010416666666666666
smoke,fr_oracle,b1_h1_w2_n7_a1.5,1.0,1.0,49,1,2000,0.4,2.70777968803207,8.250126178868495,0.0,0.8645833333333334,0.125,0.010416666666666666,96.0,0.010416666666666666
smoke,fr_oracle,b1_h1_w2_n7_a1.5,1.0,1.0,49,1,2000,0.8,2.8224803091235855,10.653884850349634,0.0,0.5833333333333334,0.3645833333333333,0.052083333333333336,96.0,0.010416666666666666
smoke,fr_oracle,b1_h1_w2_n7_a1.5,1.0,1.0,49,1,2000,1.2,2.669644831167105,8.90587008686181,3.0,0.3958333333333333,0.375,0.22916666666666666,90.3529411764706,0.020833333333333332
smoke,fr_oracle,b1_h1_w2_n7_a1.5,1.0,1.0,49,1,2000,1.6,2.1146189131665225,6.530608313527745,4.0,0.3125,0.34375,0.34375,88.61538461538461,0.020833333333333332
smoke,fr_oracle,b1_h1_w2_n7_a1.5,1.0,1.0,49,1,2000,2.0,1.739561631662965,5.140879267900391,9.0,0.21875,0.23958333333333334,0.5416666666666666,79.44827586206897,0.03125
smoke,fr_oracle,b1_h1_w2_n7_a1.5,1.0,1.0,49,1,2000,2.4,1.437880590512001,4.079464959807583,13.0,0.16666666666666666,0.22916666666666666,0.6041666666666666,73.14285714285714,0.03125
smoke,fr_oracle,b1_h1_w2_n7_a1.5,1.0,1.0,49,1,2000,2.8000000000000003,1.1870833567849124,3.3082230825102026,15.0,0.15625,0.11458333333333333,0.7291666666666666,70.8923076923077,0.03125
smoke,fr_oracle,b1_h1_w2_n7_a1.5,1.0,1.0,49,1,2000,3.2,0.9934846131005494,2.797652705400601,15.0,0.14583333333333334,0.22916666666666666,0.625,70.8923076923077,0.03125
smoke,fr_oracle,b1_h1_w2_n7_a1.5,1.0,1.0,49,1,2000,3.6,0.8580081279642354,2.414084258980753,16.0,0.125,0.20833333333333334,0.6666666666666666,68.77611940298507,0.03125
smoke,fr_oracle,b1_h1_w2_n7_a1.5,1.0,1.0,49,1,2000,4.0,0.7183897576463434,2.0524802098842594,17.0,0.11458333333333333,0.25,0.6354166666666666,67.76470588235294,0.03125
smoke,fr_oracle,b1_h4_w2_n7_a1.5,1.0,4.0,49,0,2000,0.0,1.492959046570984,8.833711234071904,0.0,1.0,0.0,0.0,96.0,0.010416666666666666
smoke,fr_oracle,b1_h4_w2_n7_a1.5,1.0,4.0,49,0,2000,0.4,5.705950977122979,20.51460100003092,0.0,0.9583333333333334,0.03125,0.010416666666666666,96.0,0.010416666666666666
smoke,fr_oracle,b1_h4_w2_n7_a1.5,1.0,4.0,49,0,2000,0.8,4.21342644011759,50.53686901532115,0.0,0.7291666666666666,0.25,0.020833333333333332,96.0,0.010416666666666666
smoke,fr_oracle,b1_h4_w2_n7_a1.5,1.0,4.0,49,0,2000,1.2,2.9633680983068116,9.557483723081905,0.0,0.6354166666666666,0.23958333333333334,0.125,96.0,0.010416666666666666
smoke,fr_oracle,b1_h4_w2_n7_a1.5,1.0,4.0,49,0,2000,1.6,2.3963914569326223,7.1829989570964985,1.0,0.46875,0.3125,0.21875,94.04081632653062,0.020833333333333332
smoke,fr_oracle,b1_h4_w2_n7_a1.5,1.0,4.0,49,0,2000,2.0,2.0505058247357666,5.7492638102290226,4.0,0.3854166666666667,0.2916666666666667,0.3229166666666667,88.61538461538461,0.020833333333333332
smoke,fr_oracle,b1_h4_w2_n7_a1.5,1.0,4.0,49,0,2000,2.4,1.8687333976523397,5.152044711643815,5.0,0.3020833333333333,0.34375,0.3541666666666667,86.94339622641509,0.020833333333333332
smoke,fr_oracle,b1_h4_w2_n7_a1.5,1.0,4.0,49,0,2000,2.8000000000000003,1.6827939926283235,4.660946674042525,8.0,0.23958333333333334,0.2708333333333333,0.4895833333333333,80.8421052631579,0.03125
smoke,fr_oracle,b1_h4_w2_n7_a1.5,1.0,4.0,49,0,2000,3.2,1.5288384201256575,4.266069995170508,11.0,0.15625,0.3333333333333333,0.5104166666666666,76.8,0.03125
smoke,fr_oracle,b1_h4_w2_n7_a1.5,1.0,4.0,49,0,2000,3.6,1.3727800823691414,3.9128645436792286,11.0,0.13541666666666666,0.3125,0.5520833333333334,76.8,0.03125
smoke,fr_oracle,b1_h4_w2_n7_a1.5,1.0,4.0,49,0,2000,4.0,1.2637731699478911,3.645785122145641,11.0,0.09375,0.3854166666666667,0.5208333333333334,76.8,0.03125
smoke,fr_oracle,b1_h4_w2_n7_a1.5,1.0,4.0,49,1,2000,0.0,1.4929589744133196,8.833710889298077,0.0,1.0,0.0,0.0,96.0,0.010416666666666666
smoke,fr_oracle,b1_h4_w2_n7_a1.5,1.0,4.0,49,1,2000,0.4,3.9488329805882705,11.227040812003525,0.0,0.9166666666666666,0.08333333333333333,0.0,96.0,0.010416666666666666
smoke,fr_oracle,b1_h4_w2_n7_a1.5,1.0,4.0,49,1,2000,0.8,3.302526360317998,9.916003224718889,0.0,0.6770833333333334,0.28125,0.041666666666666664,96.0,0.010416666666666666
smoke,fr_oracle,b1_h4_w2_n7_a1.5,1.0,4.0,49,1,2000,1.2,2.64491248071749,7.663326481715764,3.0,0.4791666666666667,0.3541666666666667,0.16666666666666666,90.3529411764706,0.020833333333333332
smoke,fr_oracle,b1_h4_w2_n7_a1.5,1.0,4.0,49,1,2000,1.6,2.203990492873327,6.170311366738269,9.0,0.3229166666666667,0.3958333333333333,0.28125,79.44827586206897,0.03125
smoke,fr_oracle,b1_h4_w2_n7_a1.5,1.0,4.0,49,1,2000,2.0,2.009273388077463,5.617899102965873,14.0,0.2708333333333333,0.3020833333333333,0.4270833333333333,69.81818181818183,0.041666666666666664
smoke,fr_oracle,b1_h4_w2_n7_a1.5,1.0,4.0,49,1,2000,2.4,1.6607021889341933,4.634539766784079,16.0,0.20833333333333334,0.2916666666666667,0.5,67.76470588235294,0.041666666666666664
smoke,fr_oracle,b1_h4_w2_n7_a1.5,1.0,4.0,49,1,2000,2.8000000000000003,1.3981425870667008,3.9282729014171895,16.0,0.15625,0.2916666666666667,0.5520833333333334,67.76470588235294,0.041666666666666664
smoke,fr_oracle,b1_h4_w2_n7_a1.5,1.0,4.0,49,1,2000,3.2,1.2761866350346147,3.6704276207588515,18.0,0.125,0.2708333333333333,0.6041666666666666,64.90140845070422,0.041666666666666664
smoke,fr_oracle,b1_h4_w2_n7_a1.5,1.0,4.0,49,1,2000,3.6,1.1069464935003268,3.286424217411159,19.0,0.10416666666666667,0.23958333333333334,0.65625,64.0,0.041666666666666664
smoke,fr_oracle,b1_h4_w2_n7_a1.5,1.0,4.0,49,1,2000,4.0,0.9883335185082688,3.017755314099525,19.0,0.041666666666666664,0.3020833333333333,0.65625,64.0,0.041666666666666664
smoke,fr_oracle,b4_h1_w2_n7_a1.5,4.0,1.0,49,0,2000,0.0,0.3543396435936745,2.1384304588239007,0.0,1.0,0.0,0.0,96.0,0.010416666666666666
smoke,fr_oracle,b4_h1_w2_n7_a1.5,4.0,1.0,49,0,2000,0.4,0.46794680235148095,1.5836765414006293,0.0,0.9791666666666666,0.020833333333333332,0.0,96.0,0.010416666666666666
smoke,fr_oracle,b4_h1_w2_n7_a1.5,4.0,1.0,49,0,2000,0.8,0.4112194928634878,1.7192846562801618,0.0,0.9583333333333334,0.041666666666666664,0.0,96.0,0.010416666666666666
smoke,fr_oracle,b4_h1_w2_n7_a1.5,4.0,1.0,49,0,2000,1.2,2.1814121978162198,11.65192736956073,0.0,0.90625,0.09375,0.0,96.0,0.010416666666666666
smoke,fr_oracle,b4_h1_w2_n7_a1.5,4.0,1.0,49,0,2000,1.6,1.5633237480715054,9.60569207618391,3.0,0.8020833333333334,0.19791666666666666,0.0,90.3529411764706,0.020833333333333332
smoke,fr_oracle,b4_h1_w2_n7_a1.5,4.0,1.0,49,0,2000,2.0,0.6380589688804342,2.3033026355088366,7.0,0.6979166666666666,0.28125,0.020833333333333332,82.28571428571428,0.03125
smoke,fr_oracle,b4_h1_w2_n7_a1.5,4.0,1.0,49,0,2000,2.4,0.7811355940130371,2.7961950976240657,8.0,0.6979166666666666,0.28125,0.020833333333333332,80.84210526315789,0.03125
smoke,fr_oracle,b4_h1_w2_n7_a1.5,4.0,1.0,49,0,2000,2.8000000000000003,0.5835236198854353,2.248034955675789,11.0,0.6666666666666666,0.28125,0.052083333333333336,74.3225806451613,0.041666666666666664
smoke,fr_oracle,b4_h1_w2_n7_a1.5,4.0,1.0,49,0,2000,3.2,0.4561236543792113,1.4264163036336657,13.0,0.5833333333333334,0.3229166666666667,0.09375,72.0,0.041666666666666664
smoke,fr_oracle,b4_h1_w2_n7_a1.5,4.0,1.0,49,0,2000,3.6,0.3995637798161087,1.1942905516874671,17.0,0.53125,0.3541666666666667,0.11458333333333333,65.82857142857142,0.041666666666666664
smoke,fr_oracle,b4_h1_w2_n7_a1.5,4.0,1.0,49,0,2000,4.0,0.3826178861932938,1.0884294302184756,20.0,0.4375,0.3958333333333333,0.16666666666666666,63.12328767123288,0.041666666666666664
smoke,fr_oracle,b4_h1_w2_n7_a1.5,4.0,1.0,49,1,2000,0.0,0.35433961937216096,2.1384303812825767,0.0,1.0,0.0,0.0,96.0,0.010416666666666666
smoke,fr_oracle,b4_h1_w2_n7_a1.5,4.0,1.0,49,1,2000,0.4,0.43964116745002885,1.5659229556708865,0.0,0.9895833333333334,0.010416666666666666,0.0,96.0,0.010416666666666666
smoke,fr_oracle,b4_h1_w2_n7_a1.5,4.0,1.0,49,1,2000,0.8,0.548228322511013,1.7664665194159666,0.0,0.9270833333333334,0.07291666666666667,0.0,96.0,0.010416666666666666
smoke,fr_oracle,b4_h1_w2_n7_a1.5,4.0,1.0,49,1,2000,1.2,0.7301059404661712,2.208828480675785,1.0,0.84375,0.15625,0.0,94.04081632653062,0.020833333333333332
smoke,fr_oracle,b4_h1_w2_n7_a1.5,4.0,1.0,49,1,2000,1.6,1.068295558229817,4.924226460104271,1.0,0.78125,0.21875,0.0,94.04081632653062,0.020833333333333332
smoke,fr_oracle,b4_h1_w2_n7_a1.5,4.0,1.0,49,1,2000,2.0,0.5372044258944356,1.9982008781367562,3.0,0.7291666666666666,0.2604166666666667,0.010416666666666666,90.3529411764706,0.020833333333333332
smoke,fr_oracle,b4_h1_w2_n7_a1.5,4.0,1.0,49,1,2000,2.4,0.49030728464884105,1.9085395699486463,7.0,0.6458333333333334,0.3333333333333333,0.020833333333333332,82.28571428571428,0.03125
smoke,fr_oracle,b4_h1_w2_n7_a1.5,4.0,1.0,49,1,2000,2.8000000000000003,0.4196138897838357,1.507259338092502,8.0,0.6666666666666666,0.28125,0.052083333333333336,79.44827586206897,0.03125
smoke,fr_oracle,b4_h1_w2_n7_a1.5,4.0,1.0,49,1,2000,3.2,0.4012428502447803,1.0977358804991169,15.0,0.5625,0.3333333333333333,0.10416666666666667,67.76470588235294,0.041666666666666664
smoke,fr_oracle,b4_h1_w2_n7_a1.5,4.0,1.0,49,1,2000,3.6,0.3440971092772935,1.0791838904487143,16.0,0.53125,0.3125,0.15625,66.78260869565217,0.041666666666666664
smoke,fr_oracle,b4_h1_w2_n7_a1.5,4.0,1.0,49,1,2000,4.0,0.34778429223927937,1.0107357170035225,17.0,0.5104166666666666,0.3229166666666667,0.16666666666666666,65.82857142857142,0.041666666666666664
smoke,fr_oracle,b4_h4_w2_n7_a1.5,4.0,4.0,49,0,2000,0.0,1.2649653716887648,8.264097710374513,0.0,1.0,0.0,0.0,96.0,0.010416666666666666
smoke,fr_oracle,b4_h4_w2_n7_a1.5,4.0,4.0,49,0,2000,0.4,1.5966869622378412,6.204114164830032,0.0,0.9895833333333334,0.010416666666666666,0.0,96.0,0.010416666666666666
smoke,fr_oracle,b4_h4_w2_n7_a1.5,4.0,4.0,49,0,2000,0.8,1.7482249093248903,6.328492070842802,0.0,0.96875,0.03125,0.0,96.0,0.010416666666666666
smoke,fr_oracle,b4_h4_w2_n7_a1.5,4.0,4.0,49,0,2000,1.2,2.4111349764889294,10.44107988928626,0.0,0.9375,0.0625,0.0,96.0,0.010416666666666666
smoke,fr_oracle,b4_h4_w2_n7_a1.5,4.0,4.0,49,0,2000,1.6,0.7902942278314078,5.777910607223246,4.0,0.8645833333333334,0.13541666666666666,0.0,88.61538461538461,0.020833333333333332
smoke,fr_oracle,b4_h4_w2_n7_a1.5,4.0,4.0,49,0,2000,2.0,0.7249808671536236,5.540747880658067,9.0,0.7395833333333334,0.2604166666666667,0.0,79.44827586206897,0.03125
smoke,fr_oracle,b4_h4_w2_n7_a1.5,4.0,4.0,49,0,2000,2.4,0.5551443396640264,3.608533022929001,15.0,0.65625,0.3333333333333333,0.010416666666666666,67.76470588235294,0.03125
smoke,fr_oracle,b4_h4_w2_n7_a1.5,4.0,4.0,49,0,2000,2.8000000000000003,0.5251673459113343,2.5345506392928256,21.0,0.5625,0.40625,0.03125,56.19512195121951,0.052083333333333336
smoke,fr_oracle,b4_h4_w2_n7_a1.5,4.0,4.0,49,0,2000,3.2,0.47593493715957585,2.2821179125652256,23.0,0.46875,0.46875,0.0625,52.9655172413793,0.052083333333333336
smoke,fr_oracle,b4_h4_w2_n7_a1.5,4.0,4.0,49,0,2000,3.6,0.42242529460567163,1.6104154371969206,25.0,0.4895833333333333,0.4166666666666667,0.09375,49.5483870967742,0.0625
smoke,fr_oracle,b4_h4_w2_n7_a1.5,4.0,4.0,49,0,2000,4.0,0.4268827300280934,1.5361620593304854,26.0,0.3854166666666667,0.46875,0.14583333333333334,47.50515463917525,0.0625
smoke,fr_oracle,b4_h4_w2_n7_a1.5,4.0,4.0,49,1,2000,0.0,1.2649653194666513,8.264097593471988,0.0,1.0,0.0,0.0,96.0,0.010416666666666666
smoke,fr_oracle,b4_h4_w2_n7_a1.5,4.0,4.0,49,1,2000,0.4,1.8627067702538058,7.554077225685124,0.0,1.0,0.0,0.0,96.0,0.010416666666666666
smoke,fr_oracle,b4_h4_w2_n7_a1.5,4.0,4.0,49,1,2000,0.8,2.1133360787611672,7.064106967885396,0.0,0.9270833333333334,0.07291666666666667,0.0,96.0,0.010416666666666666
smoke,fr_oracle,b4_h4_w2_n7_a1.5,4.0,4.0,49,1,2000,1.2,1.5210364833711074,5.587259832406435,1.0,0.8645833333333334,0.13541666666666666,0.0,94.04081632653062,0.020833333333333332
smoke,fr_oracle,b4_h4_w2_n7_a1.5,4.0,4.0,49,1,2000,1.6,1.2175748780485425,5.222753999513339,2.0,0.8020833333333334,0.19791666666666666,0.0,92.16,0.020833333333333332
smoke,fr_oracle,b4_h4_w2_n7_a1.5,4.0,4.0,49,1,2000,2.0,0.804144779333648,2.79004781907299,4.0,0.7395833333333334,0.22916666666666666,0.03125,88.61538461538461,0.020833333333333332
smoke,fr_oracle,b4_h4_w2_n7_a1.5,4.0,4.0,49,1,2000,2.4,0.851326915647014,3.2639481687351717,8.0,0.6666666666666666,0.2916666666666667,0.041666666666666664,79.44827586206897,0.03125
smoke,fr_oracle,b4_h4_w2_n7_a1.5,4.0,4.0,49,1,2000,2.8000000000000003,0.7776024155402328,2.6310256710722078,11.0,0.7083333333333334,0.21875,0.07291666666666667,70.8923076923077,0.041666666666666664
smoke,fr_oracle,b4_h4_w2_n7_a1.5,4.0,4.0,49,1,2000,3.2,0.6580048729746623,2.0498255031239165,19.0,0.5729166666666666,0.28125,0.14583333333333334,56.888888888888886,0.052083333333333336
smoke,fr_oracle,b4_h4_w2_n7_a1.5,4.0,4.0,49,1,2000,3.6,0.5699908946760206,1.774987029077963,21.0,0.5416666666666666,0.2708333333333333,0.1875,54.857142857142854,0.052083333333333336
smoke,fr_oracle,b4_h4_w2_n7_a1.5,4.0,4.0,49,1,2000,4.0,0.5190713815224802,1.6617126871425754,23.0,0.4791666666666667,0.3020833333333333,0.21875,53.58139534883721,0.052083333333333336
smoke,fr_uniform,b1_h1_w2_n7_a1.5,1.0,1.0,49,0,2000,0.0,0.6579761210970665,4.0824454799724,0.0,1.0,0.0,0.0,96.0,0.010416666666666666
smoke,fr_uniform,b1_h1_w2_n7_a1.5,1.0,1.0,49,0,2000,0.4,3.294117542907629,10.621391571798798,0.0,0.875,0.125,0.0,96.0,0.010416666666666666
smoke,fr_uniform,b1_h1_w2_n7_a1.5,1.0,1.0,49,0,2000,0.8,2.6386461191899686,10.260450185376103,0.0,0.7291666666666666,0.22916666666666666,0.041666666666666664,96.0,0.010416666666666666
smoke,fr_uniform,b1_h1_w2_n7_a1.5,1.0,1.0,49,0,2000,1.2,2.23959009685248,6.283591351891242,0.0,0.6354166666666666,0.23958333333333334,0.125,96.0,0.010416666666666666
smoke,fr_uniform,b1_h1_w2_n7_a1.5,1.0,1.0,49,0,2000,1.6,1.7585081244820144,5.164532667283306,3.0,0.4479166666666667,0.3541666666666667,0.19791666666666666,88.61538461538461,0.03125
smoke,fr_uniform,b1_h1_w2_n7_a1.5,1.0,1.0,49,0,2000,2.0,1.605080392520661,4.669511404435142,3.0,0.3333333333333333,0.3541666666666667,0.3125,88.61538461538461,0.03125
smoke,fr_uniform,b1_h1_w2_n7_a1.5,1.0,1.0,49,0,2000,2.4,1.3752718685327907,3.968564118890643,3.0,0.23958333333333334,0.375,0.3854166666666667,88.61538461538461,0.03125
smoke,fr_uniform,b1_h1_w2_n7_a1.5,1.0,1.0,49,0,2000,2.8000000000000003,1.1659546229882314,3.3271545154631648,4.0,0.19791666666666666,0.34375,0.4583333333333333,86.94339622641509,0.03125
smoke,fr_uniform,b1_h1_w2_n7_a1.5,1.0,1.0,49,0,2000,3.2,1.0237396335388858,2.9043727161312347,4.0,0.21875,0.3125,0.46875,86.94339622641509,0.03125
smoke,fr_uniform,b1_h1_w2_n7_a1.5,1.0,1.0,49,0,2000,3.6,0.8773417733501102,2.5405514425273195,4.0,0.16666666666666666,0.2708333333333333,0.5625,86.94339622641509,0.03125
smoke,fr_uniform,b1_h1_w2_n7_a1.5,1.0,1.0,49,0,2000,4.0,0.7931356920193657,2.3533833437556786,4.0,0.125,0.3541666666666667,0.5208333333333334,86.94339622641509,0.03125
smoke,fr_uniform,b1_h1_w2_n7_a1.5,1.0,1.0,49,1,2000,0.0,0.6579761139095827,4.082445301922642,0.0,1.0,0.0,0.0,96.0,0.010416666666666666
smoke,fr_uniform,b1_h1_w2_n7_a1.5,1.0,1.0,49,1,2000,0.4,2.7077796814943635,8.250126173385528,0.0,0.8645833333333334,0.125,0.010416666666666666,96.0,0.010416666666666666
smoke,fr_uniform,b1_h1_w2_n7_a1.5,1.0,1.0,49,1,2000,0.8,2.8267430501372734,10.662672533873184,0.0,0.5833333333333334,0.3645833333333333,0.052083333333333336,96.0,0.010416666666666666
smoke,fr_uniform,b1_h1_w2_n7_a1.5,1.0,1.0,49,1,2000,1.2,2.5946811705344217,8.259375149541706,1.0,0.46875,0.3541666666666667,0.17708333333333334,94.04081632653062,0.020833333333333332
smoke,fr_uniform,b1_h1_w2_n7_a1.5,1.0,1.0,49,1,2000,1.6,2.0295504195830225,5.989260986968614,1.0,0.4166666666666667,0.23958333333333334,0.34375,94.04081632653062,0.020833333333333332
smoke,fr_uniform,b1_h1_w2_n7_a1.5,1.0,1.0,49,1,2000,2.0,1.7124833469286636,4.8795990011992485,3.0,0.3958333333333333,0.17708333333333334,0.4270833333333333,90.3529411764706,0.020833333333333332
smoke,fr_uniform,b1_h1_w2_n7_a1.5,1.0,1.0,49,1,2000,2.4,1.4709244213277826,4.1434346943774605,5.0,0.3125,0.2708333333333333,0.4166666666666667,88.61538461538461,0.020833333333333332
smoke,fr_uniform,b1_h1_w2_n7_a1.5,1.0,1.0,49,1,2000,2.8000000000000003,1.2928315092109963,3.612137806964433,6.0,0.22916666666666666,0.3020833333333333,0.46875,86.94339622641509,0.020833333333333332
smoke,fr_uniform,b1_h1_w2_n7_a1.5,1.0,1.0,49,1,2000,3.2,1.0663006978154506,3.067222772025617,8.0,0.17708333333333334,0.3229166666666667,0.5,85.33333333333333,0.020833333333333332
smoke,fr_uniform,b1_h1_w2_n7_a1.5,1.0,1.0,49,1,2000,3.6,0.9396842576264866,2.7446614346608227,8.0,0.10416666666666667,0.34375,0.5520833333333334,85.33333333333333,0.020833333333333332
smoke,fr_uniform,b1_h1_w2_n7_a1.5,1.0,1.0,49,1,2000,4.0,0.827112247183792,2.4292286459365817,10.0,0.11458333333333333,0.3645833333333333,0.5208333333333334,80.84210526315789,0.03125
smoke,fr_uniform,b1_h4_w2_n7_a1.5,1.0,4.0,49,0,2000,0.0,1.492959046570984,8.833711234071904,0.0,1.0,0.0,0.0,96.0,0.010416666666666666
smoke,fr_uniform,b1_h4_w2_n7_a1.5,1.0,4.0,49,0,2000,0.4,5.705950977122979,20.51460100003092,0.0,0.9583333333333334,0.03125,0.010416666666666666,96.0,0.010416666666666666
smoke,fr_uniform,b1_h4_w2_n7_a1.5,1.0,4.0,49,0,2000,0.8,4.21342644011759,50.53686901532115,0.0,0.7291666666666666,0.25,0.020833333333333332,96.0,0.010416666666666666
smoke,fr_uniform,b1_h4_w2_n7_a1.5,1.0,4.0,49,0,2000,1.2,2.9633582922615873,9.557467905925382,0.0,0.6354166666666666,0.23958333333333334,0.125,96.0,0.010416666666666666
smoke,fr_uniform,b1_h4_w2_n7_a1.5,1.0,4.0,49,0,2000,1.6,2.4107359613962007,7.211256141564111,1.0,0.46875,0.3020833333333333,0.22916666666666666,94.04081632653062,0.020833333333333332
smoke,fr_uniform,b1_h4_w2_n7_a1.5,1.0,4.0,49,0,2000,2.0,2.0725285484494202,5.855741625784018,1.0,0.4270833333333333,0.2916666666666667,0.28125,94.04081632653062,0.020833333333333332
smoke,fr_uniform,b1_h4_w2_n7_a1.5,1.0,4.0,49,0,2000,2.4,1.80614666349607,5.099956505622735,2.0,0.3333333333333333,0.3333333333333333,0.3333333333333333,92.16,0.020833333333333332
smoke,fr_uniform,b1_h4_w2_n7_a1.5,1.0,4.0,49,0,2000,2.8000000000000003,1.6785094307101804,4.716335919684748,4.0,0.3020833333333333,0.34375,0.3541666666666667,88.61538461538461,0.020833333333333332
smoke,fr_uniform,b1_h4_w2_n7_a1.5,1.0,4.0,49,0,2000,3.2,1.5417283131153081,4.360397635448724,5.0,0.19791666666666666,0.3645833333333333,0.4375,86.94339622641509,0.020833333333333332
smoke,fr_uniform,b1_h4_w2_n7_a1.5,1.0,4.0,49,0,2000,3.6,1.404460897197281,4.009138629329452,5.0,0.19791666666666666,0.3333333333333333,0.46875,86.94339622641509,0.020833333333333332
smoke,fr_uniform,b1_h4_w2_n7_a1.5,1.0,4.0,49,0,2000,4.0,1.3547187522559963,3.8723831613096347,5.0,0.13541666666666666,0.3645833333333333,0.5,86.94339622641509,0.020833333333333332
smoke,fr_uniform,b1_h4_w2_n7_a1.5,1.0,4.0,49,1,2000,0.0,1.4929589744133196,8.833710889298077,0.0,1.0,0.0,0.0,96.0,0.010416666666666666
smoke,fr_uniform,b1_h4_w2_n7_a1.5,1.0,4.0,49,1,2000,0.4,3.9488329805882705,11.227040812003525,0.0,0.9166666666666666,0.08333333333333333,0.0,96.0,0.010416666666666666
smoke,fr_uniform,b1_h4_w2_n7_a1.5,1.0,4.0,49,1,2000,0.8,3.30252623694114,9.916003002750783,0.0,0.6770833333333334,0.28125,0.041666666666666664,96.0,0.010416666666666666
smoke,fr_uniform,b1_h4_w2_n7_a1.5,1.0,4.0,49,1,2000,1.2,2.598823646338689,7.556094068081545,0.0,0.4791666666666667,0.34375,0.17708333333333334,96.0,0.010416666666666666
smoke,fr_uniform,b1_h4_w2_n7_a1.5,1.0,4.0,49,1,2000,1.6,2.1891345362024404,6.185623982894009,0.0,0.4166666666666667,0.2916666666666667,0.2916666666666667,96.0,0.010416666666666666
smoke,fr_uniform,b1_h4_w2_n7_a1.5,1.0,4.0,49,1,2000,2.0,2.0382108014695675,5.722792513461146,0.0,0.3958333333333333,0.22916666666666666,0.375,96.0,0.010416666666666666
smoke,fr_uniform,b1_h4_w2_n7_a1.5,1.0,4.0,49,1,2000,2.4,1.7984367794081428,5.042561244529868,1.0,0.375,0.20833333333333334,0.4166666666666667,94.04081632653062,0.020833333333333332
smoke,fr_uniform,b1_h4_w2_n7_a1.5,1.0,4.0,49,1,2000,2.8000000000000003,1.6542377207859151,4.671836284249762,2.0,0.3020833333333333,0.28125,0.4166666666666667,92.16,0.020833333333333332
smoke,fr_uniform,b1_h4_w2_n7_a1.5,1.0,4.0,49,1,2000,3.2,1.5058710925914918,4.270009010686074,2.0,0.22916666666666666,0.2916666666666667,0.4791666666666667,92.16,0.020833333333333332
smoke,fr_uniform,b1_h4_w2_n7_a1.5,1.0,4.0,49,1,2000,3.6,1.4088507588798518,4.034052921881317,2.0,0.19791666666666666,0.28125,0.5208333333333334,92.16,0.020833333333333332
smoke,fr_uniform,b1_h4_w2_n7_a1.5,1.0,4.0,49,1,2000,4.0,1.33467183529273,3.892335008740973,4.0,0.1875,0.2604166666666667,0.5520833333333334,90.35294117647058,0.020833333333333332
smoke,fr_uniform,b4_h1_w2_n7_a1.5,4.0,1.0,49,0,2000,0.0,0.3543396435936745,2.1384304588239007,0.0,1.0,0.0,0.0,96.0,0.010416666666666666
smoke,fr_uniform,b4_h1_w2_n7_a1.5,4.0,1.0,49,0,2000,0.4,0.46794680235148095,1.5836765414006293,0.0,0.9791666666666666,0.020833333333333332,0.0,96.0,0.010416666666666666
smoke,fr_uniform,b4_h1_w2_n7_a1.5,4.0,1.0,49,0,2000,0.8,0.4112194928634878,1.7192846562801618,0.0,0.9583333333333334,0.041666666666666664,0.0,96.0,0.010416666666666666
smoke,fr_uniform,b4_h1_w2_n7_a1.5,4.0,1.0,49,0,2000,1.2,2.1814121978162198,11.65192736956073,0.0,0.90625,0.09375,0.0,96.0,0.010416666666666666
smoke,fr_uniform,b4_h1_w2_n7_a1.5,4.0,1.0,49,0,2000,1.6,1.5633237480715054,9.60569207618391,3.0,0.8020833333333334,0.19791666666666666,0.0,90.3529411764706,0.020833333333333332
smoke,fr_uniform,b4_h1_w2_n7_a1.5,4.0,1.0,49,0,2000,2.0,1.431599888241473,8.385582931480421,4.0,0.75,0.23958333333333334,0.010416666666666666,88.61538461538461,0.020833333333333332
smoke,fr_uniform,b4_h1_w2_n7_a1.5,4.0,1.0,49,0,2000,2.4,0.7579550357904872,2.920502941447049,4.0,0.7083333333333334,0.2604166666666667,0.03125,88.61538461538461,0.020833333333333332
smoke,fr_uniform,b4_h1_w2_n7_a1.5,4.0,1.0,49,0,2000,2.8000000000000003,0.6034583554868432,2.360861576384118,7.0,0.6354166666666666,0.3125,0.052083333333333336,79.44827586206897,0.041666666666666664
smoke,fr_uniform,b4_h1_w2_n7_a1.5,4.0,1.0,49,0,2000,3.2,0.4764725609968144,1.5768655931092175,8.0,0.6458333333333334,0.22916666666666666,0.125,78.10169491525424,0.041666666666666664
smoke,fr_uniform,b4_h1_w2_n7_a1.5,4.0,1.0,49,0,2000,3.6,0.4291270413663382,1.3076799650636795,8.0,0.6145833333333334,0.22916666666666666,0.15625,78.10169491525424,0.041666666666666664
smoke,fr_uniform,b4_h1_w2_n7_a1.5,4.0,1.0,49,0,2000,4.0,0.3939719577591506,1.1274221677066918,10.0,0.5416666666666666,0.2916666666666667,0.16666666666666666,75.54098360655739,0.041666666666666664
smoke,fr_uniform,b4_h1_w2_n7_a1.5,4.0,1.0,49,1,2000,0.0,0.35433961937216096,2.1384303812825767,0.0,1.0,0.0,0.0,96.0,0.010416666666666666
smoke,fr_uniform,b4_h1_w2_n7_a1.5,4.0,1.0,49,1,2000,0.4,0.43964116745002885,1.5659229556708865,0.0,0.9895833333333334,0.010416666666666666,0.0,96.0,0.010416666666666666
smoke,fr_uniform,b4_h1_w2_n7_a1.5,4.0,1.0,49,1,2000,0.8,0.548228322511013,1.7664665194159666,0.0,0.9270833333333334,0.07291666666666667,0.0,96.0,0.010416666666666666
smoke,fr_uniform,b4_h1_w2_n7_a1.5,4.0,1.0,49,1,2000,1.2,0.7301059404661712,2.208828480675785,1.0,0.84375,0.15625,0.0,94.04081632653062,0.020833333333333332
smoke,fr_uniform,b4_h1_w2_n7_a1.5,4.0,1.0,49,1,2000,1.6,1.068295558229817,4.924226460104271,1.0,0.78125,0.21875,0.0,94.04081632653062,0.020833333333333332
smoke,fr_uniform,b4_h1_w2_n7_a1.5,4.0,1.0,49,1,2000,2.0,0.5384930769809337,1.9888176894077898,3.0,0.7395833333333334,0.25,0.010416666666666666,88.61538461538461,0.03125
smoke,fr_uniform,b4_h1_w2_n7_a1.5,4.0,1.0,49,1,2000,2.4,0.45855728121965295,1.8652469903737487,4.0,0.7395833333333334,0.22916666666666666,0.03125,83.78181818181818,0.041666666666666664
smoke,fr_uniform,b4_h1_w2_n7_a1.5,4.0,1.0,49,1,2000,2.8000000000000003,0.3805739631120666,1.3637197493658106,5.0,0.71875,0.2604166666666667,0.020833333333333332,82.28571428571428,0.041666666666666664
smoke,fr_uniform,b4_h1_w2_n7_a1.5,4.0,1.0,49,1,2000,3.2,0.36625949230252547,1.3438709594438456,9.0,0.625,0.3020833333333333,0.07291666666666667,73.14285714285714,0.052083333333333336
smoke,fr_uniform,b4_h1_w2_n7_a1.5,4.0,1.0,49,1,2000,3.6,0.33788730006265977,1.0779805828651374,9.0,0.6458333333333334,0.2708333333333333,0.08333333333333333,73.14285714285714,0.052083333333333336
smoke,fr_uniform,b4_h1_w2_n7_a1.5,4.0,1.0,49,1,2000,4.0,0.30988331343763714,0.9364717381320432,11.0,0.5833333333333334,0.3125,0.10416666666666667,70.89230769230768,0.052083333333333336
smoke,fr_uniform,b4_h4_w2_n7_a1.5,4.0,4.0,49,0,2000,0.0,1.2649653716887648,8.264097710374513,0.0,1.0,0.0,0.0,96.0,0.010416666666666666
smoke,fr_uniform,b4_h4_w2_n7_a1.5,4.0,4.0,49,0,2000,0.4,1.5966869622378412,6.204114164830032,0.0,0.9895833333333334,0.010416666666666666,0.0,96.0,0.010416666666666666
smoke,fr_uniform,b4_h4_w2_n7_a1.5,4.0,4.0,49,0,2000,0.8,1.7482249093248903,6.328492070842802,0.0,0.96875,0.03125,0.0,96.0,0.010416666666666666
smoke,fr_uniform,b4_h4_w2_n7_a1.5,4.0,4.0,49,0,2000,1.2,2.4111349764889294,10.44107988928626,0.0,0.9375,0.0625,0.0,96.0,0.010416666666666666
smoke,fr_uniform,b4_h4_w2_n7_a1.5,4.0,4.0,49,0,2000,1.6,1.1832561579304697,5.545545625808051,3.0,0.8541666666666666,0.14583333333333334,0.0,90.3529411764706,0.020833333333333332
smoke,fr_uniform,b4_h4_w2_n7_a1.5,4.0,4.0,49,0,2000,2.0,0.7176719832702994,4.221543467044149,3.0,0.78125,0.19791666666666666,0.020833333333333332,90.3529411764706,0.020833333333333332
smoke,fr_uniform,b4_h4_w2_n7_a1.5,4.0,4.0,49,0,2000,2.4,0.6600639480003153,4.298100660244994,3.0,0.7604166666666666,0.19791666666666666,0.041666666666666664,90.3529411764706,0.020833333333333332
smoke,fr_uniform,b4_h4_w2_n7_a1.5,4.0,4.0,49,0,2000,2.8000000000000003,0.5602551448982013,3.5253211136493454,5.0,0.6875,0.25,0.0625,85.33333333333333,0.03125
smoke,fr_uniform,b4_h4_w2_n7_a1.5,4.0,4.0,49,0,2000,3.2,0.5519056534208175,2.1232467372579076,5.0,0.6458333333333334,0.2708333333333333,0.08333333333333333,85.33333333333333,0.03125
smoke,fr_uniform,b4_h4_w2_n7_a1.5,4.0,4.0,49,0,2000,3.6,0.5096643991279156,1.590127647053341,5.0,0.5833333333333334,0.3020833333333333,0.11458333333333333,85.33333333333333,0.03125
smoke,fr_uniform,b4_h4_w2_n7_a1.5,4.0,4.0,49,0,2000,4.0,0.5059237715506161,1.5943243621097813,8.0,0.5104166666666666,0.3229166666666667,0.16666666666666666,78.10169491525424,0.041666666666666664
smoke,fr_uniform,b4_h4_w2_n7_a1.5,4.0,4.0,49,1,2000,0.0,1.2649653194666513,8.264097593471988,0.0,1.0,0.0,0.0,96.0,0.010416666666666666
smoke,fr_uniform,b4_h4_w2_n7_a1.5,4.0,4.0,49,1,2000,0.4,1.8627067702538058,7.554077225685124,0.0,1.0,0.0,0.0,96.0,0.010416666666666666
smoke,fr_uniform,b4_h4_w2_n7_a1.5,4.0,4.0,49,1,2000,0.8,2.1133360787611672,7.064106967885396,0.0,0.9270833333333334,0.07291666666666667,0.0,96.0,0.010416666666666666
smoke,fr_uniform,b4_h4_w2_n7_a1.5,4.0,4.0,49,1,2000,1.2,1.5210364833711074,5.58725983046475,1.0,0.8645833333333334,0.13541666666666666,0.0,94.04081632653062,0.020833333333333332
smoke,fr_uniform,b4_h4_w2_n7_a1.5,4.0,4.0,49,1,2000,1.6,0.7719516860911709,3.510081775778524,1.0,0.8020833333333334,0.19791666666666666,0.0,94.04081632653062,0.020833333333333332
smoke,fr_uniform,b4_h4_w2_n7_a1.5,4.0,4.0,49,1,2000,2.0,0.6047920071837936,5.107570321558448,3.0,0.7708333333333334,0.20833333333333334,0.020833333333333332,90.3529411764706,0.020833333333333332
smoke,fr_uniform,b4_h4_w2_n7_a1.5,4.0,4.0,49,1,2000,2.4,0.5248259042542527,2.2186327488378383,5.0,0.7395833333333334,0.21875,0.041666666666666664,85.33333333333333,0.03125
smoke,fr_uniform,b4_h4_w2_n7_a1.5,4.0,4.0,49,1,2000,2.8000000000000003,0.44911382808495137,2.323075682120321,5.0,0.6875,0.2604166666666667,0.052083333333333336,85.33333333333333,0.03125
smoke,fr_uniform,b4_h4_w2_n7_a1.5,4.0,4.0,49,1,2000,3.2,0.4222304805368637,1.791248747580367,9.0,0.6145833333333334,0.2916666666666667,0.09375,75.54098360655736,0.041666666666666664
smoke,fr_uniform,b4_h4_w2_n7_a1.5,4.0,4.0,49,1,2000,3.6,0.4063097759788663,1.4886996311923952,9.0,0.6458333333333334,0.23958333333333334,0.11458333333333333,75.54098360655736,0.041666666666666664
smoke,fr_uniform,b4_h4_w2_n7_a1.5,4.0,4.0,49,1,2000,4.0,0.39968803418337556,1.5428255497845136,10.0,0.6458333333333334,0.2604166666666667,0.09375,73.14285714285714,0.041666666666666664
