phi,gamma,method,seed,final_l2_f,final_l2_fp,int_l2_f,final_ess,repl_fraction,score_std
0.75,15.0,abf,0,0.023552802289104963,0.07525682535708145,2.436897740872814,512.0,0.0,0.0
0.75,15.0,abf,1,0.02198466903267153,0.06925539410514911,2.8430670503564497,512.0,0.0,0.0
0.75,15.0,abf,10,0.028128814544599038,0.07401596680254292,2.7200615839557036,512.0,0.0,0.0
0.75,15.0,abf,11,0.024257032517242493,0.07266264476399066,2.508148107364594,512.0,0.0,0.0
0.75,15.0,abf,12,0.02826405164335514,0.07480103531308355,2.5839676968590455,512.0,0.0,0.0
0.75,15.0,abf,13,0.022971008123938732,0.06914630520197887,2.5741077225572893,512.0,0.0,0.0
0.75,15.0,abf,14,0.02280041301916024,0.06694402684021387,2.820097836627548,512.0,0.0,0.0
0.75,15.0,abf,15,0.01856977317169752,0.07181219817432406,2.5067321074897655,512.0,0.0,0.0
0.75,15.0,abf,16,0.020073935840993838,0.07254966280730646,2.6558535808115336,512.0,0.0,0.0
0.75,15.0,abf,17,0.028936743313344344,0.07455314188671171,2.811427204010822,512.0,0.0,0.0
0.75,15.0,abf,18,0.02638144471639211,0.07774763228508909,2.4547422658787625,512.0,0.0,0.0
0.75,15.0,abf,19,0.025475907719820612,0.07678452069859894,2.7237586158897926,512.0,0.0,0.0
0.75,15.0,abf,2,0.02098500040593829,0.06318487406172785,2.4392026991035562,512.0,0.0,0.0
0.75,15.0,abf,3,0.021122337037331428,0.06956709840511037,2.5848175340370707,512.0,0.0,0.0
0.75,15.0,abf,4,0.023802089196329288,0.07215514368480798,2.681018052625074,512.0,0.0,0.0
0.75,15.0,abf,5,0.022128457174878456,0.0723100737581169,2.7257934948413727,512.0,0.0,0.0
0.75,15.0,abf,6,0.02493311460407262,0.07046575244176416,2.662356599842494,512.0,0.0,0.0
0.75,15.0,abf,7,0.021748070943592778,0.06986599145840076,2.343512319845701,512.0,0.0,0.0
0.75,15.0,abf,8,0.022608287590087196,0.07268056459011508,2.4330414008866823,512.0,0.0,0.0
0.75,15.0,abf,9,0.02125275332709391,0.06930402615492512,2.5210739541235028,512.0,0.0,0.0
0.75,1.0,abf,0,0.019517595750407474,0.07148620190540013,2.407608716835842,512.0,0.0,0.0
0.75,1.0,abf,1,0.02166345919045574,0.07145062249222119,2.1378119217791323,512.0,0.0,0.0
0.75,1.0,abf,10,0.025144795632852632,0.07096226604090115,2.519274403974516,512.0,0.0,0.0
0.75,1.0,abf,11,0.026626593933148084,0.07182676092809116,2.7629074770000006,512.0,0.0,0.0
0.75,1.0,abf,12,0.026996529698604225,0.07500395590161145,2.7209236836580843,512.0,0.0,0.0
0.75,1.0,abf,13,0.020396377686564597,0.07102878071788954,2.554883987502471,512.0,0.0,0.0
0.75,1.0,abf,14,0.022434285899744496,0.06978399112170756,2.4652336014989573,512.0,0.0,0.0
0.75,1.0,abf,15,0.021875685175729777,0.06723626375446026,2.535197932769545,512.0,0.0,0.0
0.75,1.0,abf,16,0.02436508865777858,0.07078377661576671,2.637884940128516,512.0,0.0,0.0
0.75,1.0,abf,17,0.025433675906851503,0.0747504166707305,2.8606964833806163,512.0,0.0,0.0
0.75,1.0,abf,18,0.026128847501072642,0.0743025543972733,2.511151411666651,512.0,0.0,0.0
0.75,1.0,abf,19,0.024950411624551225,0.07473201632259507,2.7815419116215825,512.0,0.0,0.0
0.75,1.0,abf,2,0.021567943317978924,0.07342107362407413,2.7306322718779867,512.0,0.0,0.0
0.75,1.0,abf,3,0.024324594144588225,0.07506702477198648,2.623408932609074,512.0,0.0,0.0
0.75,1.0,abf,4,0.02601729421703936,0.07649452122378003,2.688118172623552,512.0,0.0,0.0
0.75,1.0,abf,5,0.01971820833776361,0.0695886724207126,2.414877685128941,512.0,0.0,0.0
0.75,1.0,abf,6,0.02368858362948688,0.06903162478922346,3.177408413096444,512.0,0.0,0.0
0.75,1.0,abf,7,0.028602130616248347,0.07588200689660601,2.9957288872785783,512.0,0.0,0.0
0.75,1.0,abf,8,0.026917767465568492,0.07261063145835461,2.764531428315874,512.0,0.0,0.0
0.75,1.0,abf,9,0.028178133604299403,0.07435107127296198,2.8634020427559657,512.0,0.0,0.0
0.75,30.0,abf,0,0.027103810669929587,0.0746674895768295,3.0737196490605845,512.0,0.0,0.0
0.75,30.0,abf,1,0.02286407453223575,0.07430837041892428,2.436245704146232,512.0,0.0,0.0
0.75,30.0,abf,10,0.025084728382142357,0.07609449411632811,2.3885020472217624,512.0,0.0,0.0
0.75,30.0,abf,11,0.01985360227271691,0.07356790433527836,2.3906270281788675,512.0,0.0,0.0
0.75,30.0,abf,12,0.018814554364893786,0.06970928856511427,2.4878383051583706,512.0,0.0,0.0
0.75,30.0,abf,13,0.02533758273453691,0.07276370062350063,2.625341243300938,512.0,0.0,0.0
0.75,30.0,abf,14,0.022909706120995556,0.07122676203974874,2.5393674888460804,512.0,0.0,0.0
0.75,30.0,abf,15,0.023820438846967364,0.07265674673081962,2.5931469692228823,512.0,0.0,0.0
0.75,30.0,abf,16,0.024303665786439613,0.07506092845318593,2.940757488660913,512.0,0.0,0.0
0.75,30.0,abf,17,0.018832460934438435,0.0680154776681215,2.4662710551972213,512.0,0.0,0.0
0.75,30.0,abf,18,0.016732570336731076,0.06483795287148286,2.3605445334330786,512.0,0.0,0.0
0.75,30.0,abf,19,0.018420576507244726,0.06740467432967957,2.7733700595546584,512.0,0.0,0.0
0.75,30.0,abf,2,0.019551700105482628,0.06560626645665618,2.6091179850232966,512.0,0.0,0.0
0.75,30.0,abf,3,0.025065143634295663,0.08001949146717073,2.606191269693349,512.0,0.0,0.0
0.75,30.0,abf,4,0.02631612924666478,0.07609285475724224,2.615616222678134,512.0,0.0,0.0
0.75,30.0,abf,5,0.027525096779722983,0.07135364706085263,3.1528025360133634,512.0,0.0,0.0
0.75,30.0,abf,6,0.02813572980313125,0.07449290760003348,2.4442464703331637,512.0,0.0,0.0
0.75,30.0,abf,7,0.021354391979289764,0.07016746214410485,2.4895600848608335,512.0,0.0,0.0
0.75,30.0,abf,8,0.02862075435194477,0.07209698465738437,2.6663247275543887,512.0,0.0,0.0
0.75,30.0,abf,9,0.02934521402101762,0.07513541853627113,2.875185348232409,512.0,0.0,0.0
0.75,50.0,abf,0,0.022623024013632143,0.076677063429475,2.5368474151939853,512.0,0.0,0.0
0.75,50.0,abf,1,0.015190500626164833,0.06103055959110412,2.193150185257177,512.0,0.0,0.0
0.75,50.0,abf,10,0.029409167495719594,0.08033158057523179,2.793722282012464,512.0,0.0,0.0
0.75,50.0,abf,11,0.028440287613085754,0.07900815789230094,2.7352380147768622,512.0,0.0,0.0
0.75,50.0,abf,12,0.02298642949524612,0.07114298347175477,2.6381884974938794,512.0,0.0,0.0
0.75,50.0,abf,13,0.025823982478964554,0.07261069132727223,3.1218200392401454,512.0,0.0,0.0
0.75,50.0,abf,14,0.03011839922069462,0.08385515112799115,2.7468069091026712,512.0,0.0,0.0
0.75,50.0,abf,15,0.02139505134894434,0.06978334878290711,2.4734820897260894,512.0,0.0,0.0
0.75,50.0,abf,16,0.02247258194437533,0.07289409328869567,2.706338263418824,512.0,0.0,0.0
0.75,50.0,abf,17,0.02152510260109317,0.07534752608185961,2.1887396583328003,512.0,0.0,0.0
0.75,50.0,abf,18,0.027290420724614572,0.0760273778524607,2.8210278093647077,512.0,0.0,0.0
0.75,50.0,abf,19,0.022586363785113087,0.07290008650649456,2.862603217650416,512.0,0.0,0.0
0.75,50.0,abf,2,0.023725353855534884,0.0691187980325137,2.4239792792122996,512.0,0.0,0.0
0.75,50.0,abf,3,0.023318401605950924,0.07167392627564628,2.5962959149469107,512.0,0.0,0.0
0.75,50.0,abf,4,0.02122579949151789,0.06705333700879261,2.5396015377925796,512.0,0.0,0.0
0.75,50.0,abf,5,0.021916154159183368,0.07168079093194611,2.6493411538624083,512.0,0.0,0.0
0.75,50.0,abf,6,0.025984745481829084,0.0697819139710425,3.013671380212793,512.0,0.0,0.0
0.75,50.0,abf,7,0.020412858918458596,0.07034131649026439,2.5567995564367783,512.0,0.0,0.0
0.75,50.0,abf,8,0.0315324625288984,0.07590074579748328,2.735671511998578,512.0,0.0,0.0
0.75,50.0,abf,9,0.02499619358040914,0.0737128067945777,2.7678625520829554,512.0,0.0,0.0
0.75,5.0,abf,0,0.026566577035445984,0.0786745380261296,2.639063283868315,512.0,0.0,0.0
0.75,5.0,abf,1,0.0223536056357457,0.06785681527847928,2.5848708994746694,512.0,0.0,0.0
0.75,5.0,abf,10,0.02576850313404901,0.07296138745635697,2.7905989128199433,512.0,0.0,0.0
0.75,5.0,abf,11,0.02660501560002357,0.07729762283803464,2.9686304396966623,512.0,0.0,0.0
0.75,5.0,abf,12,0.023229372115222767,0.06847600663570227,2.7401149661896174,512.0,0.0,0.0
0.75,5.0,abf,13,0.02452840486188325,0.06793562349256076,2.611423230403505,512.0,0.0,0.0
0.75,5.0,abf,14,0.024527146628924624,0.07091351800631995,2.789765565550226,512.0,0.0,0.0
0.75,5.0,abf,15,0.024745146576485837,0.07345198474079526,2.7294406381569893,512.0,0.0,0.0
0.75,5.0,abf,16,0.028176327681691545,0.07815301482328729,2.811922122478509,512.0,0.0,0.0
0.75,5.0,abf,17,0.023229173045616662,0.07191686301612082,2.8253776949679192,512.0,0.0,0.0
0.75,5.0,abf,18,0.021448176823567974,0.06815665250530513,2.168020434554969,512.0,0.0,0.0
0.75,5.0,abf,19,0.026378564895425533,0.07067860325861508,2.616208139288471,512.0,0.0,0.0
0.75,5.0,abf,2,0.02407327821582682,0.07587903186900924,2.368229458662169,512.0,0.0,0.0
0.75,5.0,abf,3,0.02185006921985005,0.07134937058339164,2.733514554685926,512.0,0.0,0.0
0.75,5.0,abf,4,0.025630412140336217,0.07493696204304993,2.761941621698496,512.0,0.0,0.0
0.75,5.0,abf,5,0.0226487913530315,0.0689735670383,2.5323817477267783,512.0,0.0,0.0
0.75,5.0,abf,6,0.028796941332509502,0.07365862329662076,3.1185615448217296,512.0,0.0,0.0
0.75,5.0,abf,7,0.02322748118423192,0.07517995768212873,2.7718591072994583,512.0,0.0,0.0
0.75,5.0,abf,8,0.024943403432198044,0.07131242163809559,2.8814298325835064,512.0,0.0,0.0
0.75,5.0,abf,9,0.016893137255347117,0.06629885332070451,2.417046709735379,512.0,0.0,0.0
0.9,15.0,abf,0,0.03493250387334552,0.13981965668244217,3.113247154167996,512.0,0.0,0.0
0.9,15.0,abf,1,0.030923965099914054,0.135639477226265,2.9417522482743603,512.0,0.0,0.0
0.9,15.0,abf,10,0.03276082024441864,0.13960120217485372,2.720474471294491,512.0,0.0,0.0
0.9,15.0,abf,11,0.030869224628099157,0.13770769960091964,2.9004708435120774,512.0,0.0,0.0
0.9,15.0,abf,12,0.031026256627770143,0.13960934405945016,2.836240735919761,512.0,0.0,0.0
0.9,15.0,abf,13,0.028878640387616887,0.1357188646152689,2.873162628557991,512.0,0.0,0.0
0.9,15.0,abf,14,0.027098181931785894,0.13525388121471887,2.3701407950744287,512.0,0.0,0.0
0.9,15.0,abf,15,0.027973011053795807,0.13129903844578825,2.8444056552479484,512.0,0.0,0.0
0.9,15.0,abf,16,0.027092092521302794,0.13878678018404236,2.735294035962765,512.0,0.0,0.0
0.9,15.0,abf,17,0.031775145928520224,0.13595922354278828,2.848721905594361,512.0,0.0,0.0
0.9,15.0,abf,18,0.03137122948537984,0.1358198083519993,2.766029026900961,512.0,0.0,0.0
0.9,15.0,abf,19,0.0260000807551253,0.13374249399967125,2.75899683185117,512.0,0.0,0.0
0.9,15.0,abf,2,0.03178969786911499,0.13609901413019318,3.051502238395643,512.0,0.0,0.0
0.9,15.0,abf,3,0.028679413263072988,0.13780261137787791,2.8947439680615847,512.0,0.0,0.0
0.9,15.0,abf,4,0.032823722873233534,0.1390415900770205,3.198670839136269,512.0,0.0,0.0
0.9,15.0,abf,5,0.03478429343840951,0.1397736281351343,3.3437454114412875,512.0,0.0,0.0
0.9,15.0,abf,6,0.032699051691560455,0.1382143552749845,2.714715215428374,512.0,0.0,0.0
0.9,15.0,abf,7,0.02843611533076686,0.13312268397543675,2.7009479686163775,512.0,0.0,0.0
0.9,15.0,abf,8,0.03430518670624372,0.14052207101603295,2.9055182019234636,512.0,0.0,0.0
0.9,15.0,abf,9,0.0343149355741004,0.1382542992788697,3.1846280467932324,512.0,0.0,0.0
0.9,1.0,abf,0,0.03241770714291578,0.13475275633629588,3.228944159475425,512.0,0.0,0.0
0.9,1.0,abf,1,0.02957526598405284,0.13796502823469625,2.737604412979843,512.0,0.0,0.0
0.9,1.0,abf,10,0.03532425989370139,0.13920539577000945,3.128630349883803,512.0,0.0,0.0
0.9,1.0,abf,11,0.027825550036624146,0.13447369453704433,2.6777297284309007,512.0,0.0,0.0
0.9,1.0,abf,12,0.03240929003531573,0.1368613495290111,2.9755402247825833,512.0,0.0,0.0
0.9,1.0,abf,13,0.02918203319660872,0.14022201861492448,2.642215759079852,512.0,0.0,0.0
0.9,1.0,abf,14,0.026840781884254216,0.1358802237757856,2.686416561008273,512.0,0.0,0.0
0.9,1.0,abf,15,0.027406332018242396,0.13743693494271997,2.6882224819355844,512.0,0.0,0.0
0.9,1.0,abf,16,0.030057436451127524,0.1374454141221484,3.001419808236033,512.0,0.0,0.0
0.9,1.0,abf,17,0.03153434026979796,0.13799573036911547,3.0082828295276074,512.0,0.0,0.0
0.9,1.0,abf,18,0.03206019602730807,0.13669337993175276,2.7284658380682503,512.0,0.0,0.0
0.9,1.0,abf,19,0.02967825679250575,0.13392250610594517,2.9198551043482532,512.0,0.0,0.0
0.9,1.0,abf,2,0.03240133629407462,0.13655992752827628,3.3190924389165706,512.0,0.0,0.0
0.9,1.0,abf,3,0.02769280628408473,0.13484097445113652,2.7721893464913276,512.0,0.0,0.0
0.9,1.0,abf,4,0.029124945746492395,0.13641041662952053,2.6887531336660766,512.0,0.0,0.0
0.9,1.0,abf,5,0.03388151616333303,0.13718113206156626,3.015674380322936,512.0,0.0,0.0
0.9,1.0,abf,6,0.02812476647237913,0.13419847859268091,2.7537643749409355,512.0,0.0,0.0
0.9,1.0,abf,7,0.02778680438505404,0.13463635629094242,3.0019755251212645,512.0,0.0,0.0
0.9,1.0,abf,8,0.029906490226367544,0.13205848014474678,2.9966377837478557,512.0,0.0,0.0
0.9,1.0,abf,9,0.034283236517034,0.14004287513877667,2.9006977391833324,512.0,0.0,0.0
0.9,30.0,abf,0,0.03131839876378759,0.1396882896499462,3.011267257416023,512.0,0.0,0.0
0.9,30.0,abf,1,0.03010518388417424,0.1370903023005563,2.7499026944200526,512.0,0.0,0.0
0.9,30.0,abf,10,0.03100849183180373,0.1373008575145901,2.8410136518807034,512.0,0.0,0.0
0.9,30.0,abf,11,0.036244019250786234,0.142735818028402,3.2519191202236035,512.0,0.0,0.0
0.9,30.0,abf,12,0.026663734204138773,0.13417518672424855,2.610070691929943,512.0,0.0,0.0
0.9,30.0,abf,13,0.026989225314747727,0.13777551694822007,2.725529472456596,512.0,0.0,0.0
0.9,30.0,abf,14,0.031516936405587254,0.1356206159186934,3.0379938304175966,512.0,0.0,0.0
0.9,30.0,abf,15,0.028388901009215484,0.13593604546290344,2.535291077375752,512.0,0.0,0.0
0.9,30.0,abf,16,0.03517178787777071,0.14068630410771352,3.2834810277227002,512.0,0.0,0.0
0.9,30.0,abf,17,0.03286208008670167,0.14012392369852608,3.1211423570592483,512.0,0.0,0.0
0.9,30.0,abf,18,0.0302563648906685,0.13974347689817743,2.8780902985516037,512.0,0.0,0.0
0.9,30.0,abf,19,0.030989560428818178,0.13759268106754766,3.025258571384945,512.0,0.0,0.0
0.9,30.0,abf,2,0.03520114540134343,0.14176251997810274,3.3445906105820393,512.0,0.0,0.0
0.9,30.0,abf,3,0.03484464310775688,0.13818934205275787,3.1785515207501795,512.0,0.0,0.0
0.9,30.0,abf,4,0.031249330830598644,0.1380335532344533,2.9091560148135827,512.0,0.0,0.0
0.9,30.0,abf,5,0.02844514929849603,0.13383017167073463,2.752695525789072,512.0,0.0,0.0
0.9,30.0,abf,6,0.02788519461290729,0.13518893377153593,2.7228216621419388,512.0,0.0,0.0
0.9,30.0,abf,7,0.029352594317532933,0.13577210786950863,2.82813765415132,512.0,0.0,0.0
0.9,30.0,abf,8,0.034327825502426614,0.13760736727849773,3.120071673868641,512.0,0.0,0.0
0.9,30.0,abf,9,0.03210724419275008,0.13782087832011358,2.88413142633544,512.0,0.0,0.0
0.9,50.0,abf,0,0.03098902763575383,0.13649382066977836,2.7687260987567255,512.0,0.0,0.0
0.9,50.0,abf,1,0.03135199786619459,0.13557070983919936,3.0101893499503127,512.0,0.0,0.0
0.9,50.0,abf,10,0.02913124021279092,0.13403674984673813,2.67411008307632,512.0,0.0,0.0
0.9,50.0,abf,11,0.0306507098833752,0.13473755779833302,2.787761228272213,512.0,0.0,0.0
0.9,50.0,abf,12,0.03272748869960328,0.1431118993976289,2.933137952544373,512.0,0.0,0.0
0.9,50.0,abf,13,0.025598339125591372,0.13396012495789966,2.686266430662137,512.0,0.0,0.0
0.9,50.0,abf,14,0.032984541641672506,0.13962711841549774,3.143408402399322,512.0,0.0,0.0
0.9,50.0,abf,15,0.03015152056587796,0.13594498882411601,2.9507205848157945,512.0,0.0,0.0
0.9,50.0,abf,16,0.03356982795916742,0.1359837073492037,3.132054405421771,512.0,0.0,0.0
0.9,50.0,abf,17,0.03459420976357292,0.1393227387525836,2.9312245185463133,512.0,0.0,0.0
0.9,50.0,abf,18,0.03095729977901667,0.1381034486143678,2.9601143090517006,512.0,0.0,0.0
0.9,50.0,abf,19,0.03425586376939722,0.13438974885416166,3.12388563214222,512.0,0.0,0.0
0.9,50.0,abf,2,0.030590545628225385,0.1317583781207123,2.600305559471317,512.0,0.0,0.0
0.9,50.0,abf,3,0.03162164788899902,0.13898940245362387,3.0162857271219594,512.0,0.0,0.0
0.9,50.0,abf,4,0.03400396108318939,0.13665009939055436,2.9506464559507743,512.0,0.0,0.0
0.9,50.0,abf,5,0.0296950546948782,0.13374722609061382,2.6763090272829864,512.0,0.0,0.0
0.9,50.0,abf,6,0.030974269723819885,0.13423270085326902,3.053356833110659,512.0,0.0,0.0
0.9,50.0,abf,7,0.03396157147188378,0.13967635222284625,2.992996475758158,512.0,0.0,0.0
0.9,50.0,abf,8,0.029432552683208123,0.13784981882448702,2.493054737892318,512.0,0.0,0.0
0.9,50.0,abf,9,0.028786131601727258,0.13683198672890395,3.1779371739360127,512.0,0.0,0.0
0.9,5.0,abf,0,0.03231783706526391,0.13474279277701742,2.996189809470372,512.0,0.0,0.0
0.9,5.0,abf,1,0.03255022512419137,0.14117918015005584,3.1002347489881177,512.0,0.0,0.0
0.9,5.0,abf,10,0.03061842069948694,0.13504396881371505,2.893220154037569,512.0,0.0,0.0
0.9,5.0,abf,11,0.031249555582620756,0.13327325531349404,2.8446835251964666,512.0,0.0,0.0
0.9,5.0,abf,12,0.029160049330548696,0.14081745369685797,2.4065936408358066,512.0,0.0,0.0
0.9,5.0,abf,13,0.03733296577830436,0.140912970464711,3.4102156488228936,512.0,0.0,0.0
0.9,5.0,abf,14,0.03162034282089682,0.13376121919464848,2.849435803886643,512.0,0.0,0.0
0.9,5.0,abf,15,0.030196570975475068,0.1368111771536935,3.0845594390211826,512.0,0.0,0.0
0.9,5.0,abf,16,0.02805909652811845,0.1346354069397144,2.9982564598273123,512.0,0.0,0.0
0.9,5.0,abf,17,0.030344610398061918,0.13519464415279936,2.6554024617336633,512.0,0.0,0.0
0.9,5.0,abf,18,0.028862037681862268,0.1366075091819639,2.958757733387484,512.0,0.0,0.0
0.9,5.0,abf,19,0.0279974184712146,0.1349409662107601,2.742856834418468,512.0,0.0,0.0
0.9,5.0,abf,2,0.03278121760487963,0.13704383313639504,3.0991615219855575,512.0,0.0,0.0
0.9,5.0,abf,3,0.02744795524897502,0.13805241005744595,2.6483150199142624,512.0,0.0,0.0
0.9,5.0,abf,4,0.024879192244573616,0.13686659545184754,2.4739013696870726,512.0,0.0,0.0
0.9,5.0,abf,5,0.02618369487294801,0.13737682379165253,2.5565919474233243,512.0,0.0,0.0
0.9,5.0,abf,6,0.031150006964521262,0.13685302224768883,2.833250950121008,512.0,0.0,0.0
0.9,5.0,abf,7,0.028856383176146416,0.13924078436026013,2.680307649592092,512.0,0.0,0.0
0.9,5.0,abf,8,0.032152503547202615,0.13378728254318717,3.2247143719044375,512.0,0.0,0.0
0.9,5.0,abf,9,0.027921409212339803,0.13467619199264322,2.6186978964939582,512.0,0.0,0.0
0.75,15.0,fr_estimated,0,0.032066452266105425,0.09714473323189647,2.216926037754141,117.0,0.005559814453125,0.103201847639651
0.75,15.0,fr_estimated,1,0.025221650527400195,0.08465522696626146,1.9941088640054003,121.0,0.00560400390625,0.10420832602792532
0.75,15.0,fr_estimated,10,0.028611524105297714,0.08256650865536758,2.229251360194546,115.0,0.005661376953125,0.1046442012981383
0.75,15.0,fr_estimated,11,0.019485665216541794,0.08346255849326407,1.3543814142838544,125.0,0.005599609375,0.10537985010707314
0.75,15.0,fr_estimated,12,0.02350188427252232,0.08561603610603773,1.7440922027753094,106.0,0.005565673828125,0.10400646720262267
0.75,15.0,fr_estimated,13,0.03463138865743573,0.08560705809706923,2.617725101397638,116.0,0.00558154296875,0.1037447928636026
0.75,15.0,fr_estimated,14,0.02194975789050496,0.07876084649955133,1.7922488911080885,114.0,0.00567138671875,0.10457759951962861
0.75,15.0,fr_estimated,15,0.028508651901584758,0.092847233339337,1.9739820995584352,102.0,0.00564306640625,0.10421613869872955
0.75,15.0,fr_estimated,16,0.026557352834482163,0.08445932900040679,1.7503626554453122,102.0,0.005687255859375,0.10332934913140289
0.75,15.0,fr_estimated,17,0.0235242704394183,0.08048983441352382,1.9142761221847935,119.0,0.00553271484375,0.10448958022648551
0.75,15.0,fr_estimated,18,0.028056068966442978,0.09246700838044146,1.9708409362788917,115.0,0.005619384765625,0.10420169170576742
0.75,15.0,fr_estimated,19,0.024961658894412007,0.09665771294608756,2.0245618994657733,125.0,0.005560791015625,0.10341154968605554
0.75,15.0,fr_estimated,2,0.023840368480737027,0.08879304164227363,1.8447931666234356,101.0,0.0056015625,0.10408867714295786
0.75,15.0,fr_estimated,3,0.022817713858718263,0.0754029218850127,2.163535997283155,120.0,0.00566064453125,0.10374829196921152
0.75,15.0,fr_estimated,4,0.02226880994332157,0.08684537596854543,1.5561080507851377,115.0,0.00558544921875,0.1037508100622197
0.75,15.0,fr_estimated,5,0.023073065350496233,0.08944041240030269,1.6963507445247288,114.0,0.005671630859375,0.10471025923389773
0.75,15.0,fr_estimated,6,0.02662091071565364,0.08476966796692084,1.8685590872770805,117.0,0.005613525390625,0.10340093827956537
0.75,15.0,fr_estimated,7,0.017673687717211006,0.07520846399410201,1.6388939384218517,115.0,0.005632080078125,0.1040870251078416
0.75,15.0,fr_estimated,8,0.03287336155451541,0.09437392221560761,2.5020913546556556,118.0,0.005635009765625,0.1035657360205673
0.75,15.0,fr_estimated,9,0.02774490909414107,0.0937701121279588,2.07559578268665,116.0,0.00560498046875,0.10405078585176075
0.75,1.0,fr_estimated,0,0.021501632678091544,0.0745074521048468,2.0984255655584425,386.0,0.000550537109375,0.15489614709687716
0.75,1.0,fr_estimated,1,0.02337461788545821,0.0819978203108359,2.053876553414005,385.0,0.000563232421875,0.15666895301642314
0.75,1.0,fr_estimated,10,0.023022482499452043,0.08072173506344522,2.3139784504999694,372.0,0.00055126953125,0.152029877672185
0.75,1.0,fr_estimated,11,0.02606236963910166,0.07537070911275578,2.5793536886101145,374.0,0.000577880859375,0.15415073320910547
0.75,1.0,fr_estimated,12,0.019417438300531754,0.0716353132523006,2.0225564293113782,372.0,0.000579833984375,0.15683500730490954
0.75,1.0,fr_estimated,13,0.02883384157234507,0.08068963652326513,2.4620883983481137,358.0,0.00055078125,0.1518559813536669
0.75,1.0,fr_estimated,14,0.030669461966089714,0.08070741876786225,2.5361988372136426,383.0,0.00056201171875,0.1545968046817732
0.75,1.0,fr_estimated,15,0.02513117226884478,0.07729786541363554,2.5082892462266333,367.0,0.000576904296875,0.15502995373135536
0.75,1.0,fr_estimated,16,0.019143290481066902,0.0682878851356354,2.294215036666473,349.0,0.000543701171875,0.1519764505538385
0.75,1.0,fr_estimated,17,0.02364626845138699,0.07992724686901347,2.198945560959638,373.0,0.00055859375,0.156863260666572
0.75,1.0,fr_estimated,18,0.027942691741657904,0.08068193600470423,2.5195864728381707,349.0,0.0005361328125,0.15327232911010916
0.75,1.0,fr_estimated,19,0.028184311539787076,0.07845478814828831,2.3587237616190344,359.0,0.000563232421875,0.15666358745756703
0.75,1.0,fr_estimated,2,0.01971018916051306,0.07327048598253433,2.1161291139419007,364.0,0.000551025390625,0.15986164589839158
0.75,1.0,fr_estimated,3,0.023778778358515856,0.07835963102117728,2.4255276226522984,369.0,0.000544189453125,0.15075175755301373
0.75,1.0,fr_estimated,4,0.025335080593731966,0.08165806267631541,2.343082509014484,369.0,0.000577392578125,0.156358028036562
0.75,1.0,fr_estimated,5,0.023804200127105626,0.08308227777314012,2.1124165582129724,363.0,0.0005615234375,0.15594592042711275
0.75,1.0,fr_estimated,6,0.02429370319813494,0.07852817517378945,2.4260821331992215,379.0,0.000572265625,0.15483000957563148
0.75,1.0,fr_estimated,7,0.032688770186315316,0.08650087801373829,2.7546568539660345,368.0,0.0005625,0.16026242144007277
0.75,1.0,fr_estimated,8,0.03332054202443317,0.0885252911130719,2.820566306494943,376.0,0.0005400390625,0.15494928528696691
0.75,1.0,fr_estimated,9,0.033808053094984754,0.08912707117636896,2.999949895679642,377.0,0.00056298828125,0.15785611694879764
0.75,30.0,fr_estimated,0,0.02899552168945622,0.09125555704452608,2.048621870388563,86.0,0.009785888671875,0.09228965338032341
0.75,30.0,fr_estimated,1,0.019723842376212667,0.08389468896546645,1.4188790468018917,95.0,0.00990087890625,0.09208919696347519
0.75,30.0,fr_estimated,10,0.032080306015672695,0.09718797741993607,2.2891835853259446,83.0,0.01003515625,0.0929471054622013
0.75,30.0,fr_estimated,11,0.029448638529565085,0.09085647756022651,1.9732424633083538,77.0,0.009943115234375,0.09234613235490925
0.75,30.0,fr_estimated,12,0.027553828012795763,0.0938958230993241,1.9286753434648185,78.0,0.009826904296875,0.09239568969259622
0.75,30.0,fr_estimated,13,0.028064187473357826,0.09240719265454052,1.8376171135406993,81.0,0.00987255859375,0.09296316800443698
0.75,30.0,fr_estimated,14,0.02775344656436589,0.09300534430105853,2.068149605756881,90.0,0.009790771484375,0.09215548984342024
0.75,30.0,fr_estimated,15,0.02980311189996807,0.09717974843575411,2.08135314786455,75.0,0.009908203125,0.09322063323693575
0.75,30.0,fr_estimated,16,0.02816066802171744,0.09054239893032916,2.0177675714812526,86.0,0.009892578125,0.09236198965409952
0.75,30.0,fr_estimated,17,0.023189682491470708,0.08674596308986164,1.7188102833260501,71.0,0.009946044921875,0.09266577287649706
0.75,30.0,fr_estimated,18,0.024044416516910885,0.0929285324599795,1.608412649030269,84.0,0.00991796875,0.09314294485331794
0.75,30.0,fr_estimated,19,0.034026519128995715,0.1038657816476781,2.2679743936805634,77.0,0.009880126953125,0.09260220408870347
0.75,30.0,fr_estimated,2,0.02232452509211911,0.08457810471742024,1.5703840852230988,88.0,0.009792724609375,0.09228020801111449
0.75,30.0,fr_estimated,3,0.030084981605441524,0.10641766480580542,1.819768851599302,83.0,0.00986328125,0.09223368359157923
0.75,30.0,fr_estimated,4,0.02751704520139844,0.09035699939327656,1.7217373746108076,80.0,0.009943115234375,0.09261401118935662
0.75,30.0,fr_estimated,5,0.02814806381278583,0.08947364469204144,1.8590151298083608,76.0,0.009947265625,0.09370242737026467
0.75,30.0,fr_estimated,6,0.030040465799995364,0.10197208785813211,2.116308872274852,84.0,0.009981201171875,0.09375885481518513
0.75,30.0,fr_estimated,7,0.03170568801611978,0.09026245006096088,2.324518046055995,78.0,0.009941650390625,0.09324051955440728
0.75,30.0,fr_estimated,8,0.02608764032226525,0.08901285877806325,1.7641276284207197,63.0,0.00982470703125,0.09219345741496882
0.75,30.0,fr_estimated,9,0.02474288213668442,0.09835680651463206,1.5941728203696193,88.0,0.009818359375,0.09193807869536588
0.75,50.0,fr_estimated,0,0.03180375779735384,0.09547874713461717,2.3505230649848063,45.0,0.0149814453125,0.08487967249020033
0.75,50.0,fr_estimated,1,0.020752637087546634,0.08423378713454786,1.6728947600948714,56.0,0.015033935546875,0.08536079411891014
0.75,50.0,fr_estimated,10,0.022957137733744144,0.08850836657797236,1.8329484890455467,52.0,0.015147216796875,0.08496202908434494
0.75,50.0,fr_estimated,11,0.029889433052587858,0.09204327055540637,1.9355365140704237,59.0,0.014935791015625,0.08483749383970186
0.75,50.0,fr_estimated,12,0.03403384444585124,0.09991939020369378,2.446579633617996,53.0,0.015132080078125,0.08521644380780409
0.75,50.0,fr_estimated,13,0.024319566826679212,0.08862283334629824,1.639161937961685,61.0,0.01504736328125,0.08520329509501179
0.75,50.0,fr_estimated,14,0.03205622549687003,0.10025476508094465,2.0036751128287342,69.0,0.014908935546875,0.08350631440813791
0.75,50.0,fr_estimated,15,0.021962270346028424,0.08824018237397907,1.454372250357754,59.0,0.014908203125,0.08414147561585977
0.75,50.0,fr_estimated,16,0.02612869620348245,0.09833374324824944,1.9147738599755206,59.0,0.0151162109375,0.08559330227665368
0.75,50.0,fr_estimated,17,0.029371925057800168,0.10238440868010056,1.779926063020823,55.0,0.015011474609375,0.0854847071268445
0.75,50.0,fr_estimated,18,0.020500614856047338,0.08585934218856613,1.4323164912482924,62.0,0.0150302734375,0.08494790708653252
0.75,50.0,fr_estimated,19,0.028988545190657113,0.10014129755333588,1.7412897024727614,54.0,0.01494482421875,0.08465882791633521
0.75,50.0,fr_estimated,2,0.02145920472078092,0.08668905542979413,1.6794873652958835,61.0,0.014867919921875,0.08388094778526324
0.75,50.0,fr_estimated,3,0.032719235467933816,0.10806654380461181,1.9945046372889168,59.0,0.01508154296875,0.08511396020742254
0.75,50.0,fr_estimated,4,0.036118201227477574,0.09821261975791513,2.2693436919290506,54.0,0.01496923828125,0.08504702540053413
0.75,50.0,fr_estimated,5,0.030202237380025553,0.10082183468165351,1.8593113427722705,65.0,0.014814208984375,0.08475704442139277
0.75,50.0,fr_estimated,6,0.023263486680686847,0.09316453741389391,1.3336924375316357,52.0,0.015036376953125,0.0849406127206347
0.75,50.0,fr_estimated,7,0.02871390960495663,0.09538024234202286,2.10927413138319,58.0,0.015063232421875,0.08471326429662913
0.75,50.0,fr_estimated,8,0.027452028129811124,0.08957278015105458,1.9705721834306953,59.0,0.014998046875,0.08479103469622913
0.75,50.0,fr_estimated,9,0.030382723391192665,0.10552422775318815,1.7308425977270865,55.0,0.014937255859375,0.08486732666822479
0.75,5.0,fr_estimated,0,0.028974273258826587,0.09139807202979074,2.354916746423789,200.0,0.002269775390625,0.125463192431598
0.75,5.0,fr_estimated,1,0.030573258890362966,0.08412985191643904,2.626263909063251,189.0,0.002210693359375,0.12459401025750182
0.75,5.0,fr_estimated,10,0.027417957037069184,0.08946523307328591,2.0061824194442446,210.0,0.00227099609375,0.12440898793579781
0.75,5.0,fr_estimated,11,0.02953827151436773,0.08277922340636557,2.5278444806590605,214.0,0.00224462890625,0.12431556136513804
0.75,5.0,fr_estimated,12,0.02775324984867515,0.08986210114225983,2.018704826177812,209.0,0.002237548828125,0.12351334535722738
0.75,5.0,fr_estimated,13,0.02887115602785209,0.08422953409307553,2.314853268585596,227.0,0.002234130859375,0.1231141630489287
0.75,5.0,fr_estimated,14,0.03012228845378893,0.09228056630580068,2.3705148016258404,183.0,0.00223681640625,0.12425840486530562
0.75,5.0,fr_estimated,15,0.023628373352456322,0.08404509890696506,1.847477880075179,210.0,0.00227783203125,0.12500979036340093
0.75,5.0,fr_estimated,16,0.022949376479860506,0.08195483533886093,1.8934484366878892,214.0,0.00220361328125,0.12101961219306598
0.75,5.0,fr_estimated,17,0.02236185546952815,0.08415757126583467,2.0171128732892774,213.0,0.002175537109375,0.12316760244053962
0.75,5.0,fr_estimated,18,0.02777394188106312,0.08232423966528353,2.290026457929827,194.0,0.00225439453125,0.12313463692324739
0.75,5.0,fr_estimated,19,0.028007524487675167,0.07897904537653311,2.4556404627158575,206.0,0.0022041015625,0.12288043884123957
0.75,5.0,fr_estimated,2,0.03135686635746709,0.08197167147008615,2.721683916910216,207.0,0.002240234375,0.12393617371407539
0.75,5.0,fr_estimated,3,0.01715861132085607,0.0763123330345261,1.6636983950060236,213.0,0.002248046875,0.12330009044577092
0.75,5.0,fr_estimated,4,0.01968719204774886,0.07739316960519868,1.6274079302989775,226.0,0.002287841796875,0.12431464221811633
0.75,5.0,fr_estimated,5,0.025406192727045872,0.08469607964943024,1.99949827495388,200.0,0.002221923828125,0.12445492238039257
0.75,5.0,fr_estimated,6,0.026357741625942514,0.08266094560082968,2.122117645851316,198.0,0.00225634765625,0.12326917062113747
0.75,5.0,fr_estimated,7,0.030177200601120488,0.08883857781794853,2.39675518978207,202.0,0.002288330078125,0.12338234211106955
0.75,5.0,fr_estimated,8,0.028755632203664748,0.08307682729127207,1.962447996634977,200.0,0.002231689453125,0.12251361158936082
0.75,5.0,fr_estimated,9,0.024655937538922246,0.07662014300162426,2.080865741097079,186.0,0.002221923828125,0.12275367721112909
0.9,15.0,fr_estimated,0,0.02602920408969288,0.13793674750391788,2.12201708035585,133.0,0.0055498046875,0.10250433814501621
0.9,15.0,fr_estimated,1,0.027348107886960092,0.14090632122897798,2.035435286375316,112.0,0.0055595703125,0.10260288371332363
0.9,15.0,fr_estimated,10,0.03028512573581869,0.14402593605463523,2.1952992292720044,127.0,0.005548095703125,0.10243480360283745
0.9,15.0,fr_estimated,11,0.027839826517279547,0.14671028409812836,2.194049916827566,91.0,0.005639404296875,0.1033025610119886
0.9,15.0,fr_estimated,12,0.025152334111958163,0.14134064208804506,1.9057535241697037,112.0,0.005538818359375,0.10201775646826022
0.9,15.0,fr_estimated,13,0.030173610237731994,0.1434332653170553,2.5066728125031728,109.0,0.005603515625,0.10092970279185137
0.9,15.0,fr_estimated,14,0.02506824649460089,0.1437504292146996,1.9805655729056189,127.0,0.00553125,0.1020900815465624
0.9,15.0,fr_estimated,15,0.02067334186921478,0.14327591659589553,1.460470739998935,110.0,0.00557958984375,0.10266595095339222
0.9,15.0,fr_estimated,16,0.020875645834248675,0.14806682190826018,1.5220933853073664,109.0,0.00556591796875,0.10268637967010748
0.9,15.0,fr_estimated,17,0.029243301869580497,0.14497803701648854,2.2450845543748867,115.0,0.005574462890625,0.1027672448175543
0.9,15.0,fr_estimated,18,0.026546481037590396,0.14355888680397308,2.1227063898208107,123.0,0.00552685546875,0.1022001426142812
0.9,15.0,fr_estimated,19,0.022752706006541945,0.1419228265398208,1.8906515307537024,119.0,0.005644775390625,0.102364533837649
0.9,15.0,fr_estimated,2,0.02755576727844615,0.14328652397837546,2.1131398276316977,123.0,0.005610595703125,0.10258205598654888
0.9,15.0,fr_estimated,3,0.02500158742174144,0.14380026874472418,2.0217373040784103,106.0,0.00554248046875,0.10196521531559646
0.9,15.0,fr_estimated,4,0.02446727015235484,0.13625920526988722,1.9805472954652161,129.0,0.00554931640625,0.10224550904576046
0.9,15.0,fr_estimated,5,0.02511440136165388,0.1477621202660095,1.9659170352463802,121.0,0.0055546875,0.1024943967570947
0.9,15.0,fr_estimated,6,0.024954058258914856,0.146115869678879,1.6844774439305548,124.0,0.005595458984375,0.10337808468420819
0.9,15.0,fr_estimated,7,0.019390037837284765,0.13821089831723846,1.5372403692389915,111.0,0.0056181640625,0.10385457283466136
0.9,15.0,fr_estimated,8,0.028263105597235768,0.14369513532355757,2.121235245959076,107.0,0.005543212890625,0.10183894510417082
0.9,15.0,fr_estimated,9,0.02759642924735978,0.14631280825076748,2.1410775748552355,117.0,0.005537353515625,0.10149820749495748
0.9,1.0,fr_estimated,0,0.031018313258665622,0.14152872922211257,2.830241691361736,370.0,0.000557373046875,0.1531819092161146
0.9,1.0,fr_estimated,1,0.03187316692865197,0.13616249853189383,2.982263509356467,368.0,0.000568359375,0.15480190128233703
0.9,1.0,fr_estimated,10,0.03450601613492338,0.1411360192003915,2.8484323931692908,370.0,0.00056396484375,0.15157391138326384
0.9,1.0,fr_estimated,11,0.02764091411556038,0.13549043734593075,2.7702014515853284,372.0,0.000550537109375,0.15999941951525895
0.9,1.0,fr_estimated,12,0.02407705537930918,0.13485367734924353,2.369198829350112,372.0,0.000544189453125,0.1499544559661588
0.9,1.0,fr_estimated,13,0.02574311809664387,0.1383754960035241,2.1696635568579534,367.0,0.000552978515625,0.15544914235334983
0.9,1.0,fr_estimated,14,0.026757621816407482,0.1375282000017187,2.547208310434306,351.0,0.000536376953125,0.15273393460195683
0.9,1.0,fr_estimated,15,0.021595177250306165,0.13767491213227703,2.117850735104742,364.0,0.0005771484375,0.15511098830584547
0.9,1.0,fr_estimated,16,0.028441892880244114,0.13403293405653308,2.5247276839107,341.0,0.000558837890625,0.1527600763865027
0.9,1.0,fr_estimated,17,0.02999570610061182,0.13909771796516907,2.5945100279846303,361.0,0.000536865234375,0.14899848120791037
0.9,1.0,fr_estimated,18,0.03088551709420725,0.13756157393475055,2.681177186333871,372.0,0.000558349609375,0.15486400641286807
0.9,1.0,fr_estimated,19,0.031683475142512844,0.1373830351144746,2.5547941323719954,374.0,0.000561767578125,0.15553767476299937
0.9,1.0,fr_estimated,2,0.0331284795785206,0.14012859688312998,2.6450199939934054,367.0,0.0005537109375,0.15648448523799707
0.9,1.0,fr_estimated,3,0.03121867201443711,0.14173121363965846,2.6391150172872,373.0,0.000544921875,0.15109223732538857
0.9,1.0,fr_estimated,4,0.026374254077964177,0.1328153039179797,2.3586252785222657,365.0,0.000597412109375,0.1560299419382121
0.9,1.0,fr_estimated,5,0.03592498212343059,0.14219243764022912,3.0494903324923714,374.0,0.00059033203125,0.15713002660467773
0.9,1.0,fr_estimated,6,0.027642471584736344,0.1397254442510682,2.3775674540857024,377.0,0.00056640625,0.15765881376016957
0.9,1.0,fr_estimated,7,0.029195824079517072,0.14216525640212013,2.6292849048263056,361.0,0.000547119140625,0.1525488017324042
0.9,1.0,fr_estimated,8,0.028226513638250742,0.13526904881958074,2.6613633516040016,366.0,0.00053955078125,0.15331032196228206
0.9,1.0,fr_estimated,9,0.03506473332971731,0.13814787684556892,2.6314056801793617,384.0,0.000565185546875,0.15533395454154938
0.9,30.0,fr_estimated,0,0.03242881007719137,0.15460501607984412,2.3836279496329684,68.0,0.0097607421875,0.08951910940751154
0.9,30.0,fr_estimated,1,0.021301745511946513,0.13936130827754734,1.7161536437213822,74.0,0.009775634765625,0.09015556796792286
0.9,30.0,fr_estimated,10,0.02984428052952799,0.14053345356040586,2.249570767066214,84.0,0.00977001953125,0.08960482139336838
0.9,30.0,fr_estimated,11,0.024487220010717847,0.14204455214790246,1.8407200031761697,66.0,0.009845458984375,0.09030947467248515
0.9,30.0,fr_estimated,12,0.033665361473482265,0.14785271783264145,2.5620607859066293,86.0,0.009770263671875,0.09030016469545028
0.9,30.0,fr_estimated,13,0.026185720292491305,0.14641254383198632,1.9681329609729725,93.0,0.009668212890625,0.08923805453333598
0.9,30.0,fr_estimated,14,0.04246447529487913,0.15265192797901392,3.0995807258488854,75.0,0.00987353515625,0.08988683753648212
0.9,30.0,fr_estimated,15,0.02699648806397257,0.14680666033778453,1.956308142339707,77.0,0.009738037109375,0.08969388342912124
0.9,30.0,fr_estimated,16,0.029972035376990724,0.14549735905916897,2.2350000051590904,70.0,0.009908203125,0.09042350431637793
0.9,30.0,fr_estimated,17,0.02407829623956901,0.1505540874493638,1.646730221257088,71.0,0.00984814453125,0.09027552942173117
0.9,30.0,fr_estimated,18,0.024524787846273526,0.1369200898005629,1.7977006069476726,74.0,0.00978125,0.08956920651963529
0.9,30.0,fr_estimated,19,0.03229533807585798,0.14617394588764912,2.29304597732098,78.0,0.009802978515625,0.0902483378418965
0.9,30.0,fr_estimated,2,0.029764995375191703,0.14830677173686285,2.1836030813132625,77.0,0.00980517578125,0.0900249725292968
0.9,30.0,fr_estimated,3,0.03000369592872839,0.14450692991412697,2.1549231344639708,88.0,0.009797119140625,0.0897642127623182
0.9,30.0,fr_estimated,4,0.02776633532311834,0.14230462472021368,2.0287872238932536,72.0,0.009631591796875,0.08899228908226699
0.9,30.0,fr_estimated,5,0.02798692049070105,0.15658679870393832,1.9638205574159844,80.0,0.009681884765625,0.08963499378474304
0.9,30.0,fr_estimated,6,0.02838058326146958,0.14152576133191522,2.241328648759424,83.0,0.009670654296875,0.08959687053617992
0.9,30.0,fr_estimated,7,0.02300517442422938,0.145965599105597,1.5625364679817313,86.0,0.009743896484375,0.08969429905961945
0.9,30.0,fr_estimated,8,0.01887510049332148,0.1409852019941208,1.4487797080152334,91.0,0.009790283203125,0.09005220383765718
0.9,30.0,fr_estimated,9,0.030900284684508398,0.14542832720659832,2.3362158619131534,76.0,0.00973388671875,0.08979279967369216
0.9,50.0,fr_estimated,0,0.02841339092675682,0.14179293511398033,2.0364129703517486,63.0,0.01471826171875,0.08107870673872836
0.9,50.0,fr_estimated,1,0.03162355963556684,0.14528682460827763,2.4375141134262517,59.0,0.01478515625,0.08125384502293558
0.9,50.0,fr_estimated,10,0.0325241205552358,0.1474157631030321,2.368908156014566,60.0,0.014793701171875,0.08192637129445163
0.9,50.0,fr_estimated,11,0.018281589216529663,0.1426151367024454,1.1256149827551953,62.0,0.01478271484375,0.08192813353510256
0.9,50.0,fr_estimated,12,0.01980460258752422,0.14586212342871732,1.254770166413918,59.0,0.014788330078125,0.08218625783675991
0.9,50.0,fr_estimated,13,0.03047839764534841,0.15510774750469178,2.12410497209785,53.0,0.01460546875,0.08114964570944608
0.9,50.0,fr_estimated,14,0.025213233304727727,0.15530477306152193,1.6503928773285972,65.0,0.014721435546875,0.08142981880811076
0.9,50.0,fr_estimated,15,0.025306463467217107,0.15052291120596836,1.9374096667971892,61.0,0.014826416015625,0.08177201740710704
0.9,50.0,fr_estimated,16,0.02802862934756326,0.14714839116377418,2.0780884077894233,61.0,0.014677001953125,0.08143685894697318
0.9,50.0,fr_estimated,17,0.025177559744774012,0.14759466491987336,1.9777354092906956,62.0,0.014729736328125,0.08186574403369958
0.9,50.0,fr_estimated,18,0.023520798271987175,0.147581130053132,1.5619577051158622,53.0,0.014662841796875,0.08143315715610619
0.9,50.0,fr_estimated,19,0.026625580647302385,0.15016200867976706,2.052199283044917,62.0,0.0146796875,0.0810738459640987
0.9,50.0,fr_estimated,2,0.030016307409221274,0.15417323277890932,1.9219870617326553,54.0,0.014682861328125,0.08073128244398856
0.9,50.0,fr_estimated,3,0.019288598021862894,0.14808608301422882,1.4277986220586887,57.0,0.014578125,0.08149650191283313
0.9,50.0,fr_estimated,4,0.023099233179046646,0.1430025373796081,1.785768873324122,57.0,0.0146953125,0.08118306216236505
0.9,50.0,fr_estimated,5,0.020224065765369902,0.14230666073535733,1.5015985792943274,57.0,0.014625244140625,0.08094877474379882
0.9,50.0,fr_estimated,6,0.02708598426986045,0.1516165236274608,1.8457901392999865,53.0,0.014697998046875,0.08183677683730421
0.9,50.0,fr_estimated,7,0.0318945622072528,0.15083672906892315,2.2957844039693844,59.0,0.014831298828125,0.08159067797332956
0.9,50.0,fr_estimated,8,0.03555778273871379,0.1522065652478227,2.7097788634517506,66.0,0.014716064453125,0.08175581273555581
0.9,50.0,fr_estimated,9,0.024420742253210156,0.14614654010191397,1.6778995496470839,65.0,0.014614501953125,0.08121288241228336
0.9,5.0,fr_estimated,0,0.03315284604525019,0.14133923872097454,2.399596703733778,200.0,0.002264892578125,0.1248268423119735
0.9,5.0,fr_estimated,1,0.022578267553858125,0.13763349793666724,2.0414427221836133,214.0,0.002213134765625,0.12229183392243173
0.9,5.0,fr_estimated,10,0.030470157354158128,0.14099467974774338,2.6171020367665276,225.0,0.00225927734375,0.1218603682667046
0.9,5.0,fr_estimated,11,0.028118421025282166,0.13668697670854324,2.3500629466087886,225.0,0.00224609375,0.1221782724120816
0.9,5.0,fr_estimated,12,0.02916844268931649,0.1416922074735855,2.2527724297031146,186.0,0.00224365234375,0.1227451161186878
0.9,5.0,fr_estimated,13,0.02718515285598272,0.14314481466721854,1.9604766827560742,202.0,0.002240234375,0.12369124027286725
0.9,5.0,fr_estimated,14,0.025111811152869673,0.13529090404474237,2.193400891893931,209.0,0.002218505859375,0.12243851185764247
0.9,5.0,fr_estimated,15,0.026242724453424116,0.1407193057438415,1.9707923801682383,207.0,0.002251708984375,0.12429937118566738
0.9,5.0,fr_estimated,16,0.033320615563767995,0.14400080780490243,2.719402617845339,201.0,0.002251708984375,0.12354938430988348
0.9,5.0,fr_estimated,17,0.026912134159543258,0.13537111097653848,2.1639140041373066,191.0,0.002232177734375,0.12213259685642998
0.9,5.0,fr_estimated,18,0.023375044619050867,0.13982499704405016,1.7807584629639013,210.0,0.0022255859375,0.12240404974003517
0.9,5.0,fr_estimated,19,0.03031893408411114,0.13883416277919217,2.596785926378317,209.0,0.002236572265625,0.12410369736469493
0.9,5.0,fr_estimated,2,0.03255343389173236,0.14253997745016317,2.486690923139017,201.0,0.002244140625,0.12376085903080906
0.9,5.0,fr_estimated,3,0.02882612800243747,0.13833510091506052,2.6175756062502487,203.0,0.00221240234375,0.12179618069553516
0.9,5.0,fr_estimated,4,0.023760187773422654,0.1370871009896624,2.0326305041140125,225.0,0.002228515625,0.12206570970441465
0.9,5.0,fr_estimated,5,0.028704319833323465,0.14137691257961976,2.4045070531929116,202.0,0.002208740234375,0.12334752498261109
0.9,5.0,fr_estimated,6,0.030981671143123505,0.1396257016095406,2.2809772365250214,221.0,0.002239501953125,0.12400799305484128
0.9,5.0,fr_estimated,7,0.02800277141329373,0.1400675576169272,2.222497560157088,192.0,0.002230224609375,0.12160342568569645
0.9,5.0,fr_estimated,8,0.028990523954820734,0.13932377844593483,2.3850128245182187,213.0,0.00222314453125,0.12346853526788394
0.9,5.0,fr_estimated,9,0.0220790884084891,0.13671554666646368,1.9909645836622625,205.0,0.00221435546875,0.1212373720168275
