config_id,method,target_type,gamma,eta,burnin_fraction,stop_fraction,duration_fraction,fr_every,n_seeds,median_gain_I_F_pct,median_gain_I_Fprime_pct,favorable_I_F,favorable_I_Fprime,median_ancestor_ess,median_ancestor_ess_fraction,seeds_ancestor_ess_ge_half,median_max_clone_weight,seeds_max_clone_weight_le_0p10,median_cumulative_replacements,post_stop_integrity,passes_gain,passes_genealogy,passes_all
abf_fr_physical|tt=physical|g=0.02|eta=0.1|bi=0.2|sf=0.3|fe=100,abf_fr_physical,physical,0.02,0.1,0.2,0.3,0.09999999999999998,100,8,-0.532146887784718,-1.6035641133922307,4,3,140.35013573996625,0.5482427177342432,6,0.0234375,8,87.0,True,False,True,False
abf_fr_physical|tt=physical|g=0.02|eta=0.1|bi=0.2|sf=0.3|fe=20,abf_fr_physical,physical,0.02,0.1,0.2,0.3,0.09999999999999998,20,8,-3.7489165518277634,-1.8475648485375418,2,2,133.48838444178944,0.52143900172574,7,0.025390625,8,95.5,True,False,True,False
abf_fr_physical|tt=physical|g=0.02|eta=0.1|bi=0.2|sf=0.3|fe=500,abf_fr_physical,physical,0.02,0.1,0.2,0.3,0.09999999999999998,500,8,-4.9441361899684395,-4.37525931021664,1,2,139.14287774972954,0.543526866209881,8,0.01953125,8,88.0,True,False,True,False
abf_fr_physical|tt=physical|g=0.02|eta=0.1|bi=0.2|sf=0.5|fe=100,abf_fr_physical,physical,0.02,0.1,0.2,0.5,0.3,100,8,-12.602506335018814,-16.8719818955564,1,2,65.35459701088902,0.25529139457378525,0,0.044921875,8,269.0,True,False,False,False
abf_fr_physical|tt=physical|g=0.02|eta=0.1|bi=0.2|sf=0.5|fe=20,abf_fr_physical,physical,0.02,0.1,0.2,0.5,0.3,20,8,-10.187144550128767,-13.995543672689204,2,3,68.93475144672342,0.2692763728387634,0,0.03515625,8,268.5,True,False,False,False
abf_fr_physical|tt=physical|g=0.02|eta=0.1|bi=0.2|sf=0.5|fe=500,abf_fr_physical,physical,0.02,0.1,0.2,0.5,0.3,500,8,-12.576805927433476,-16.83209955153184,2,1,74.05207194876562,0.2892659060498657,0,0.037109375,8,262.5,True,False,False,False
abf_fr_physical|tt=physical|g=0.02|eta=0.1|bi=0.4|sf=0.5|fe=100,abf_fr_physical,physical,0.02,0.1,0.4,0.5,0.09999999999999998,100,8,-0.2985022721921582,-1.7962310428157047,4,4,141.55237917521924,0.5529389811532002,7,0.01953125,8,89.5,True,False,True,False
abf_fr_physical|tt=physical|g=0.02|eta=0.1|bi=0.4|sf=0.5|fe=20,abf_fr_physical,physical,0.02,0.1,0.4,0.5,0.09999999999999998,20,8,-2.408545789676486,-2.3979139827573603,1,2,141.55237917521924,0.5529389811532002,8,0.01953125,8,90.0,True,False,True,False
abf_fr_physical|tt=physical|g=0.02|eta=0.1|bi=0.4|sf=0.5|fe=500,abf_fr_physical,physical,0.02,0.1,0.4,0.5,0.09999999999999998,500,8,-1.2707216297013102,-1.2663161233925857,3,3,140.64555586257714,0.549396702588192,7,0.01953125,8,92.0,True,False,True,False
abf_fr_physical|tt=physical|g=0.02|eta=0.1|bi=0.4|sf=0.7|fe=100,abf_fr_physical,physical,0.02,0.1,0.4,0.7,0.29999999999999993,100,8,-3.240291546992158,-6.273873685115571,2,2,71.90148930539182,0.2808651925991868,0,0.037109375,8,273.5,True,False,False,False
abf_fr_physical|tt=physical|g=0.02|eta=0.1|bi=0.4|sf=0.7|fe=20,abf_fr_physical,physical,0.02,0.1,0.4,0.7,0.29999999999999993,20,8,-3.357611778751912,-6.200759831978608,1,2,69.44367816091955,0.271264367816092,0,0.044921875,8,266.5,True,False,False,False
abf_fr_physical|tt=physical|g=0.02|eta=0.1|bi=0.4|sf=0.7|fe=500,abf_fr_physical,physical,0.02,0.1,0.4,0.7,0.29999999999999993,500,8,-4.412992899141555,-6.976815285514692,3,2,71.46995471324732,0.27917951059862234,0,0.041015625,8,255.0,True,False,False,False
abf_fr_physical|tt=physical|g=0.02|eta=0.1|bi=0.6|sf=0.7|fe=100,abf_fr_physical,physical,0.02,0.1,0.6,0.7,0.09999999999999998,100,8,0.17022343086563474,0.17216688970919658,5,4,130.58296419782488,0.5100897038977534,6,0.025390625,8,95.0,True,False,True,False
abf_fr_physical|tt=physical|g=0.02|eta=0.1|bi=0.6|sf=0.7|fe=20,abf_fr_physical,physical,0.02,0.1,0.6,0.7,0.09999999999999998,20,8,-0.452031747518733,-0.24996276561049524,3,4,137.40713130318588,0.5367466066530698,7,0.0234375,8,92.0,True,False,True,False
abf_fr_physical|tt=physical|g=0.02|eta=0.1|bi=0.6|sf=0.7|fe=500,abf_fr_physical,physical,0.02,0.1,0.6,0.7,0.09999999999999998,500,8,0.00718247493411428,0.10802890176599966,4,5,131.36051929689256,0.5131270285034866,6,0.0234375,8,95.5,True,False,True,False
abf_fr_physical|tt=physical|g=0.02|eta=0.1|bi=0.6|sf=0.9|fe=100,abf_fr_physical,physical,0.02,0.1,0.6,0.8999999999999999,0.29999999999999993,100,8,-0.2746428930064271,-0.1425536770705671,4,4,72.90969210969212,0.28480348480348483,0,0.03515625,8,268.0,True,False,False,False
abf_fr_physical|tt=physical|g=0.02|eta=0.1|bi=0.6|sf=0.9|fe=20,abf_fr_physical,physical,0.02,0.1,0.6,0.8999999999999999,0.29999999999999993,20,8,-1.3289730543430522,-0.7180237820100355,2,3,71.20184213506474,0.27813219584009663,0,0.03515625,8,271.5,True,False,False,False
abf_fr_physical|tt=physical|g=0.02|eta=0.1|bi=0.6|sf=0.9|fe=500,abf_fr_physical,physical,0.02,0.1,0.6,0.8999999999999999,0.29999999999999993,500,8,-1.0706961605065235,-1.1974783379980036,2,3,72.34823295462854,0.28261028497901775,0,0.037109375,8,255.0,True,False,False,False
abf_fr_physical|tt=physical|g=0.05|eta=0.1|bi=0.2|sf=0.3|fe=100,abf_fr_physical,physical,0.05,0.1,0.2,0.3,0.09999999999999998,100,8,-4.913577880154774,-1.564988003594292,1,3,84.78151316758378,0.33117778581087415,0,0.037109375,8,194.5,True,False,False,False
abf_fr_physical|tt=physical|g=0.05|eta=0.1|bi=0.2|sf=0.3|fe=20,abf_fr_physical,physical,0.05,0.1,0.2,0.3,0.09999999999999998,20,8,-4.908742265271049,-3.1885662795277714,3,3,80.94861660079052,0.31620553359683795,0,0.033203125,8,207.5,True,False,False,False
abf_fr_physical|tt=physical|g=0.05|eta=0.1|bi=0.2|sf=0.3|fe=500,abf_fr_physical,physical,0.05,0.1,0.2,0.3,0.09999999999999998,500,8,-7.2881002843753215,-7.932833467915968,1,2,88.57833789954338,0.34600913242009135,0,0.02734375,8,189.5,True,False,False,False
abf_fr_physical|tt=physical|g=0.05|eta=0.1|bi=0.2|sf=0.5|fe=100,abf_fr_physical,physical,0.05,0.1,0.2,0.5,0.3,100,8,1.811473254523005,0.25894141208090415,4,4,33.32085171146692,0.13015957699791766,0,0.072265625,7,578.5,True,False,False,False
abf_fr_physical|tt=physical|g=0.05|eta=0.1|bi=0.2|sf=0.5|fe=20,abf_fr_physical,physical,0.05,0.1,0.2,0.5,0.3,20,8,4.9535701846122215,2.0729306335875775,5,5,34.1624844893267,0.13344720503643243,0,0.06640625,8,589.5,True,False,False,False
abf_fr_physical|tt=physical|g=0.05|eta=0.1|bi=0.2|sf=0.5|fe=500,abf_fr_physical,physical,0.05,0.1,0.2,0.5,0.3,500,8,-5.309570976559774,-8.802178203545253,2,3,41.5024874186158,0.16211909147896797,0,0.05859375,8,532.0,True,False,False,False
abf_fr_physical|tt=physical|g=0.05|eta=0.1|bi=0.4|sf=0.5|fe=100,abf_fr_physical,physical,0.05,0.1,0.4,0.5,0.09999999999999998,100,8,-1.4290020184126395,-2.001237817707824,3,3,80.48800482218203,0.3144062688366486,0,0.03125,8,205.5,True,False,False,False
abf_fr_physical|tt=physical|g=0.05|eta=0.1|bi=0.4|sf=0.5|fe=20,abf_fr_physical,physical,0.05,0.1,0.4,0.5,0.09999999999999998,20,8,-2.763938623888351,-1.8963429810356702,2,3,79.75062769434838,0.31152588943104836,0,0.0390625,8,203.5,True,False,False,False
abf_fr_physical|tt=physical|g=0.05|eta=0.1|bi=0.4|sf=0.5|fe=500,abf_fr_physical,physical,0.05,0.1,0.4,0.5,0.09999999999999998,500,8,-3.1315309877123387,-4.3513816096401925,2,2,85.93518938612772,0.3356843335395614,0,0.03515625,8,192.5,True,False,False,False
abf_fr_physical|tt=physical|g=0.05|eta=0.1|bi=0.4|sf=0.7|fe=100,abf_fr_physical,physical,0.05,0.1,0.4,0.7,0.29999999999999993,100,8,0.2915541203636407,-2.0517890477577128,4,2,38.02256907285883,0.1485256604408548,0,0.05859375,8,563.5,True,False,False,False
abf_fr_physical|tt=physical|g=0.05|eta=0.1|bi=0.4|sf=0.7|fe=20,abf_fr_physical,physical,0.05,0.1,0.4,0.7,0.29999999999999993,20,8,0.9693727297831412,-0.2095906447635021,4,3,39.433437213990295,0.1540368641171496,0,0.05859375,8,566.0,True,False,False,False
abf_fr_physical|tt=physical|g=0.05|eta=0.1|bi=0.4|sf=0.7|fe=500,abf_fr_physical,physical,0.05,0.1,0.4,0.7,0.29999999999999993,500,8,-0.9371210050864387,-5.9647479525051565,3,2,38.505341066003865,0.1504114885390776,0,0.06640625,6,517.0,True,False,False,False
abf_fr_physical|tt=physical|g=0.05|eta=0.1|bi=0.6|sf=0.7|fe=100,abf_fr_physical,physical,0.05,0.1,0.6,0.7,0.09999999999999998,100,8,-0.21451410411648109,-0.22858870474904425,4,3,80.61606245839133,0.3149064939780911,0,0.033203125,8,192.5,True,False,False,False
abf_fr_physical|tt=physical|g=0.05|eta=0.1|bi=0.6|sf=0.7|fe=20,abf_fr_physical,physical,0.05,0.1,0.6,0.7,0.09999999999999998,20,8,0.835263889415433,0.1986507553032757,6,5,77.53865409114275,0.30288536754352635,0,0.03515625,8,204.5,True,False,False,False
abf_fr_physical|tt=physical|g=0.05|eta=0.1|bi=0.6|sf=0.7|fe=500,abf_fr_physical,physical,0.05,0.1,0.6,0.7,0.09999999999999998,500,8,-0.4516659780140375,-0.18073582218981477,3,3,87.61497326203208,0.3422459893048128,0,0.03125,8,189.5,True,False,False,False
abf_fr_physical|tt=physical|g=0.05|eta=0.1|bi=0.6|sf=0.9|fe=100,abf_fr_physical,physical,0.05,0.1,0.6,0.8999999999999999,0.29999999999999993,100,8,0.4774727782777932,0.28215192419235313,6,5,36.78708155674499,0.1436995373310351,0,0.07421875,7,568.5,True,False,False,False
abf_fr_physical|tt=physical|g=0.05|eta=0.1|bi=0.6|sf=0.9|fe=20,abf_fr_physical,physical,0.05,0.1,0.6,0.8999999999999999,0.29999999999999993,20,8,0.999268711321899,0.22400251367409307,6,5,36.76203891896243,0.143601714527197,0,0.0625,8,565.5,True,False,False,False
abf_fr_physical|tt=physical|g=0.05|eta=0.1|bi=0.6|sf=0.9|fe=500,abf_fr_physical,physical,0.05,0.1,0.6,0.8999999999999999,0.29999999999999993,500,8,-0.4304124289172373,-0.45786723787896166,3,3,41.60794607651192,0.1625310393613747,0,0.060546875,8,524.0,True,False,False,False
abf_fr_physical|tt=physical|g=0.1|eta=0.1|bi=0.2|sf=0.3|fe=100,abf_fr_physical,physical,0.1,0.1,0.2,0.3,0.09999999999999998,100,8,11.320628254403776,4.220346511651557,6,7,52.98979789264517,0.2069913980181452,0,0.048828125,8,356.5,True,True,False,False
abf_fr_physical|tt=physical|g=0.1|eta=0.1|bi=0.2|sf=0.3|fe=20,abf_fr_physical,physical,0.1,0.1,0.2,0.3,0.09999999999999998,20,8,9.005625239625449,5.75096107695956,7,6,47.321396545755604,0.18484920525685783,0,0.05859375,8,362.0,True,True,False,False
abf_fr_physical|tt=physical|g=0.1|eta=0.1|bi=0.2|sf=0.3|fe=500,abf_fr_physical,physical,0.1,0.1,0.2,0.3,0.09999999999999998,500,8,-2.9367313671292417,-2.4350471878155644,3,2,72.98031746031745,0.28507936507936504,0,0.037109375,8,248.5,True,False,False,False
abf_fr_physical|tt=physical|g=0.1|eta=0.1|bi=0.2|sf=0.5|fe=100,abf_fr_physical,physical,0.1,0.1,0.2,0.5,0.3,100,8,2.289570767344279,-16.092167140994007,4,2,20.23345358768998,0.07903692807691398,0,0.107421875,3,1042.0,True,False,False,False
abf_fr_physical|tt=physical|g=0.1|eta=0.1|bi=0.2|sf=0.5|fe=20,abf_fr_physical,physical,0.1,0.1,0.2,0.5,0.3,20,8,3.85459126483102,-20.4565285188412,5,2,20.700936399538982,0.08086303281069915,0,0.09765625,5,1077.0,True,False,False,False
abf_fr_physical|tt=physical|g=0.1|eta=0.1|bi=0.2|sf=0.5|fe=500,abf_fr_physical,physical,0.1,0.1,0.2,0.5,0.3,500,8,4.777280829884117,6.024270052922809,6,6,27.456743644044057,0.1072529048595471,0,0.09375,6,739.5,True,True,False,False
abf_fr_physical|tt=physical|g=0.1|eta=0.1|bi=0.4|sf=0.5|fe=100,abf_fr_physical,physical,0.1,0.1,0.4,0.5,0.09999999999999998,100,8,1.2368732839916907,1.7555628587522576,4,5,47.39173553719009,0.18512396694214878,0,0.064453125,8,373.5,True,False,False,False
abf_fr_physical|tt=physical|g=0.1|eta=0.1|bi=0.4|sf=0.5|fe=20,abf_fr_physical,physical,0.1,0.1,0.4,0.5,0.09999999999999998,20,8,3.1007417477124544,1.709991889599649,6,5,49.335756202560326,0.19271779766625127,0,0.0546875,8,361.5,True,False,False,False
abf_fr_physical|tt=physical|g=0.1|eta=0.1|bi=0.4|sf=0.5|fe=500,abf_fr_physical,physical,0.1,0.1,0.4,0.5,0.09999999999999998,500,8,2.248915149249969,0.9766560689172865,6,5,67.86126701682923,0.2650830742844892,0,0.04296875,8,250.0,True,False,False,False
abf_fr_physical|tt=physical|g=0.1|eta=0.1|bi=0.4|sf=0.7|fe=100,abf_fr_physical,physical,0.1,0.1,0.4,0.7,0.29999999999999993,100,8,-0.29362395263168306,-3.320390864281164,4,2,20.41008069522036,0.07972687771570452,0,0.103515625,3,1077.5,True,False,False,False
abf_fr_physical|tt=physical|g=0.1|eta=0.1|bi=0.4|sf=0.7|fe=20,abf_fr_physical,physical,0.1,0.1,0.4,0.7,0.29999999999999993,20,8,2.3172798335717895,-4.691997303286721,5,2,19.190631220940364,0.0749634032067983,0,0.107421875,1,1085.0,True,False,False,False
abf_fr_physical|tt=physical|g=0.1|eta=0.1|bi=0.4|sf=0.7|fe=500,abf_fr_physical,physical,0.1,0.1,0.4,0.7,0.29999999999999993,500,8,1.9830725604138177,0.9317701624800778,5,4,31.036565250499816,0.1212365830097649,0,0.0859375,6,743.5,True,False,False,False
abf_fr_physical|tt=physical|g=0.1|eta=0.1|bi=0.6|sf=0.7|fe=100,abf_fr_physical,physical,0.1,0.1,0.6,0.7,0.09999999999999998,100,8,1.0129397761100778,0.30460829087898267,5,5,51.40081593283564,0.20078443723763922,0,0.05078125,8,363.5,True,False,False,False
abf_fr_physical|tt=physical|g=0.1|eta=0.1|bi=0.6|sf=0.7|fe=20,abf_fr_physical,physical,0.1,0.1,0.6,0.7,0.09999999999999998,20,8,-0.2217759771826311,0.19741810369635626,4,5,48.293143079157055,0.18864509015295725,0,0.056640625,8,371.5,True,False,False,False
abf_fr_physical|tt=physical|g=0.1|eta=0.1|bi=0.6|sf=0.7|fe=500,abf_fr_physical,physical,0.1,0.1,0.6,0.7,0.09999999999999998,500,8,-0.13114491634721448,0.2738689116900006,4,6,67.59765890839799,0.26405335511092964,0,0.041015625,8,250.0,True,False,False,False
abf_fr_physical|tt=physical|g=0.1|eta=0.1|bi=0.6|sf=0.9|fe=100,abf_fr_physical,physical,0.1,0.1,0.6,0.8999999999999999,0.29999999999999993,100,8,0.7077109002552484,-2.937778166096383,5,1,20.49416263271366,0.08005532278403774,0,0.10546875,3,1050.5,True,False,False,False
abf_fr_physical|tt=physical|g=0.1|eta=0.1|bi=0.6|sf=0.9|fe=20,abf_fr_physical,physical,0.1,0.1,0.6,0.8999999999999999,0.29999999999999993,20,8,0.8696641814484818,-2.9866423679171916,5,1,19.41413062822566,0.07583644776650648,0,0.115234375,4,1060.0,True,False,False,False
abf_fr_physical|tt=physical|g=0.1|eta=0.1|bi=0.6|sf=0.9|fe=500,abf_fr_physical,physical,0.1,0.1,0.6,0.8999999999999999,0.29999999999999993,500,8,0.4820546912180479,-0.34807559332232785,5,2,29.21829616378454,0.11413396938978336,0,0.08984375,7,737.0,True,False,False,False
