run_id,config_id,method,target_type,seed,gamma,eta,burnin_fraction,stop_fraction,fr_every,final_l2_F,final_l2_Fprime,integrated_l2_F,integrated_l2_Fprime,final_marginal_l2_uniform,final_marginal_l2_target,final_marginal_l2_physical_ref,integrated_marginal_l2_physical_ref,final_deltaF_error,integrated_deltaF_error,final_barrier_height_error,integrated_barrier_height_error,deltaF_ref,barrier_crossings,n_unique_ancestors,mean_fr_event_fraction,max_fr_event_fraction,any_nan,final_ancestor_ess,final_max_clone_multiplicity,final_max_clone_weight,cumulative_fr_events,cumulative_replacements,frac_left,frac_barrier,frac_right,runtime_seconds,total_barrier_crossings
abf_only|tt=none|g=0|eta=0.1|bi=0|sf=1|fe=1|seed=2000,abf_only|tt=none|g=0|eta=0.1|bi=0|sf=1|fe=1,abf_only,none,2000,0.0,0.1,0.0,1.0,1,0.0633104730552578,0.1130131699077791,17.06955378369304,37.37784414335634,0.0768930770283987,0.4290688472046872,0.4187963192130338,39.06060279437062,0.1166631036579728,22.5046340637898,0.1254691744046886,36.39751257536158,0.2136588086310551,27731,256,0.0,0.0,False,256.0,1,0.00390625,0,0,0.421875,0.14453125,0.26171875,7.240624606609344,27731
abf_only|tt=none|g=0|eta=0.1|bi=0|sf=1|fe=1|seed=2001,abf_only|tt=none|g=0|eta=0.1|bi=0|sf=1|fe=1,abf_only,none,2001,0.0,0.1,0.0,1.0,1,0.0362403203087839,0.1333613646820974,12.126519171614683,29.282785233088138,0.0549757584353479,0.4062640397342346,0.3971676769587731,39.41155949131628,0.0596054041241158,12.662978241598822,0.0321418338787889,24.649881324587177,0.2136588086310551,28726,256,0.0,0.0,False,256.0,1,0.00390625,0,0,0.390625,0.1640625,0.26953125,7.240624606609344,28726
abf_only|tt=none|g=0|eta=0.1|bi=0|sf=1|fe=1|seed=2002,abf_only|tt=none|g=0|eta=0.1|bi=0|sf=1|fe=1,abf_only,none,2002,0.0,0.1,0.0,1.0,1,0.0281403446299497,0.0855618309295663,11.796862542406704,32.17310974528935,0.0614857868475698,0.4100213991055738,0.3888183033526662,39.37261797487701,0.009074188821919,2.4749483253334947,0.0840568137122632,30.53882401124339,0.2136588086310551,26707,256,0.0,0.0,False,256.0,1,0.00390625,0,0,0.37109375,0.08984375,0.36328125,7.240624606609344,26707
abf_only|tt=none|g=0|eta=0.1|bi=0|sf=1|fe=1|seed=2003,abf_only|tt=none|g=0|eta=0.1|bi=0|sf=1|fe=1,abf_only,none,2003,0.0,0.1,0.0,1.0,1,0.0279853732040495,0.0723756857612561,11.557041802111684,24.222357358578133,0.066276526789842,0.4648571355909738,0.417664975340326,39.853564360534925,0.051160134044534,16.40758540167878,0.0412459171427834,20.66058390862265,0.2136588086310551,33456,256,0.0,0.0,False,256.0,1,0.00390625,0,0,0.2734375,0.13671875,0.40625,7.240624606609344,33456
abf_only|tt=none|g=0|eta=0.1|bi=0|sf=1|fe=1|seed=2004,abf_only|tt=none|g=0|eta=0.1|bi=0|sf=1|fe=1,abf_only,none,2004,0.0,0.1,0.0,1.0,1,0.0355709399373864,0.1017141029559991,14.579978207436236,27.514124222297514,0.0558064064739163,0.4036666016017041,0.3959671872692791,39.05320220615294,0.0714981979628879,24.07725033706009,0.0384108732632796,24.33170427035424,0.2136588086310551,35185,256,0.0,0.0,False,256.0,1,0.00390625,0,0,0.4140625,0.14453125,0.2734375,7.240624606609344,35185
abf_only|tt=none|g=0|eta=0.1|bi=0|sf=1|fe=1|seed=2005,abf_only|tt=none|g=0|eta=0.1|bi=0|sf=1|fe=1,abf_only,none,2005,0.0,0.1,0.0,1.0,1,0.0160441298886013,0.0706307952438399,8.224263566794706,21.927414194939768,0.0387731593231498,0.4272143984717631,0.4029182835202415,39.09080232987336,0.0189109472212001,6.397996064105845,0.036557151215669,18.76678102955273,0.2136588086310551,33861,256,0.0,0.0,False,256.0,1,0.00390625,0,0,0.34765625,0.15234375,0.34375,7.240624606609344,33861
abf_only|tt=none|g=0|eta=0.1|bi=0|sf=1|fe=1|seed=2006,abf_only|tt=none|g=0|eta=0.1|bi=0|sf=1|fe=1,abf_only,none,2006,0.0,0.1,0.0,1.0,1,0.0156782726875413,0.0882491276535975,10.171305304578818,29.572864356448875,0.0553638498678695,0.406168243103293,0.3894262513303645,38.99476277344242,0.0084602995953124,2.6421622830179707,0.0390358582570853,25.84190652196912,0.2136588086310551,26672,256,0.0,0.0,False,256.0,1,0.00390625,0,0,0.35546875,0.1015625,0.3359375,7.240624606609344,26672
abf_only|tt=none|g=0|eta=0.1|bi=0|sf=1|fe=1|seed=2007,abf_only|tt=none|g=0|eta=0.1|bi=0|sf=1|fe=1,abf_only,none,2007,0.0,0.1,0.0,1.0,1,0.0188216063773457,0.086890546088607,11.325160740036386,31.47387093075621,0.0552777045857836,0.4357024929423803,0.4111509931011851,39.19395295015039,0.018656546944114,4.514219819752531,0.0502800626928746,28.898152507579358,0.2136588086310551,24381,256,0.0,0.0,False,256.0,1,0.00390625,0,0,0.3515625,0.10546875,0.37109375,7.240624606609344,24381
abf_fr_physical|tt=physical|g=0.002|eta=0.1|bi=0.2|sf=0.8|fe=100|seed=2000,abf_fr_physical|tt=physical|g=0.002|eta=0.1|bi=0.2|sf=0.8|fe=100,abf_fr_physical,physical,2000,0.002,0.1,0.2,0.8,100,0.072562124413789,0.1278194541760909,17.399135749090156,38.807159952868446,0.0714305372860699,0.4248335585211528,0.4181706488320676,38.75498371878421,0.1354109057133987,22.525767312551345,0.1404123052975714,37.55619543165029,0.2136588086310551,27763,77,0.0070440573770491,0.0234375,False,43.00262467191601,17,0.06640625,300,540,0.41015625,0.125,0.3046875,2.73932546377182,27763
abf_fr_physical|tt=physical|g=0.002|eta=0.1|bi=0.2|sf=0.8|fe=100|seed=2001,abf_fr_physical|tt=physical|g=0.002|eta=0.1|bi=0.2|sf=0.8|fe=100,abf_fr_physical,physical,2001,0.002,0.1,0.2,0.8,100,0.0280695676929421,0.0870606751303433,11.819939552186538,27.88329517299631,0.0463092961907765,0.3969055774749561,0.3882775038077811,39.10787777984756,0.052739872893329,12.407724371637798,0.0354090991255314,24.59487458655005,0.2136588086310551,37294,74,0.0064228995901639,0.0234375,False,40.40443896424168,18,0.0703125,300,496,0.38671875,0.16796875,0.27734375,2.73932546377182,37294
abf_fr_physical|tt=physical|g=0.002|eta=0.1|bi=0.2|sf=0.8|fe=100|seed=2002,abf_fr_physical|tt=physical|g=0.002|eta=0.1|bi=0.2|sf=0.8|fe=100,abf_fr_physical,physical,2002,0.002,0.1,0.2,0.8,100,0.0506447717283888,0.1296940810874462,12.463046763813912,33.624748636124686,0.0522497102937108,0.4295768133810065,0.388072091263384,38.76100573874976,0.0472102500638138,3.900202320769192,0.1324318816562802,31.73284957589192,0.2136588086310551,34728,80,0.006717469262295,0.0234375,False,41.011264080100126,23,0.08984375,300,519,0.3515625,0.11328125,0.37109375,2.73932546377182,34728
abf_fr_physical|tt=physical|g=0.002|eta=0.1|bi=0.2|sf=0.8|fe=100|seed=2003,abf_fr_physical|tt=physical|g=0.002|eta=0.1|bi=0.2|sf=0.8|fe=100,abf_fr_physical,physical,2003,0.002,0.1,0.2,0.8,100,0.0592144922820069,0.1628873585989783,12.507666427326166,27.57016826703927,0.0533024868268434,0.4443625222265336,0.4026275030284031,39.68511270919156,0.0446513511590085,16.002536340247136,0.1597459641936572,24.913848105147625,0.2136588086310551,52485,77,0.0064357069672131,0.01953125,False,47.97657393850659,12,0.046875,300,492,0.31640625,0.140625,0.3828125,2.73932546377182,52485
abf_fr_physical|tt=physical|g=0.002|eta=0.1|bi=0.2|sf=0.8|fe=100|seed=2004,abf_fr_physical|tt=physical|g=0.002|eta=0.1|bi=0.2|sf=0.8|fe=100,abf_fr_physical,physical,2004,0.002,0.1,0.2,0.8,100,0.0275160827147309,0.0702229765031797,14.23360782949362,26.825709774446818,0.0508261277975731,0.4270384580736815,0.4064348656601161,38.7891693593732,0.0450707844087316,23.286480725043592,0.0647160602976172,24.381277669848973,0.2136588086310551,45441,80,0.0067430840163934,0.02734375,False,43.748998664886514,15,0.05859375,300,512,0.39453125,0.17578125,0.2734375,2.73932546377182,45441
abf_fr_physical|tt=physical|g=0.002|eta=0.1|bi=0.2|sf=0.8|fe=100|seed=2005,abf_fr_physical|tt=physical|g=0.002|eta=0.1|bi=0.2|sf=0.8|fe=100,abf_fr_physical,physical,2005,0.002,0.1,0.2,0.8,100,0.0407242457938244,0.1160157624629222,9.363193400797169,24.834322385658467,0.0446158994965093,0.4542125514392467,0.4137988885003749,38.72169846933864,0.0168564523165715,5.400252597146985,0.1171221729869755,22.649481378638672,0.2136588086310551,45739,85,0.0063972848360655,0.02734375,False,52.261562998405104,15,0.05859375,300,498,0.359375,0.140625,0.35546875,2.73932546377182,45739
abf_fr_physical|tt=physical|g=0.002|eta=0.1|bi=0.2|sf=0.8|fe=100|seed=2006,abf_fr_physical|tt=physical|g=0.002|eta=0.1|bi=0.2|sf=0.8|fe=100,abf_fr_physical,physical,2006,0.002,0.1,0.2,0.8,100,0.0308720523861727,0.0844603426818976,10.922846284947433,29.5397741748248,0.0443848715196201,0.4313970372912585,0.3934161876064034,38.6394559091892,0.0396419103885401,5.76235963758658,0.0745208690315088,26.727464723787502,0.2136588086310551,34750,83,0.0065125512295081,0.02734375,False,51.1201248049922,11,0.04296875,300,502,0.3515625,0.13671875,0.33203125,2.73932546377182,34750
abf_fr_physical|tt=physical|g=0.002|eta=0.1|bi=0.2|sf=0.8|fe=100|seed=2007,abf_fr_physical|tt=physical|g=0.002|eta=0.1|bi=0.2|sf=0.8|fe=100,abf_fr_physical,physical,2007,0.002,0.1,0.2,0.8,100,0.0322716155800974,0.0930804963159295,12.062540159948062,32.922807386816174,0.0607698874539798,0.4176322312943334,0.3946182316014044,38.589379916438126,0.0053102263335462,4.858146594559284,0.0972851030802658,30.756076965488816,0.2136588086310551,30689,81,0.006522156762295,0.03125,False,49.34939759036145,13,0.05078125,300,496,0.33203125,0.1015625,0.3671875,2.73932546377182,30689
abf_fr_physical|tt=physical|g=0.01|eta=0.1|bi=0.2|sf=0.8|fe=100|seed=2000,abf_fr_physical|tt=physical|g=0.01|eta=0.1|bi=0.2|sf=0.8|fe=100,abf_fr_physical,physical,2000,0.01,0.1,0.2,0.8,100,0.1005507523895204,0.2407545262275215,17.506435447784856,39.26595356401785,0.0525701869342415,0.417252502131417,0.415798861291362,38.149117935484966,0.138935783295369,22.9312860727497,0.240554525422043,37.899386727999605,0.2136588086310551,56542,27,0.0225730020491803,0.0546875,False,14.39086517347387,41,0.16015625,300,1727,0.375,0.1640625,0.29296875,2.73932546377182,56542
abf_fr_physical|tt=physical|g=0.01|eta=0.1|bi=0.2|sf=0.8|fe=100|seed=2001,abf_fr_physical|tt=physical|g=0.01|eta=0.1|bi=0.2|sf=0.8|fe=100,abf_fr_physical,physical,2001,0.01,0.1,0.2,0.8,100,0.053128222531319,0.1272071150591781,12.073516534860948,27.674057288871506,0.0749780397630834,0.4192016595822712,0.4061403414359195,38.887249071655546,0.067775451129818,12.621367766298846,0.1396094796807727,25.68221661900954,0.2136588086310551,67909,33,0.0217725409836065,0.0546875,False,14.309170305676856,44,0.171875,300,1659,0.37890625,0.22265625,0.23046875,2.73932546377182,67909
abf_fr_physical|tt=physical|g=0.01|eta=0.1|bi=0.2|sf=0.8|fe=100|seed=2002,abf_fr_physical|tt=physical|g=0.01|eta=0.1|bi=0.2|sf=0.8|fe=100,abf_fr_physical,physical,2002,0.01,0.1,0.2,0.8,100,0.1079685890919296,0.3198231907858438,13.498571730184793,37.68554548264938,0.0624929881974781,0.4239416940506681,0.3824100436723858,38.536736086377445,0.0555458179502936,3.306031016353491,0.2994867247402681,35.2904417985234,0.2136588086310551,72034,29,0.0211321721311475,0.046875,False,17.17400419287212,29,0.11328125,300,1602,0.41015625,0.19140625,0.265625,2.73932546377182,72034
abf_fr_physical|tt=physical|g=0.01|eta=0.1|bi=0.2|sf=0.8|fe=100|seed=2003,abf_fr_physical|tt=physical|g=0.01|eta=0.1|bi=0.2|sf=0.8|fe=100,abf_fr_physical,physical,2003,0.01,0.1,0.2,0.8,100,0.0777341356806847,0.2368779122484679,11.673452776248777,28.777398275839047,0.0699995261498333,0.4447747193237891,0.4136624049240563,39.46910558636132,0.0025161578068386,10.751532389622303,0.2245093591297842,26.10223724278303,0.2136588086310551,77339,30,0.0211225665983606,0.05859375,False,16.094302554027504,43,0.16796875,300,1617,0.2734375,0.1875,0.3671875,2.73932546377182,77339
abf_fr_physical|tt=physical|g=0.01|eta=0.1|bi=0.2|sf=0.8|fe=100|seed=2004,abf_fr_physical|tt=physical|g=0.01|eta=0.1|bi=0.2|sf=0.8|fe=100,abf_fr_physical,physical,2004,0.01,0.1,0.2,0.8,100,0.0966783709197832,0.2906333332960764,15.18612146453189,31.572155806747404,0.0656814331363727,0.4417711377263127,0.4082645910941979,38.98727342094986,0.0109454314478378,19.38086654346928,0.2754582109231722,30.588055654112917,0.2136588086310551,84762,28,0.0212666495901639,0.046875,False,11.566537239675256,49,0.19140625,300,1628,0.3828125,0.1875,0.25390625,2.73932546377182,84762
abf_fr_physical|tt=physical|g=0.01|eta=0.1|bi=0.2|sf=0.8|fe=100|seed=2005,abf_fr_physical|tt=physical|g=0.01|eta=0.1|bi=0.2|sf=0.8|fe=100,abf_fr_physical,physical,2005,0.01,0.1,0.2,0.8,100,0.0766711017531686,0.2313324074334112,9.27090009219845,25.04741643508159,0.0500323075602828,0.4455570616950283,0.4087418361083118,38.8873428449021,0.0049078982586978,4.679816766438406,0.2194921676931082,22.5530154290382,0.2136588086310551,81462,31,0.0207831711065573,0.0546875,False,15.086556169429098,32,0.125,300,1580,0.328125,0.23828125,0.33203125,2.73932546377182,81462
abf_fr_physical|tt=physical|g=0.01|eta=0.1|bi=0.2|sf=0.8|fe=100|seed=2006,abf_fr_physical|tt=physical|g=0.01|eta=0.1|bi=0.2|sf=0.8|fe=100,abf_fr_physical,physical,2006,0.01,0.1,0.2,0.8,100,0.0930652450010582,0.2733196291511953,12.510970504494596,35.16599433319764,0.0482910648282096,0.4242612578341402,0.4073726099753382,38.52703261225055,0.0504060563442463,4.197249041906604,0.261190337630429,32.6183052995696,0.2136588086310551,68276,27,0.0215516137295081,0.0546875,False,13.647646813827572,43,0.16796875,300,1644,0.36328125,0.171875,0.3046875,2.73932546377182,68276
abf_fr_physical|tt=physical|g=0.01|eta=0.1|bi=0.2|sf=0.8|fe=100|seed=2007,abf_fr_physical|tt=physical|g=0.01|eta=0.1|bi=0.2|sf=0.8|fe=100,abf_fr_physical,physical,2007,0.01,0.1,0.2,0.8,100,0.0656144435314698,0.1803716826786163,11.312138610765777,30.742527249954744,0.0498613309091069,0.4398779753290155,0.4009360614370629,38.22629505338887,0.0543845561184754,5.631052276947108,0.1758570758679448,28.654912009088232,0.2136588086310551,61763,34,0.0222432120901639,0.046875,False,14.615521855486174,39,0.15234375,300,1704,0.3828125,0.16796875,0.25,2.73932546377182,61763
abf_fr_physical|tt=physical|g=0.05|eta=0.1|bi=0.2|sf=0.8|fe=100|seed=2000,abf_fr_physical|tt=physical|g=0.05|eta=0.1|bi=0.2|sf=0.8|fe=100,abf_fr_physical,physical,2000,0.05,0.1,0.2,0.8,100,0.0494096679131016,0.1292230024368812,14.531986992579837,34.66150257249092,0.0529520719275123,0.4169271847029352,0.400409972316869,36.31102747278536,0.0558363851675549,16.640073548425743,0.1334176120183946,33.04295513049897,0.2136588086310551,55185,15,0.0501472848360655,0.1171875,False,5.399242049761081,96,0.375,300,3803,0.41015625,0.1640625,0.3046875,2.73932546377182,55185
abf_fr_physical|tt=physical|g=0.05|eta=0.1|bi=0.2|sf=0.8|fe=100|seed=2001,abf_fr_physical|tt=physical|g=0.05|eta=0.1|bi=0.2|sf=0.8|fe=100,abf_fr_physical,physical,2001,0.05,0.1,0.2,0.8,100,0.0275845336131808,0.1076884887288289,12.076233706717153,28.25146451577551,0.0708651179749696,0.4259717797361718,0.4047927493772821,36.72614636382177,0.0346095867129596,12.70613454536666,0.0186220244196568,23.77748762616681,0.2136588086310551,49850,15,0.0538774334016393,0.15234375,False,5.11121509904851,94,0.3671875,300,4038,0.421875,0.1953125,0.2265625,2.73932546377182,49850
abf_fr_physical|tt=physical|g=0.05|eta=0.1|bi=0.2|sf=0.8|fe=100|seed=2002,abf_fr_physical|tt=physical|g=0.05|eta=0.1|bi=0.2|sf=0.8|fe=100,abf_fr_physical,physical,2002,0.05,0.1,0.2,0.8,100,0.0762752542160605,0.1413717324863987,14.30007660529911,31.221300738284807,0.067012158377326,0.4934221283540878,0.4057034266693203,36.29141922034724,0.1598815346535405,15.37623763198463,0.0859476127989303,27.04535318624653,0.2136588086310551,43508,14,0.0529424948770491,0.125,False,7.395170390431054,59,0.23046875,300,3994,0.2734375,0.1484375,0.421875,2.73932546377182,43508
abf_fr_physical|tt=physical|g=0.05|eta=0.1|bi=0.2|sf=0.8|fe=100|seed=2003,abf_fr_physical|tt=physical|g=0.05|eta=0.1|bi=0.2|sf=0.8|fe=100,abf_fr_physical,physical,2003,0.05,0.1,0.2,0.8,100,0.0787665557397379,0.1463269271929474,13.956648917149415,27.40657737252855,0.0693116460182417,0.4959473946516498,0.4106821035631401,37.03959861915449,0.1622877557352646,22.22348556807861,0.0945720811278173,22.017616861256165,0.2136588086310551,57466,11,0.0500320184426229,0.11328125,False,6.368901846452867,73,0.28515625,300,3786,0.2421875,0.1953125,0.38671875,2.73932546377182,57466
abf_fr_physical|tt=physical|g=0.05|eta=0.1|bi=0.2|sf=0.8|fe=100|seed=2004,abf_fr_physical|tt=physical|g=0.05|eta=0.1|bi=0.2|sf=0.8|fe=100,abf_fr_physical,physical,2004,0.05,0.1,0.2,0.8,100,0.0425392711347649,0.1755432882992945,14.24995508011112,32.069145376818646,0.062598028357857,0.4355072533333611,0.4102452747409371,36.49267650237575,0.0305773011792664,20.747888344275125,0.0630328056205059,23.38944990792725,0.2136588086310551,58021,13,0.0547803534836065,0.140625,False,5.367403767403768,79,0.30859375,300,4145,0.359375,0.23828125,0.2578125,2.73932546377182,58021
abf_fr_physical|tt=physical|g=0.05|eta=0.1|bi=0.2|sf=0.8|fe=100|seed=2005,abf_fr_physical|tt=physical|g=0.05|eta=0.1|bi=0.2|sf=0.8|fe=100,abf_fr_physical,physical,2005,0.05,0.1,0.2,0.8,100,0.0145930906730491,0.063438680744237,8.296090096647072,22.36289651109531,0.0437549862720309,0.4512118241483808,0.4140949308313209,36.762945718993045,0.0069035060594204,5.8196825783558745,0.0393212269984049,19.05678867163378,0.2136588086310551,54366,14,0.0508933145491803,0.1328125,False,9.367638650657518,42,0.1640625,300,3826,0.3125,0.19921875,0.3515625,2.73932546377182,54366
abf_fr_physical|tt=physical|g=0.05|eta=0.1|bi=0.2|sf=0.8|fe=100|seed=2006,abf_fr_physical|tt=physical|g=0.05|eta=0.1|bi=0.2|sf=0.8|fe=100,abf_fr_physical,physical,2006,0.05,0.1,0.2,0.8,100,0.0398551093945708,0.1303520480182347,10.347471137113434,29.1648766920133,0.045669948582988,0.4530801823847895,0.4013363134131977,36.23521851664727,0.0693746835509587,6.177973984718462,0.0436782627673993,23.01960642210916,0.2136588086310551,43756,14,0.0541431864754098,0.14453125,False,6.675086575677327,71,0.27734375,300,4071,0.3828125,0.1328125,0.3203125,2.73932546377182,43756
abf_fr_physical|tt=physical|g=0.05|eta=0.1|bi=0.2|sf=0.8|fe=100|seed=2007,abf_fr_physical|tt=physical|g=0.05|eta=0.1|bi=0.2|sf=0.8|fe=100,abf_fr_physical,physical,2007,0.05,0.1,0.2,0.8,100,0.0437955460152496,0.0974494947584527,11.354389084981834,29.816186117733345,0.04342684771386,0.4467380552240627,0.3896978250111341,36.02671539997676,0.0892308955618981,7.457783743946904,0.0460751776584802,26.3941623352793,0.2136588086310551,42003,12,0.0529008709016393,0.1328125,False,6.401250244188318,67,0.26171875,300,4012,0.36328125,0.13671875,0.35546875,2.73932546377182,42003
abf_fr_physical|tt=physical|g=0.002|eta=0.1|bi=0.2|sf=0.8|fe=500|seed=2000,abf_fr_physical|tt=physical|g=0.002|eta=0.1|bi=0.2|sf=0.8|fe=500,abf_fr_physical,physical,2000,0.002,0.1,0.2,0.8,500,0.0579431849949357,0.1398510632074144,16.14537965575284,37.25376625259892,0.074208354404226,0.4320132394862686,0.4159223519959128,38.59215723953011,0.0673482315108975,19.43057930527476,0.1491757331040916,36.02687778917939,0.2136588086310551,34740,86,0.0310546875,0.0703125,False,51.76619273301738,12,0.046875,60,477,0.390625,0.171875,0.2578125,2.5506010949611664,34740
abf_fr_physical|tt=physical|g=0.002|eta=0.1|bi=0.2|sf=0.8|fe=500|seed=2001,abf_fr_physical|tt=physical|g=0.002|eta=0.1|bi=0.2|sf=0.8|fe=500,abf_fr_physical,physical,2001,0.002,0.1,0.2,0.8,500,0.0314341765955861,0.0792633984525774,11.866740781428678,27.47535982372248,0.0616506869596012,0.4044574395046668,0.3904388323815498,39.116395452578,0.0347164101441803,11.54511497450602,0.0851316329251394,26.45205671655841,0.2136588086310551,42404,93,0.0300130208333333,0.0546875,False,65.01587301587301,10,0.0390625,60,461,0.40625,0.171875,0.24609375,2.5506010949611664,42404
abf_fr_physical|tt=physical|g=0.002|eta=0.1|bi=0.2|sf=0.8|fe=500|seed=2002,abf_fr_physical|tt=physical|g=0.002|eta=0.1|bi=0.2|sf=0.8|fe=500,abf_fr_physical,physical,2002,0.002,0.1,0.2,0.8,500,0.0651849620950759,0.1811753867281702,13.765135842031349,38.0673501558066,0.0676841990652547,0.4210565156650248,0.384733786332158,38.92648435522277,0.038323547313543,2.8909558509157653,0.1791381804845938,35.844573193286074,0.2136588086310551,36422,84,0.0313151041666666,0.06640625,False,53.45513866231648,12,0.046875,60,481,0.4296875,0.09765625,0.32421875,2.5506010949611664,36422
abf_fr_physical|tt=physical|g=0.002|eta=0.1|bi=0.2|sf=0.8|fe=500|seed=2003,abf_fr_physical|tt=physical|g=0.002|eta=0.1|bi=0.2|sf=0.8|fe=500,abf_fr_physical,physical,2003,0.002,0.1,0.2,0.8,500,0.0546120049024343,0.1198206985492931,11.837157789164808,25.17682904287172,0.045692439059657,0.4733040910241576,0.4150364451427238,39.23317933329274,0.0821274571840477,16.143859951351093,0.1176320988327467,22.51181679292544,0.2136588086310551,47281,81,0.0324869791666666,0.0546875,False,47.7667638483965,18,0.0703125,60,499,0.29296875,0.15234375,0.37890625,2.5506010949611664,47281
abf_fr_physical|tt=physical|g=0.002|eta=0.1|bi=0.2|sf=0.8|fe=500|seed=2004,abf_fr_physical|tt=physical|g=0.002|eta=0.1|bi=0.2|sf=0.8|fe=500,abf_fr_physical,physical,2004,0.002,0.1,0.2,0.8,500,0.037293369377219,0.0819362841518101,14.575421181932288,26.83411277356773,0.0543435928413762,0.4085351408337275,0.3981273311327062,38.45704503818581,0.0769906964494024,24.104258032234203,0.0495317160442134,24.455437275908544,0.2136588086310551,40935,87,0.0331380208333333,0.0546875,False,55.63327674023769,10,0.0390625,60,509,0.4140625,0.171875,0.2578125,2.5506010949611664,40935
abf_fr_physical|tt=physical|g=0.002|eta=0.1|bi=0.2|sf=0.8|fe=500|seed=2005,abf_fr_physical|tt=physical|g=0.002|eta=0.1|bi=0.2|sf=0.8|fe=500,abf_fr_physical,physical,2005,0.002,0.1,0.2,0.8,500,0.0712490243727325,0.1987667801472986,10.597359396245048,27.643997669529654,0.0543979999845953,0.411405041243631,0.3958986388212575,38.93462641428575,0.0578650711416974,8.32764312651124,0.1946799874539791,25.41539986646712,0.2136588086310551,54206,86,0.0292317708333333,0.05859375,False,47.421128798842254,18,0.0703125,60,449,0.37890625,0.2109375,0.2578125,2.5506010949611664,54206
abf_fr_physical|tt=physical|g=0.002|eta=0.1|bi=0.2|sf=0.8|fe=500|seed=2006,abf_fr_physical|tt=physical|g=0.002|eta=0.1|bi=0.2|sf=0.8|fe=500,abf_fr_physical,physical,2006,0.002,0.1,0.2,0.8,500,0.0336968159277508,0.0964692386964673,10.684494697636485,29.83146514460572,0.0527630515325401,0.4046044726154524,0.3879270565416743,38.54122101988639,0.0128813504100184,2.61020675391166,0.1018909759352133,27.64867303438392,0.2136588086310551,36442,91,0.0315755208333333,0.0625,False,53.02265372168285,15,0.05859375,60,485,0.34375,0.140625,0.3203125,2.5506010949611664,36442
abf_fr_physical|tt=physical|g=0.002|eta=0.1|bi=0.2|sf=0.8|fe=500|seed=2007,abf_fr_physical|tt=physical|g=0.002|eta=0.1|bi=0.2|sf=0.8|fe=500,abf_fr_physical,physical,2007,0.002,0.1,0.2,0.8,500,0.0296661964883014,0.0849172236236255,11.573055826613436,31.61603494486661,0.0550341699576212,0.4378238079453038,0.4017598168819492,38.42292403094676,0.0283565896464361,5.093418110584371,0.0784122923486988,29.267005832268257,0.2136588086310551,31301,77,0.0328125,0.05859375,False,49.05389221556887,10,0.0390625,60,504,0.3671875,0.109375,0.34765625,2.5506010949611664,31301
abf_fr_physical|tt=physical|g=0.01|eta=0.1|bi=0.2|sf=0.8|fe=500|seed=2000,abf_fr_physical|tt=physical|g=0.01|eta=0.1|bi=0.2|sf=0.8|fe=500,abf_fr_physical,physical,2000,0.01,0.1,0.2,0.8,500,0.1377423151267021,0.369797894451709,18.6808694552306,45.86931991932019,0.049546317314627,0.3977458969915447,0.4018083149943391,38.280276053086354,0.1439901135219008,20.913649423286355,0.3534702748753376,43.395121268939086,0.2136588086310551,65287,26,0.1060546875,0.14453125,False,18.347144456886895,24,0.09375,60,1629,0.39453125,0.15234375,0.296875,2.5506010949611664,65287
abf_fr_physical|tt=physical|g=0.01|eta=0.1|bi=0.2|sf=0.8|fe=500|seed=2001,abf_fr_physical|tt=physical|g=0.01|eta=0.1|bi=0.2|sf=0.8|fe=500,abf_fr_physical,physical,2001,0.01,0.1,0.2,0.8,500,0.0779531997719631,0.2267268185389279,12.1747075164028,29.871659331920416,0.0532684095209033,0.4035023428684858,0.3923888251973368,39.09842144370639,0.0352515730113536,9.438778315171678,0.2229404473858273,28.80067924483228,0.2136588086310551,75603,28,0.0978515625,0.1484375,False,17.031185031185032,30,0.1171875,60,1503,0.3125,0.19921875,0.30078125,2.5506010949611664,75603
abf_fr_physical|tt=physical|g=0.01|eta=0.1|bi=0.2|sf=0.8|fe=500|seed=2002,abf_fr_physical|tt=physical|g=0.01|eta=0.1|bi=0.2|sf=0.8|fe=500,abf_fr_physical,physical,2002,0.01,0.1,0.2,0.8,500,0.1297277385970677,0.3442214216627091,15.17853123583546,39.21340687036009,0.0505950225331679,0.4717656441021895,0.3957957052834411,38.55763523362708,0.1478504610170761,11.262365369304916,0.3199749053906518,36.25181550811128,0.2136588086310551,73372,23,0.0972005208333333,0.14453125,False,12.865331762858265,44,0.171875,60,1493,0.3046875,0.171875,0.3515625,2.5506010949611664,73372
abf_fr_physical|tt=physical|g=0.01|eta=0.1|bi=0.2|sf=0.8|fe=500|seed=2003,abf_fr_physical|tt=physical|g=0.01|eta=0.1|bi=0.2|sf=0.8|fe=500,abf_fr_physical,physical,2003,0.01,0.1,0.2,0.8,500,0.0781369657269819,0.2238071370530988,12.59049852115819,28.957669395902894,0.0655837251379892,0.466570760794371,0.4143310428955608,38.89397716815901,0.0598871634540403,15.401705186909664,0.2106925004085179,25.977495015822363,0.2136588086310551,74529,32,0.098046875,0.16015625,False,17.09337506520605,34,0.1328125,60,1506,0.26953125,0.16796875,0.39453125,2.5506010949611664,74529
abf_fr_physical|tt=physical|g=0.01|eta=0.1|bi=0.2|sf=0.8|fe=500|seed=2004,abf_fr_physical|tt=physical|g=0.01|eta=0.1|bi=0.2|sf=0.8|fe=500,abf_fr_physical,physical,2004,0.01,0.1,0.2,0.8,500,0.0726466780899523,0.20429297137498,14.60660307085342,29.979730516251884,0.0424256658143159,0.4213345933145753,0.4058949192754049,38.38462782281764,0.053762796361922,20.171324403390493,0.2034933379258456,29.437414216190252,0.2136588086310551,67104,28,0.1028645833333333,0.1484375,False,10.502564102564104,53,0.20703125,60,1580,0.328125,0.17578125,0.33203125,2.5506010949611664,67104
abf_fr_physical|tt=physical|g=0.01|eta=0.1|bi=0.2|sf=0.8|fe=500|seed=2005,abf_fr_physical|tt=physical|g=0.01|eta=0.1|bi=0.2|sf=0.8|fe=500,abf_fr_physical,physical,2005,0.01,0.1,0.2,0.8,500,0.0594456368407786,0.1792906189010871,9.48890721443462,24.8144699917738,0.0549213391102616,0.4462586753137977,0.4094570144455918,38.09356388984477,0.0083697786554219,6.615532401120139,0.1729617173118248,22.608721572672447,0.2136588086310551,67300,26,0.0973307291666666,0.1328125,False,14.16076058772688,33,0.12890625,60,1495,0.3671875,0.21484375,0.2890625,2.5506010949611664,67300
abf_fr_physical|tt=physical|g=0.01|eta=0.1|bi=0.2|sf=0.8|fe=500|seed=2006,abf_fr_physical|tt=physical|g=0.01|eta=0.1|bi=0.2|sf=0.8|fe=500,abf_fr_physical,physical,2006,0.01,0.1,0.2,0.8,500,0.0808789031599361,0.2338559993153996,11.905859863400172,33.410846733938016,0.0715998475981511,0.4453748859679204,0.3993188524352397,38.06969284344376,0.0484319068776928,3.127204022400284,0.2234607997315855,30.89474079864294,0.2136588086310551,63232,28,0.103125,0.16015625,False,15.107422775472568,37,0.14453125,60,1584,0.421875,0.21875,0.23828125,2.5506010949611664,63232
abf_fr_physical|tt=physical|g=0.01|eta=0.1|bi=0.2|sf=0.8|fe=500|seed=2007,abf_fr_physical|tt=physical|g=0.01|eta=0.1|bi=0.2|sf=0.8|fe=500,abf_fr_physical,physical,2007,0.01,0.1,0.2,0.8,500,0.118109928605035,0.3467888888039487,15.357192990864409,42.468681668007534,0.0523325238972533,0.3887233412029419,0.3850250114437283,38.34038530730192,0.0653549875624213,8.779236866106228,0.3282503857799232,39.5199361032258,0.2136588086310551,64248,26,0.10390625,0.16015625,False,13.890631623569307,32,0.125,60,1596,0.375,0.171875,0.28515625,2.5506010949611664,64248
abf_fr_physical|tt=physical|g=0.05|eta=0.1|bi=0.2|sf=0.8|fe=500|seed=2000,abf_fr_physical|tt=physical|g=0.05|eta=0.1|bi=0.2|sf=0.8|fe=500,abf_fr_physical,physical,2000,0.05,0.1,0.2,0.8,500,0.1150928322993303,0.3295561180328382,18.684602909481978,47.37934097368797,0.080173129981911,0.414874643647138,0.4036970970227442,36.687654083884205,0.0912806165436945,19.538571262251924,0.3128436479838665,44.48890296230824,0.2136588086310551,64042,11,0.2266276041666666,0.35546875,False,5.792469506805728,69,0.26953125,60,3481,0.4765625,0.1328125,0.28125,2.5506010949611664,64042
abf_fr_physical|tt=physical|g=0.05|eta=0.1|bi=0.2|sf=0.8|fe=500|seed=2001,abf_fr_physical|tt=physical|g=0.05|eta=0.1|bi=0.2|sf=0.8|fe=500,abf_fr_physical,physical,2001,0.05,0.1,0.2,0.8,500,0.0424173142727496,0.1167813101207122,12.14684369389515,27.969047284543805,0.0625254439093105,0.4030837168123562,0.3909175540010929,36.94919147950374,0.0351344668090645,11.788847734067344,0.1240986319539872,27.385439330916792,0.2136588086310551,66779,17,0.2177083333333333,0.40625,False,10.369620253164555,42,0.1640625,60,3344,0.3984375,0.16015625,0.2578125,2.5506010949611664,66779
abf_fr_physical|tt=physical|g=0.05|eta=0.1|bi=0.2|sf=0.8|fe=500|seed=2002,abf_fr_physical|tt=physical|g=0.05|eta=0.1|bi=0.2|sf=0.8|fe=500,abf_fr_physical,physical,2002,0.05,0.1,0.2,0.8,500,0.1092734403792449,0.3106619749796318,14.780873826992142,40.774801569639166,0.0520842852136251,0.4523932442808543,0.3933043670534639,37.08434115695325,0.0995165420432693,7.056219173652033,0.2879612606696599,37.56106883290519,0.2136588086310551,74952,17,0.221875,0.390625,False,8.58025661167845,53,0.20703125,60,3408,0.3125,0.171875,0.359375,2.5506010949611664,74952
abf_fr_physical|tt=physical|g=0.05|eta=0.1|bi=0.2|sf=0.8|fe=500|seed=2003,abf_fr_physical|tt=physical|g=0.05|eta=0.1|bi=0.2|sf=0.8|fe=500,abf_fr_physical,physical,2003,0.05,0.1,0.2,0.8,500,0.0603850998973497,0.0935162754288639,13.99264635346326,26.168378866765103,0.0836928400631859,0.5015698596984017,0.4223073298661919,37.30995396921124,0.1288021784172857,22.66630704414106,0.0671353834141469,21.499701169120147,0.2136588086310551,66308,17,0.2211588541666666,0.34765625,False,11.481429572529782,35,0.13671875,60,3397,0.2109375,0.20703125,0.4375,2.5506010949611664,66308
abf_fr_physical|tt=physical|g=0.05|eta=0.1|bi=0.2|sf=0.8|fe=500|seed=2004,abf_fr_physical|tt=physical|g=0.05|eta=0.1|bi=0.2|sf=0.8|fe=500,abf_fr_physical,physical,2004,0.05,0.1,0.2,0.8,500,0.0270966517473922,0.1170539430017986,12.80249036301287,27.35806892092297,0.0420140364700127,0.4288381003821765,0.4054433561965774,36.28361700802553,0.0343857584512639,19.375893242601787,0.0226906156319478,20.9020671884832,0.2136588086310551,58227,13,0.2289713541666666,0.37109375,False,6.142080599812559,64,0.25,60,3517,0.359375,0.171875,0.3359375,2.5506010949611664,58227
abf_fr_physical|tt=physical|g=0.05|eta=0.1|bi=0.2|sf=0.8|fe=500|seed=2005,abf_fr_physical|tt=physical|g=0.05|eta=0.1|bi=0.2|sf=0.8|fe=500,abf_fr_physical,physical,2005,0.05,0.1,0.2,0.8,500,0.0700046867970547,0.1799010857694737,9.92937425847972,25.269656538145984,0.0568953050467461,0.4773171543448991,0.4126262564750056,37.13349970505766,0.0900328328248045,8.854851742011057,0.1698040506704526,22.528691489605023,0.2136588086310551,75223,18,0.21953125,0.32421875,False,7.640009326183259,60,0.234375,60,3372,0.30078125,0.2265625,0.34765625,2.5506010949611664,75223
abf_fr_physical|tt=physical|g=0.05|eta=0.1|bi=0.2|sf=0.8|fe=500|seed=2006,abf_fr_physical|tt=physical|g=0.05|eta=0.1|bi=0.2|sf=0.8|fe=500,abf_fr_physical,physical,2006,0.05,0.1,0.2,0.8,500,0.0412699524535023,0.0949683357117685,12.268040532348666,30.26191356229562,0.0674683436525659,0.4510542144742703,0.397454666895709,36.487987264295086,0.067631601251084,10.474822518288327,0.0893278677065047,27.041400181897004,0.2136588086310551,54340,13,0.2298177083333333,0.35546875,False,9.968968664435655,40,0.15625,60,3530,0.2421875,0.171875,0.421875,2.5506010949611664,54340
abf_fr_physical|tt=physical|g=0.05|eta=0.1|bi=0.2|sf=0.8|fe=500|seed=2007,abf_fr_physical|tt=physical|g=0.05|eta=0.1|bi=0.2|sf=0.8|fe=500,abf_fr_physical,physical,2007,0.05,0.1,0.2,0.8,500,0.1198923300177887,0.3383535989644642,15.639191623443605,44.29905838648013,0.0923007027270347,0.4245906761384021,0.3707612276107185,36.73962457153412,0.110504425820765,6.697484868760859,0.3144226161311524,40.72039416958688,0.2136588086310551,74446,13,0.2138671875,0.37890625,False,6.4618418457897855,69,0.26953125,60,3285,0.4609375,0.09765625,0.27734375,2.5506010949611664,74446
abf_fr_physical|tt=physical|g=0.002|eta=0.1|bi=0.2|sf=0.8|fe=1000|seed=2000,abf_fr_physical|tt=physical|g=0.002|eta=0.1|bi=0.2|sf=0.8|fe=1000,abf_fr_physical,physical,2000,0.002,0.1,0.2,0.8,1000,0.0665353848482552,0.1557065198939286,17.248007622411926,39.09301346609468,0.0937188562516377,0.4360544500458118,0.4206229758571667,38.43767553774792,0.0848896308386804,21.70475688411013,0.1662247676969479,37.96679812740452,0.2136588086310551,34238,72,0.065625,0.09765625,False,43.28665785997358,14,0.0546875,30,504,0.46484375,0.1328125,0.2421875,2.5509623686472573,34238
abf_fr_physical|tt=physical|g=0.002|eta=0.1|bi=0.2|sf=0.8|fe=1000|seed=2001,abf_fr_physical|tt=physical|g=0.002|eta=0.1|bi=0.2|sf=0.8|fe=1000,abf_fr_physical,physical,2001,0.002,0.1,0.2,0.8,1000,0.0264158272012288,0.1166094950336588,12.25677410930573,29.512284067940424,0.059264364604492,0.4069376260748397,0.3913218297760547,39.00373341992716,0.0365728390435746,13.147481991233594,0.0189847151697214,23.979019330073285,0.2136588086310551,32961,86,0.0639322916666666,0.08984375,False,60.56931608133087,9,0.03515625,30,491,0.40234375,0.171875,0.265625,2.5509623686472573,32961
abf_fr_physical|tt=physical|g=0.002|eta=0.1|bi=0.2|sf=0.8|fe=1000|seed=2002,abf_fr_physical|tt=physical|g=0.002|eta=0.1|bi=0.2|sf=0.8|fe=1000,abf_fr_physical,physical,2002,0.002,0.1,0.2,0.8,1000,0.0535704673686037,0.1252311569962411,12.794632538286736,34.23741311272893,0.0600571070486679,0.4310217965235207,0.3875658234130948,38.63599758969763,0.0713004790706017,4.80567268652456,0.1264670191439599,32.22542255351016,0.2136588086310551,32043,80,0.0630208333333333,0.109375,False,51.2,14,0.0546875,30,484,0.359375,0.10546875,0.33984375,2.5509623686472573,32043
abf_fr_physical|tt=physical|g=0.002|eta=0.1|bi=0.2|sf=0.8|fe=1000|seed=2003,abf_fr_physical|tt=physical|g=0.002|eta=0.1|bi=0.2|sf=0.8|fe=1000,abf_fr_physical,physical,2003,0.002,0.1,0.2,0.8,1000,0.0648480317878203,0.1742439504028239,13.112679146504398,29.948541284996747,0.0573298548567307,0.457256729303971,0.408346364766085,39.38112192015384,0.060346902592653,16.31516329996079,0.1685705977132794,27.1151095610862,0.2136588086310551,48136,74,0.059375,0.09375,False,41.90281329923274,20,0.078125,30,456,0.29296875,0.16015625,0.3828125,2.5509623686472573,48136
abf_fr_physical|tt=physical|g=0.002|eta=0.1|bi=0.2|sf=0.8|fe=1000|seed=2004,abf_fr_physical|tt=physical|g=0.002|eta=0.1|bi=0.2|sf=0.8|fe=1000,abf_fr_physical,physical,2004,0.002,0.1,0.2,0.8,1000,0.032955962633204,0.0890648023627578,14.396345358076076,26.74753209306904,0.0552796243784501,0.4238974491069582,0.4045147899647801,38.46852835419831,0.0254822357382229,22.71504900366652,0.0960459969153597,26.2322414993152,0.2136588086310551,47926,82,0.0572916666666666,0.0859375,False,52.01269841269841,15,0.05859375,30,440,0.390625,0.15234375,0.265625,2.5509623686472573,47926
abf_fr_physical|tt=physical|g=0.002|eta=0.1|bi=0.2|sf=0.8|fe=1000|seed=2005,abf_fr_physical|tt=physical|g=0.002|eta=0.1|bi=0.2|sf=0.8|fe=1000,abf_fr_physical,physical,2005,0.002,0.1,0.2,0.8,1000,0.0434091185456974,0.123901477128598,8.64201413050416,22.654481050005582,0.0289387613924865,0.4381355180215964,0.4013251038252799,38.853427683124025,0.0114419115832697,5.462675384907878,0.1252021067522575,20.453049483313336,0.2136588086310551,49703,85,0.06015625,0.09765625,False,46.02247191011236,15,0.05859375,30,462,0.36328125,0.1953125,0.328125,2.5509623686472573,49703
abf_fr_physical|tt=physical|g=0.002|eta=0.1|bi=0.2|sf=0.8|fe=1000|seed=2006,abf_fr_physical|tt=physical|g=0.002|eta=0.1|bi=0.2|sf=0.8|fe=1000,abf_fr_physical,physical,2006,0.002,0.1,0.2,0.8,1000,0.0170969685970498,0.0750178120837514,9.776709499490275,28.466206138217157,0.0440870750119023,0.4099882582573064,0.3892346932680269,38.45937027040708,0.0037034449882566,3.1688346268751406,0.0500088381361307,24.69871680936202,0.2136588086310551,34333,87,0.0631510416666666,0.09375,False,54.88777219430486,11,0.04296875,30,485,0.37109375,0.14453125,0.296875,2.5509623686472573,34333
abf_fr_physical|tt=physical|g=0.002|eta=0.1|bi=0.2|sf=0.8|fe=1000|seed=2007,abf_fr_physical|tt=physical|g=0.002|eta=0.1|bi=0.2|sf=0.8|fe=1000,abf_fr_physical,physical,2007,0.002,0.1,0.2,0.8,1000,0.052069227045385,0.1315495108650803,12.505162562636423,33.97415047628226,0.0615674644698384,0.4399996193865589,0.3965645036089764,38.61808588079208,0.0525377234833372,5.38242352349178,0.1323504186254848,31.75370770149921,0.2136588086310551,34821,92,0.0634114583333333,0.09375,False,57.69014084507042,10,0.0390625,30,487,0.3671875,0.1171875,0.35546875,2.5509623686472573,34821
abf_fr_physical|tt=physical|g=0.01|eta=0.1|bi=0.2|sf=0.8|fe=1000|seed=2000,abf_fr_physical|tt=physical|g=0.01|eta=0.1|bi=0.2|sf=0.8|fe=1000,abf_fr_physical,physical,2000,0.01,0.1,0.2,0.8,1000,0.1061180168870343,0.316836685024477,17.22316434207536,45.34483210880301,0.0806161997817676,0.4526009585886334,0.4118263913199949,37.62966588659729,0.0232106132333571,12.034537367461088,0.2974949174467683,42.42292957379805,0.2136588086310551,56684,27,0.1915364583333333,0.26171875,False,14.203727785002169,37,0.14453125,30,1471,0.41796875,0.13671875,0.30078125,2.5509623686472573,56684
abf_fr_physical|tt=physical|g=0.01|eta=0.1|bi=0.2|sf=0.8|fe=1000|seed=2001,abf_fr_physical|tt=physical|g=0.01|eta=0.1|bi=0.2|sf=0.8|fe=1000,abf_fr_physical,physical,2001,0.01,0.1,0.2,0.8,1000,0.0881874881678193,0.2536728283448059,13.495760931835708,33.05903029864698,0.0489035140759255,0.4180270997374554,0.4065565991515657,38.78573798342364,0.0556239334765598,10.910119607686212,0.2462463015609514,32.30282120277904,0.2136588086310551,70907,29,0.1850260416666666,0.2734375,False,16.890721649484536,29,0.11328125,30,1421,0.33203125,0.18359375,0.30859375,2.5509623686472573,70907
abf_fr_physical|tt=physical|g=0.01|eta=0.1|bi=0.2|sf=0.8|fe=1000|seed=2002,abf_fr_physical|tt=physical|g=0.01|eta=0.1|bi=0.2|sf=0.8|fe=1000,abf_fr_physical,physical,2002,0.01,0.1,0.2,0.8,1000,0.1234815031686353,0.3750774588233815,15.142509281406824,42.98201149837301,0.0435755139800245,0.4099463455045418,0.3900319152720958,38.869160245327855,0.0124050373897501,2.772371730646117,0.3490774097537673,39.81243163464478,0.2136588086310551,70033,28,0.1920572916666666,0.2421875,False,17.43906333155934,30,0.1171875,30,1475,0.34765625,0.171875,0.3125,2.5509623686472573,70033
abf_fr_physical|tt=physical|g=0.01|eta=0.1|bi=0.2|sf=0.8|fe=1000|seed=2003,abf_fr_physical|tt=physical|g=0.01|eta=0.1|bi=0.2|sf=0.8|fe=1000,abf_fr_physical,physical,2003,0.01,0.1,0.2,0.8,1000,0.0974187289915955,0.2621742942542962,13.665779723312772,31.63405689504843,0.0637533258570286,0.4672571917944517,0.4080674959265882,38.865453769335446,0.104094692797461,17.00288102798682,0.2451442058865598,28.62849621574077,0.2136588086310551,71143,28,0.1790364583333333,0.23828125,False,12.885568226504128,48,0.1875,30,1375,0.33203125,0.1171875,0.36328125,2.5509623686472573,71143
abf_fr_physical|tt=physical|g=0.01|eta=0.1|bi=0.2|sf=0.8|fe=1000|seed=2004,abf_fr_physical|tt=physical|g=0.01|eta=0.1|bi=0.2|sf=0.8|fe=1000,abf_fr_physical,physical,2004,0.01,0.1,0.2,0.8,1000,0.1020955791201089,0.3059116988493596,16.267540815409173,33.81222105666444,0.0675466909425392,0.4055224374545493,0.3871204415805009,38.64587152765751,0.0086488361612948,21.27019286061347,0.2915741844683012,32.95643734344522,0.2136588086310551,79122,24,0.180078125,0.234375,False,10.79670510708402,56,0.21875,30,1383,0.39453125,0.16015625,0.26171875,2.5509623686472573,79122
abf_fr_physical|tt=physical|g=0.01|eta=0.1|bi=0.2|sf=0.8|fe=1000|seed=2005,abf_fr_physical|tt=physical|g=0.01|eta=0.1|bi=0.2|sf=0.8|fe=1000,abf_fr_physical,physical,2005,0.01,0.1,0.2,0.8,1000,0.0916536280151104,0.2717525885408413,10.927785614844325,29.94422459863666,0.0420224400802884,0.4532094542339441,0.40590586947335,38.51603466779613,0.0479321612847636,5.469023265536047,0.2533660676563294,27.0307686417392,0.2136588086310551,74155,30,0.1752604166666666,0.23046875,False,19.6098144823459,24,0.09375,30,1346,0.3671875,0.20703125,0.3125,2.5509623686472573,74155
abf_fr_physical|tt=physical|g=0.01|eta=0.1|bi=0.2|sf=0.8|fe=1000|seed=2006,abf_fr_physical|tt=physical|g=0.01|eta=0.1|bi=0.2|sf=0.8|fe=1000,abf_fr_physical,physical,2006,0.01,0.1,0.2,0.8,1000,0.0697370361927036,0.2077848486000788,11.936406550086712,33.62242265685523,0.0584927163807746,0.4220979470908904,0.3938618035793341,38.03748953444695,0.0033493868934693,2.389693300096483,0.2025578176538512,31.229518423551173,0.2136588086310551,55888,31,0.1983072916666666,0.265625,False,18.398652442448064,29,0.11328125,30,1523,0.4140625,0.1484375,0.27734375,2.5509623686472573,55888
abf_fr_physical|tt=physical|g=0.01|eta=0.1|bi=0.2|sf=0.8|fe=1000|seed=2007,abf_fr_physical|tt=physical|g=0.01|eta=0.1|bi=0.2|sf=0.8|fe=1000,abf_fr_physical,physical,2007,0.01,0.1,0.2,0.8,1000,0.1134553507801441,0.3132992517415277,14.665697458170031,40.30688613564915,0.0464293111997946,0.4515310769885702,0.3926889559187179,38.058219563601256,0.1045568216899335,7.933650302039077,0.2921394131885103,37.11839122324544,0.2136588086310551,63041,27,0.1927083333333333,0.2421875,False,16.00781631656082,30,0.1171875,30,1480,0.328125,0.125,0.37890625,2.5509623686472573,63041
abf_fr_physical|tt=physical|g=0.05|eta=0.1|bi=0.2|sf=0.8|fe=1000|seed=2000,abf_fr_physical|tt=physical|g=0.05|eta=0.1|bi=0.2|sf=0.8|fe=1000,abf_fr_physical,physical,2000,0.05,0.1,0.2,0.8,1000,0.1700755210836839,0.4144061511323251,21.60052751278065,50.91877264620207,0.0696393663024153,0.4204830253980732,0.4164423526460236,37.728018835738936,0.2379413770762175,27.63391267249176,0.3981624983637737,48.14943017346901,0.2136588086310551,71672,11,0.3595052083333333,0.4296875,False,6.134032197678772,76,0.296875,30,2761,0.4453125,0.16796875,0.25,2.5509623686472573,71672
abf_fr_physical|tt=physical|g=0.05|eta=0.1|bi=0.2|sf=0.8|fe=1000|seed=2001,abf_fr_physical|tt=physical|g=0.05|eta=0.1|bi=0.2|sf=0.8|fe=1000,abf_fr_physical,physical,2001,0.05,0.1,0.2,0.8,1000,0.1015403288869302,0.3079422655965929,15.167502666533087,36.92494165201351,0.0591891125368295,0.4171344503940376,0.3929255164099188,37.862722440189565,0.0048544640948611,12.568886715286158,0.2927214625460387,35.781636964487475,0.2136588086310551,80008,16,0.3649739583333333,0.46484375,False,6.548361310951239,74,0.2890625,30,2803,0.40234375,0.1796875,0.26171875,2.5509623686472573,80008
abf_fr_physical|tt=physical|g=0.05|eta=0.1|bi=0.2|sf=0.8|fe=1000|seed=2002,abf_fr_physical|tt=physical|g=0.05|eta=0.1|bi=0.2|sf=0.8|fe=1000,abf_fr_physical,physical,2002,0.05,0.1,0.2,0.8,1000,0.17350525268672,0.5184432875389238,18.5095236837481,52.72788330386763,0.0370292187694719,0.4269956040632802,0.3987905068493979,38.84807741515269,0.0208973249461452,4.17429756500431,0.4864591800399132,48.88728244580726,0.2136588086310551,89150,11,0.354296875,0.4609375,False,6.375097276264592,65,0.25390625,30,2721,0.328125,0.140625,0.3359375,2.5509623686472573,89150
abf_fr_physical|tt=physical|g=0.05|eta=0.1|bi=0.2|sf=0.8|fe=1000|seed=2003,abf_fr_physical|tt=physical|g=0.05|eta=0.1|bi=0.2|sf=0.8|fe=1000,abf_fr_physical,physical,2003,0.05,0.1,0.2,0.8,1000,0.0903239465362206,0.2579952877557457,13.024330751606549,29.60490615419569,0.0686634971967619,0.4797742605679402,0.419695715424715,39.021793310688906,0.0755771730748771,16.49889694280796,0.2406718331809828,26.645232499834965,0.2136588086310551,89730,11,0.3489583333333333,0.4296875,False,5.163567601638827,74,0.2890625,30,2680,0.29296875,0.19921875,0.3671875,2.5509623686472573,89730
abf_fr_physical|tt=physical|g=0.05|eta=0.1|bi=0.2|sf=0.8|fe=1000|seed=2004,abf_fr_physical|tt=physical|g=0.05|eta=0.1|bi=0.2|sf=0.8|fe=1000,abf_fr_physical,physical,2004,0.05,0.1,0.2,0.8,1000,0.1208183354639484,0.3641066544798438,17.400355470138315,38.32746501885191,0.0689740153402412,0.4135320206254628,0.3936762951336038,38.23483861682792,0.0245514355197675,21.342269018525567,0.344546772597656,36.924934637287805,0.2136588086310551,91215,14,0.3498697916666666,0.42578125,False,5.174167061424286,79,0.30859375,30,2687,0.43359375,0.16015625,0.25,2.5509623686472573,91215
abf_fr_physical|tt=physical|g=0.05|eta=0.1|bi=0.2|sf=0.8|fe=1000|seed=2005,abf_fr_physical|tt=physical|g=0.05|eta=0.1|bi=0.2|sf=0.8|fe=1000,abf_fr_physical,physical,2005,0.05,0.1,0.2,0.8,1000,0.1290518235393971,0.3958264025639867,14.249595169324463,40.61028602630744,0.0418541056204607,0.4171735655974019,0.3932259677027927,38.56779370983508,0.0088436063633023,5.465274983422901,0.3675236582709907,36.5290985698026,0.2136588086310551,86237,18,0.34375,0.46875,False,11.134216785592931,44,0.171875,30,2640,0.359375,0.13671875,0.36328125,2.5509623686472573,86237
abf_fr_physical|tt=physical|g=0.05|eta=0.1|bi=0.2|sf=0.8|fe=1000|seed=2006,abf_fr_physical|tt=physical|g=0.05|eta=0.1|bi=0.2|sf=0.8|fe=1000,abf_fr_physical,physical,2006,0.05,0.1,0.2,0.8,1000,0.1159926712589645,0.3372143520419265,14.22187520447316,39.24503904960065,0.0550343936564276,0.3994668022768486,0.3927597818596259,38.16219518263817,0.0836817774482439,8.667078731046345,0.3195582739856936,36.396153439563314,0.2136588086310551,82179,13,0.3483072916666667,0.421875,False,3.930902111324376,120,0.46875,30,2675,0.41015625,0.16796875,0.29296875,2.5509623686472573,82179
abf_fr_physical|tt=physical|g=0.05|eta=0.1|bi=0.2|sf=0.8|fe=1000|seed=2007,abf_fr_physical|tt=physical|g=0.05|eta=0.1|bi=0.2|sf=0.8|fe=1000,abf_fr_physical,physical,2007,0.05,0.1,0.2,0.8,1000,0.094679748171579,0.2700438076705908,13.200854903705649,36.29138093877091,0.0502295028832529,0.4412734635635852,0.3944650082813272,37.57115290049594,0.0793002923253434,7.299066644722315,0.2511029351294184,33.39146216157916,0.2136588086310551,74185,13,0.3716145833333333,0.42578125,False,7.360287511230908,71,0.27734375,30,2854,0.32421875,0.1484375,0.33984375,2.5509623686472573,74185
