step,arm,mass_ess,n_occupied,resampled,benefit,lam,n_replacements,duplicate_pairs,cooling,ess_predicted,row,seed
10000,A6b,0.0,31,False,0.0,0.0,0,0.0,False,,0,5300
10000,A6b,0.0,30,False,0.0,0.0,0,0.0,False,,1,5301
10000,A6b,0.07573842622458632,32,False,0.0,0.0,0,0.0,False,,2,5302
10000,A6b,0.0,30,False,0.0,0.0,0,0.0,False,,3,5303
10000,A6b,0.0,31,False,0.0,0.0,0,0.0,False,,4,5304
10000,A6b,0.0,29,False,0.0,0.0,0,0.0,False,,5,5305
10000,A6b,0.0,30,False,0.0,0.0,0,0.0,False,,6,5306
10000,A6b,0.0,29,False,0.0,0.0,0,0.0,False,,7,5307
10500,A6b,0.0,30,False,0.0,0.0,0,0.0,False,,0,5300
10500,A6b,0.0,29,False,0.0,0.0,0,0.0,False,,1,5301
10500,A6b,0.0,30,False,0.0,0.0,0,0.0,False,,2,5302
10500,A6b,0.0,29,False,0.0,0.0,0,0.0,False,,3,5303
10500,A6b,0.0,27,False,0.0,0.0,0,0.0,False,,4,5304
10500,A6b,0.0,30,False,0.0,0.0,0,0.0,False,,5,5305
10500,A6b,0.20570797491462295,32,False,0.0,0.0,0,0.0,False,,6,5306
10500,A6b,0.0,29,False,0.0,0.0,0,0.0,False,,7,5307
11000,A6b,0.0,29,False,0.0,0.0,0,0.0,False,,0,5300
11000,A6b,0.0,29,False,0.0,0.0,0,0.0,False,,1,5301
11000,A6b,0.0,31,False,0.0,0.0,0,0.0,False,,2,5302
11000,A6b,0.0,29,False,0.0,0.0,0,0.0,False,,3,5303
11000,A6b,0.0,28,False,0.0,0.0,0,0.0,False,,4,5304
11000,A6b,0.0,30,False,0.0,0.0,0,0.0,False,,5,5305
11000,A6b,0.0,28,False,0.0,0.0,0,0.0,False,,6,5306
11000,A6b,0.0,28,False,0.0,0.0,0,0.0,False,,7,5307
11500,A6b,0.0,29,False,0.0,0.0,0,0.0,False,,0,5300
11500,A6b,0.0,30,False,0.0,0.0,0,0.0,False,,1,5301
11500,A6b,0.0,27,False,0.0,0.0,0,0.0,False,,2,5302
11500,A6b,0.0,29,False,0.0,0.0,0,0.0,False,,3,5303
11500,A6b,0.0,29,False,0.0,0.0,0,0.0,False,,4,5304
11500,A6b,0.0,30,False,0.0,0.0,0,0.0,False,,5,5305
11500,A6b,0.0,28,False,0.0,0.0,0,0.0,False,,6,5306
11500,A6b,0.0,28,False,0.0,0.0,0,0.0,False,,7,5307
12000,A6b,0.0,29,False,0.0,0.0,0,0.0,False,,0,5300
12000,A6b,0.0,30,False,0.0,0.0,0,0.0,False,,1,5301
12000,A6b,0.0,27,False,0.0,0.0,0,0.0,False,,2,5302
12000,A6b,0.0,28,False,0.0,0.0,0,0.0,False,,3,5303
12000,A6b,0.0,28,False,0.0,0.0,0,0.0,False,,4,5304
12000,A6b,0.0,27,False,0.0,0.0,0,0.0,False,,5,5305
12000,A6b,0.0,30,False,0.0,0.0,0,0.0,False,,6,5306
12000,A6b,0.0,28,False,0.0,0.0,0,0.0,False,,7,5307
12500,A6b,0.0,29,False,0.0,0.0,0,0.0,False,,0,5300
12500,A6b,0.0,30,False,0.0,0.0,0,0.0,False,,1,5301
12500,A6b,0.0,29,False,0.0,0.0,0,0.0,False,,2,5302
12500,A6b,0.0,28,False,0.0,0.0,0,0.0,False,,3,5303
12500,A6b,0.0,29,False,0.0,0.0,0,0.0,False,,4,5304
12500,A6b,0.0,29,False,0.0,0.0,0,0.0,False,,5,5305
12500,A6b,0.0,28,False,0.0,0.0,0,0.0,False,,6,5306
12500,A6b,0.0,29,False,0.0,0.0,0,0.0,False,,7,5307
13000,A6b,0.0,29,False,0.0,0.0,0,0.0,False,,0,5300
13000,A6b,0.0,30,False,0.0,0.0,0,0.0,False,,1,5301
13000,A6b,0.0,31,False,0.0,0.0,0,0.0,False,,2,5302
13000,A6b,0.0,29,False,0.0,0.0,0,0.0,False,,3,5303
13000,A6b,0.0,29,False,0.0,0.0,0,0.0,False,,4,5304
13000,A6b,0.0,27,False,0.0,0.0,0,0.0,False,,5,5305
13000,A6b,0.0,29,False,0.0,0.0,0,0.0,False,,6,5306
13000,A6b,0.0,28,False,0.0,0.0,0,0.0,False,,7,5307
13500,A6b,0.0,28,False,0.0,0.0,0,0.0,False,,0,5300
13500,A6b,0.0,27,False,0.0,0.0,0,0.0,False,,1,5301
13500,A6b,0.0,28,False,0.0,0.0,0,0.0,False,,2,5302
13500,A6b,0.0,29,False,0.0,0.0,0,0.0,False,,3,5303
13500,A6b,0.0,30,False,0.0,0.0,0,0.0,False,,4,5304
13500,A6b,0.0,29,False,0.0,0.0,0,0.0,False,,5,5305
13500,A6b,0.0,30,False,0.0,0.0,0,0.0,False,,6,5306
13500,A6b,0.0,28,False,0.0,0.0,0,0.0,False,,7,5307
14000,A6b,0.0,30,False,0.0,0.0,0,0.0,False,,0,5300
14000,A6b,0.0,29,False,0.0,0.0,0,0.0,False,,1,5301
14000,A6b,0.0,29,False,0.0,0.0,0,0.0,False,,2,5302
14000,A6b,0.0,29,False,0.0,0.0,0,0.0,False,,3,5303
14000,A6b,0.0,29,False,0.0,0.0,0,0.0,False,,4,5304
14000,A6b,0.0,25,False,0.0,0.0,0,0.0,False,,5,5305
14000,A6b,0.0,29,False,0.0,0.0,0,0.0,False,,6,5306
14000,A6b,0.0,28,False,0.0,0.0,0,0.0,False,,7,5307
14500,A6b,0.0,28,False,0.0,0.0,0,0.0,False,,0,5300
14500,A6b,0.0,28,False,0.0,0.0,0,0.0,False,,1,5301
14500,A6b,0.0,29,False,0.0,0.0,0,0.0,False,,2,5302
14500,A6b,0.0,30,False,0.0,0.0,0,0.0,False,,3,5303
14500,A6b,0.0,29,False,0.0,0.0,0,0.0,False,,4,5304
14500,A6b,0.0,28,False,0.0,0.0,0,0.0,False,,5,5305
14500,A6b,0.0,28,False,0.0,0.0,0,0.0,False,,6,5306
14500,A6b,0.0,30,False,0.0,0.0,0,0.0,False,,7,5307
15000,A6b,0.0,29,False,0.0,0.0,0,0.0,False,,0,5300
15000,A6b,0.0,30,False,0.0,0.0,0,0.0,False,,1,5301
15000,A6b,0.0,28,False,0.0,0.0,0,0.0,False,,2,5302
15000,A6b,0.0,30,False,0.0,0.0,0,0.0,False,,3,5303
15000,A6b,0.0,30,False,0.0,0.0,0,0.0,False,,4,5304
15000,A6b,0.0,30,False,0.0,0.0,0,0.0,False,,5,5305
15000,A6b,0.0,31,False,0.0,0.0,0,0.0,False,,6,5306
15000,A6b,0.0,30,False,0.0,0.0,0,0.0,False,,7,5307
15500,A6b,0.0,30,False,0.0,0.0,0,0.0,False,,0,5300
15500,A6b,0.0,29,False,0.0,0.0,0,0.0,False,,1,5301
15500,A6b,0.0,28,False,0.0,0.0,0,0.0,False,,2,5302
15500,A6b,0.0,29,False,0.0,0.0,0,0.0,False,,3,5303
15500,A6b,0.0,29,False,0.0,0.0,0,0.0,False,,4,5304
15500,A6b,0.0,27,False,0.0,0.0,0,0.0,False,,5,5305
15500,A6b,0.0,30,False,0.0,0.0,0,0.0,False,,6,5306
15500,A6b,0.0,28,False,0.0,0.0,0,0.0,False,,7,5307
16000,A6b,0.0,29,False,0.0,0.0,0,0.0,False,,0,5300
16000,A6b,0.0,28,False,0.0,0.0,0,0.0,False,,1,5301
16000,A6b,0.0,29,False,0.0,0.0,0,0.0,False,,2,5302
16000,A6b,0.0,30,False,0.0,0.0,0,0.0,False,,3,5303
16000,A6b,0.0,28,False,0.0,0.0,0,0.0,False,,4,5304
16000,A6b,0.0,26,False,0.0,0.0,0,0.0,False,,5,5305
16000,A6b,0.0,31,False,0.0,0.0,0,0.0,False,,6,5306
16000,A6b,0.0,31,False,0.0,0.0,0,0.0,False,,7,5307
16500,A6b,0.0,29,False,0.0,0.0,0,0.0,False,,0,5300
16500,A6b,0.0,30,False,0.0,0.0,0,0.0,False,,1,5301
16500,A6b,0.0,30,False,0.0,0.0,0,0.0,False,,2,5302
16500,A6b,0.0,29,False,0.0,0.0,0,0.0,False,,3,5303
16500,A6b,0.0,29,False,0.0,0.0,0,0.0,False,,4,5304
16500,A6b,0.0,30,False,0.0,0.0,0,0.0,False,,5,5305
16500,A6b,0.0,29,False,0.0,0.0,0,0.0,False,,6,5306
16500,A6b,0.0,30,False,0.0,0.0,0,0.0,False,,7,5307
17000,A6b,0.0,28,False,0.0,0.0,0,0.0,False,,0,5300
17000,A6b,0.0,30,False,0.0,0.0,0,0.0,False,,1,5301
17000,A6b,0.0,30,False,0.0,0.0,0,0.0,False,,2,5302
17000,A6b,0.0,29,False,0.0,0.0,0,0.0,False,,3,5303
17000,A6b,0.0,29,False,0.0,0.0,0,0.0,False,,4,5304
17000,A6b,0.0,26,False,0.0,0.0,0,0.0,False,,5,5305
17000,A6b,0.0,27,False,0.0,0.0,0,0.0,False,,6,5306
17000,A6b,0.0,29,False,0.0,0.0,0,0.0,False,,7,5307
17500,A6b,0.0,30,False,0.0,0.0,0,0.0,False,,0,5300
17500,A6b,0.0,28,False,0.0,0.0,0,0.0,False,,1,5301
17500,A6b,0.0,28,False,0.0,0.0,0,0.0,False,,2,5302
17500,A6b,0.0,31,False,0.0,0.0,0,0.0,False,,3,5303
17500,A6b,0.0,29,False,0.0,0.0,0,0.0,False,,4,5304
17500,A6b,0.0,29,False,0.0,0.0,0,0.0,False,,5,5305
17500,A6b,0.0,29,False,0.0,0.0,0,0.0,False,,6,5306
17500,A6b,0.0,31,False,0.0,0.0,0,0.0,False,,7,5307
18000,A6b,0.0,30,False,0.0,0.0,0,0.0,False,,0,5300
18000,A6b,0.0,29,False,0.0,0.0,0,0.0,False,,1,5301
18000,A6b,0.0,30,False,0.0,0.0,0,0.0,False,,2,5302
18000,A6b,0.0,27,False,0.0,0.0,0,0.0,False,,3,5303
18000,A6b,0.0,30,False,0.0,0.0,0,0.0,False,,4,5304
18000,A6b,0.0,29,False,0.0,0.0,0,0.0,False,,5,5305
18000,A6b,0.0,30,False,0.0,0.0,0,0.0,False,,6,5306
18000,A6b,0.0,30,False,0.0,0.0,0,0.0,False,,7,5307
18500,A6b,0.0,28,False,0.0,0.0,0,0.0,False,,0,5300
18500,A6b,0.0,29,False,0.0,0.0,0,0.0,False,,1,5301
18500,A6b,0.0,30,False,0.0,0.0,0,0.0,False,,2,5302
18500,A6b,0.0,31,False,0.0,0.0,0,0.0,False,,3,5303
18500,A6b,0.0,28,False,0.0,0.0,0,0.0,False,,4,5304
18500,A6b,0.0,30,False,0.0,0.0,0,0.0,False,,5,5305
18500,A6b,0.0,29,False,0.0,0.0,0,0.0,False,,6,5306
18500,A6b,0.0,31,False,0.0,0.0,0,0.0,False,,7,5307
19000,A6b,0.0,29,False,0.0,0.0,0,0.0,False,,0,5300
19000,A6b,0.0,30,False,0.0,0.0,0,0.0,False,,1,5301
19000,A6b,0.0,31,False,0.0,0.0,0,0.0,False,,2,5302
19000,A6b,0.0,29,False,0.0,0.0,0,0.0,False,,3,5303
19000,A6b,0.0,30,False,0.0,0.0,0,0.0,False,,4,5304
19000,A6b,0.0,27,False,0.0,0.0,0,0.0,False,,5,5305
19000,A6b,0.0,30,False,0.0,0.0,0,0.0,False,,6,5306
19000,A6b,0.0,29,False,0.0,0.0,0,0.0,False,,7,5307
19500,A6b,0.0,28,False,0.0,0.0,0,0.0,False,,0,5300
19500,A6b,0.0,28,False,0.0,0.0,0,0.0,False,,1,5301
19500,A6b,0.0,28,False,0.0,0.0,0,0.0,False,,2,5302
19500,A6b,0.0,29,False,0.0,0.0,0,0.0,False,,3,5303
19500,A6b,0.0,29,False,0.0,0.0,0,0.0,False,,4,5304
19500,A6b,0.0,31,False,0.0,0.0,0,0.0,False,,5,5305
19500,A6b,0.0,29,False,0.0,0.0,0,0.0,False,,6,5306
19500,A6b,0.0,29,False,0.0,0.0,0,0.0,False,,7,5307
20000,A6b,0.0,30,False,0.0,0.0,0,0.0,False,,0,5300
20000,A6b,0.0,29,False,0.0,0.0,0,0.0,False,,1,5301
20000,A6b,0.06598550602774951,32,False,0.0,0.0,0,0.0,False,,2,5302
20000,A6b,0.0,30,False,0.0,0.0,0,0.0,False,,3,5303
20000,A6b,0.0,30,False,0.0,0.0,0,0.0,False,,4,5304
20000,A6b,0.0,29,False,0.0,0.0,0,0.0,False,,5,5305
20000,A6b,0.0,28,False,0.0,0.0,0,0.0,False,,6,5306
20000,A6b,0.0,30,False,0.0,0.0,0,0.0,False,,7,5307
20500,A6b,0.0,28,False,0.0,0.0,0,0.0,False,,0,5300
20500,A6b,0.0,28,False,0.0,0.0,0,0.0,False,,1,5301
20500,A6b,0.0,30,False,0.0,0.0,0,0.0,False,,2,5302
20500,A6b,0.0,30,False,0.0,0.0,0,0.0,False,,3,5303
20500,A6b,0.0,31,False,0.0,0.0,0,0.0,False,,4,5304
20500,A6b,0.0,29,False,0.0,0.0,0,0.0,False,,5,5305
20500,A6b,0.0,30,False,0.0,0.0,0,0.0,False,,6,5306
20500,A6b,0.12938635604725873,32,False,0.0,0.0,0,0.0,False,,7,5307
21000,A6b,0.0,31,False,0.0,0.0,0,0.0,False,,0,5300
21000,A6b,0.0,29,False,0.0,0.0,0,0.0,False,,1,5301
21000,A6b,0.0,28,False,0.0,0.0,0,0.0,False,,2,5302
21000,A6b,0.0,31,False,0.0,0.0,0,0.0,False,,3,5303
21000,A6b,0.0,31,False,0.0,0.0,0,0.0,False,,4,5304
21000,A6b,0.0,29,False,0.0,0.0,0,0.0,False,,5,5305
21000,A6b,0.1426973963020401,32,False,0.0,0.0,0,0.0,False,,6,5306
21000,A6b,0.0,30,False,0.0,0.0,0,0.0,False,,7,5307
21500,A6b,0.0,30,False,0.0,0.0,0,0.0,False,,0,5300
21500,A6b,0.0,31,False,0.0,0.0,0,0.0,False,,1,5301
21500,A6b,0.0,30,False,0.0,0.0,0,0.0,False,,2,5302
21500,A6b,0.0,31,False,0.0,0.0,0,0.0,False,,3,5303
21500,A6b,0.0,30,False,0.0,0.0,0,0.0,False,,4,5304
21500,A6b,0.0,30,False,0.0,0.0,0,0.0,False,,5,5305
21500,A6b,0.0,29,False,0.0,0.0,0,0.0,False,,6,5306
21500,A6b,0.0,30,False,0.0,0.0,0,0.0,False,,7,5307
22000,A6b,0.0,29,False,0.0,0.0,0,0.0,False,,0,5300
22000,A6b,0.09459045402350381,32,False,0.0,0.0,0,0.0,False,,1,5301
22000,A6b,0.0,30,False,0.0,0.0,0,0.0,False,,2,5302
22000,A6b,0.0,31,False,0.0,0.0,0,0.0,False,,3,5303
22000,A6b,0.0,28,False,0.0,0.0,0,0.0,False,,4,5304
22000,A6b,0.0,30,False,0.0,0.0,0,0.0,False,,5,5305
22000,A6b,0.0,30,False,0.0,0.0,0,0.0,False,,6,5306
22000,A6b,0.0,30,False,0.0,0.0,0,0.0,False,,7,5307
22500,A6b,0.0,31,False,0.0,0.0,0,0.0,False,,0,5300
22500,A6b,0.0,31,False,0.0,0.0,0,0.0,False,,1,5301
22500,A6b,0.0,29,False,0.0,0.0,0,0.0,False,,2,5302
22500,A6b,0.0,31,False,0.0,0.0,0,0.0,False,,3,5303
22500,A6b,0.0,29,False,0.0,0.0,0,0.0,False,,4,5304
22500,A6b,0.0,30,False,0.0,0.0,0,0.0,False,,5,5305
22500,A6b,0.14245098379768106,32,False,0.0,0.0,0,0.0,False,,6,5306
22500,A6b,0.0,28,False,0.0,0.0,0,0.0,False,,7,5307
23000,A6b,0.0,30,False,0.0,0.0,0,0.0,False,,0,5300
23000,A6b,0.0,30,False,0.0,0.0,0,0.0,False,,1,5301
23000,A6b,0.0,29,False,0.0,0.0,0,0.0,False,,2,5302
23000,A6b,0.0,30,False,0.0,0.0,0,0.0,False,,3,5303
23000,A6b,0.0,30,False,0.0,0.0,0,0.0,False,,4,5304
23000,A6b,0.11493946304035287,32,False,0.0,0.0,0,0.0,False,,5,5305
23000,A6b,0.18078710809914753,32,False,0.0,0.0,0,0.0,False,,6,5306
23000,A6b,0.0,31,False,0.0,0.0,0,0.0,False,,7,5307
23500,A6b,0.0,29,False,0.0,0.0,0,0.0,False,,0,5300
23500,A6b,0.0,28,False,0.0,0.0,0,0.0,False,,1,5301
23500,A6b,0.0,30,False,0.0,0.0,0,0.0,False,,2,5302
23500,A6b,0.0,31,False,0.0,0.0,0,0.0,False,,3,5303
23500,A6b,0.0,30,False,0.0,0.0,0,0.0,False,,4,5304
23500,A6b,0.0,31,False,0.0,0.0,0,0.0,False,,5,5305
23500,A6b,0.0,30,False,0.0,0.0,0,0.0,False,,6,5306
23500,A6b,0.0,30,False,0.0,0.0,0,0.0,False,,7,5307
24000,A6b,0.0,30,False,0.0,0.0,0,0.0,False,,0,5300
24000,A6b,0.0,28,False,0.0,0.0,0,0.0,False,,1,5301
24000,A6b,0.0,28,False,0.0,0.0,0,0.0,False,,2,5302
24000,A6b,0.0,29,False,0.0,0.0,0,0.0,False,,3,5303
24000,A6b,0.0,30,False,0.0,0.0,0,0.0,False,,4,5304
24000,A6b,0.0,30,False,0.0,0.0,0,0.0,False,,5,5305
24000,A6b,0.0,30,False,0.0,0.0,0,0.0,False,,6,5306
24000,A6b,0.0,29,False,0.0,0.0,0,0.0,False,,7,5307
24500,A6b,0.0,30,False,0.0,0.0,0,0.0,False,,0,5300
24500,A6b,0.0,29,False,0.0,0.0,0,0.0,False,,1,5301
24500,A6b,0.0,29,False,0.0,0.0,0,0.0,False,,2,5302
24500,A6b,0.0,29,False,0.0,0.0,0,0.0,False,,3,5303
24500,A6b,0.17215455826503806,32,False,0.0,0.0,0,0.0,False,,4,5304
24500,A6b,0.0,30,False,0.0,0.0,0,0.0,False,,5,5305
24500,A6b,0.0,31,False,0.0,0.0,0,0.0,False,,6,5306
24500,A6b,0.0,29,False,0.0,0.0,0,0.0,False,,7,5307
25000,A6b,0.0,29,False,0.0,0.0,0,0.0,False,,0,5300
25000,A6b,0.0,30,False,0.0,0.0,0,0.0,False,,1,5301
25000,A6b,0.0,30,False,0.0,0.0,0,0.0,False,,2,5302
25000,A6b,0.0,29,False,0.0,0.0,0,0.0,False,,3,5303
25000,A6b,0.0,31,False,0.0,0.0,0,0.0,False,,4,5304
25000,A6b,0.0,31,False,0.0,0.0,0,0.0,False,,5,5305
25000,A6b,0.0,29,False,0.0,0.0,0,0.0,False,,6,5306
25000,A6b,0.0,31,False,0.0,0.0,0,0.0,False,,7,5307
25500,A6b,0.0,30,False,0.0,0.0,0,0.0,False,,0,5300
25500,A6b,0.0,31,False,0.0,0.0,0,0.0,False,,1,5301
25500,A6b,0.0,29,False,0.0,0.0,0,0.0,False,,2,5302
25500,A6b,0.0,30,False,0.0,0.0,0,0.0,False,,3,5303
25500,A6b,0.0,29,False,0.0,0.0,0,0.0,False,,4,5304
25500,A6b,0.0,31,False,0.0,0.0,0,0.0,False,,5,5305
25500,A6b,0.0,30,False,0.0,0.0,0,0.0,False,,6,5306
25500,A6b,0.0,29,False,0.0,0.0,0,0.0,False,,7,5307
26000,A6b,0.0,30,False,0.0,0.0,0,0.0,False,,0,5300
26000,A6b,0.0,31,False,0.0,0.0,0,0.0,False,,1,5301
26000,A6b,0.0,30,False,0.0,0.0,0,0.0,False,,2,5302
26000,A6b,0.0,30,False,0.0,0.0,0,0.0,False,,3,5303
26000,A6b,0.0,29,False,0.0,0.0,0,0.0,False,,4,5304
26000,A6b,0.0,30,False,0.0,0.0,0,0.0,False,,5,5305
26000,A6b,0.0,29,False,0.0,0.0,0,0.0,False,,6,5306
26000,A6b,0.0,28,False,0.0,0.0,0,0.0,False,,7,5307
26500,A6b,0.0,31,False,0.0,0.0,0,0.0,False,,0,5300
26500,A6b,0.0,29,False,0.0,0.0,0,0.0,False,,1,5301
26500,A6b,0.0,30,False,0.0,0.0,0,0.0,False,,2,5302
26500,A6b,0.0,30,False,0.0,0.0,0,0.0,False,,3,5303
26500,A6b,0.0,30,False,0.0,0.0,0,0.0,False,,4,5304
26500,A6b,0.0,31,False,0.0,0.0,0,0.0,False,,5,5305
26500,A6b,0.0,29,False,0.0,0.0,0,0.0,False,,6,5306
26500,A6b,0.0,29,False,0.0,0.0,0,0.0,False,,7,5307
27000,A6b,0.0,30,False,0.0,0.0,0,0.0,False,,0,5300
27000,A6b,0.0,31,False,0.0,0.0,0,0.0,False,,1,5301
27000,A6b,0.0,30,False,0.0,0.0,0,0.0,False,,2,5302
27000,A6b,0.0,31,False,0.0,0.0,0,0.0,False,,3,5303
27000,A6b,0.0,30,False,0.0,0.0,0,0.0,False,,4,5304
27000,A6b,0.1405523306980629,32,False,0.0,0.0,0,0.0,False,,5,5305
27000,A6b,0.0,30,False,0.0,0.0,0,0.0,False,,6,5306
27000,A6b,0.0,30,False,0.0,0.0,0,0.0,False,,7,5307
27500,A6b,0.0,31,False,0.0,0.0,0,0.0,False,,0,5300
27500,A6b,0.0,31,False,0.0,0.0,0,0.0,False,,1,5301
27500,A6b,0.0,31,False,0.0,0.0,0,0.0,False,,2,5302
27500,A6b,0.0,30,False,0.0,0.0,0,0.0,False,,3,5303
27500,A6b,0.0,28,False,0.0,0.0,0,0.0,False,,4,5304
27500,A6b,0.0,29,False,0.0,0.0,0,0.0,False,,5,5305
27500,A6b,0.0,31,False,0.0,0.0,0,0.0,False,,6,5306
27500,A6b,0.0,28,False,0.0,0.0,0,0.0,False,,7,5307
28000,A6b,0.0,31,False,0.0,0.0,0,0.0,False,,0,5300
28000,A6b,0.0,29,False,0.0,0.0,0,0.0,False,,1,5301
28000,A6b,0.0,30,False,0.0,0.0,0,0.0,False,,2,5302
28000,A6b,0.0,30,False,0.0,0.0,0,0.0,False,,3,5303
28000,A6b,0.0,30,False,0.0,0.0,0,0.0,False,,4,5304
28000,A6b,0.0,31,False,0.0,0.0,0,0.0,False,,5,5305
28000,A6b,0.0,29,False,0.0,0.0,0,0.0,False,,6,5306
28000,A6b,0.0,30,False,0.0,0.0,0,0.0,False,,7,5307
28500,A6b,0.0,29,False,0.0,0.0,0,0.0,False,,0,5300
28500,A6b,0.0,30,False,0.0,0.0,0,0.0,False,,1,5301
28500,A6b,0.0,30,False,0.0,0.0,0,0.0,False,,2,5302
28500,A6b,0.0,29,False,0.0,0.0,0,0.0,False,,3,5303
28500,A6b,0.09673568313606824,32,False,0.0,0.0,0,0.0,False,,4,5304
28500,A6b,0.0,30,False,0.0,0.0,0,0.0,False,,5,5305
28500,A6b,0.0,30,False,0.0,0.0,0,0.0,False,,6,5306
28500,A6b,0.0,30,False,0.0,0.0,0,0.0,False,,7,5307
29000,A6b,0.0,30,False,0.0,0.0,0,0.0,False,,0,5300
29000,A6b,0.0,30,False,0.0,0.0,0,0.0,False,,1,5301
29000,A6b,0.0,31,False,0.0,0.0,0,0.0,False,,2,5302
29000,A6b,0.0,28,False,0.0,0.0,0,0.0,False,,3,5303
29000,A6b,0.0,30,False,0.0,0.0,0,0.0,False,,4,5304
29000,A6b,0.127769191618391,32,False,0.0,0.0,0,0.0,False,,5,5305
29000,A6b,0.0,29,False,0.0,0.0,0,0.0,False,,6,5306
29000,A6b,0.0,30,False,0.0,0.0,0,0.0,False,,7,5307
29500,A6b,0.0,29,False,0.0,0.0,0,0.0,False,,0,5300
29500,A6b,0.0,31,False,0.0,0.0,0,0.0,False,,1,5301
29500,A6b,0.0,30,False,0.0,0.0,0,0.0,False,,2,5302
29500,A6b,0.0,31,False,0.0,0.0,0,0.0,False,,3,5303
29500,A6b,0.0,31,False,0.0,0.0,0,0.0,False,,4,5304
29500,A6b,0.0,30,False,0.0,0.0,0,0.0,False,,5,5305
29500,A6b,0.17835986289873962,32,False,0.0,0.0,0,0.0,False,,6,5306
29500,A6b,0.0,28,False,0.0,0.0,0,0.0,False,,7,5307
30000,A6b,0.0,30,False,0.0,0.0,0,0.0,False,,0,5300
30000,A6b,0.0,31,False,0.0,0.0,0,0.0,False,,1,5301
30000,A6b,0.0,30,False,0.0,0.0,0,0.0,False,,2,5302
30000,A6b,0.0,30,False,0.0,0.0,0,0.0,False,,3,5303
30000,A6b,0.20698720298231163,32,False,0.0,0.0,0,0.0,False,,4,5304
30000,A6b,0.0,29,False,0.0,0.0,0,0.0,False,,5,5305
30000,A6b,0.0,31,False,0.0,0.0,0,0.0,False,,6,5306
30000,A6b,0.0,29,False,0.0,0.0,0,0.0,False,,7,5307
30500,A6b,0.0,31,False,0.0,0.0,0,0.0,False,,0,5300
30500,A6b,0.0,31,False,0.0,0.0,0,0.0,False,,1,5301
30500,A6b,0.0871195367377836,32,False,0.0,0.0,0,0.0,False,,2,5302
30500,A6b,0.0,29,False,0.0,0.0,0,0.0,False,,3,5303
30500,A6b,0.15747282101820984,32,False,0.0,0.0,0,0.0,False,,4,5304
30500,A6b,0.0,29,False,0.0,0.0,0,0.0,False,,5,5305
30500,A6b,0.0,31,False,0.0,0.0,0,0.0,False,,6,5306
30500,A6b,0.0,31,False,0.0,0.0,0,0.0,False,,7,5307
31000,A6b,0.0,30,False,0.0,0.0,0,0.0,False,,0,5300
31000,A6b,0.0,27,False,0.0,0.0,0,0.0,False,,1,5301
31000,A6b,0.0,30,False,0.0,0.0,0,0.0,False,,2,5302
31000,A6b,0.0,31,False,0.0,0.0,0,0.0,False,,3,5303
31000,A6b,0.0,30,False,0.0,0.0,0,0.0,False,,4,5304
31000,A6b,0.0,31,False,0.0,0.0,0,0.0,False,,5,5305
31000,A6b,0.0,29,False,0.0,0.0,0,0.0,False,,6,5306
31000,A6b,0.0,29,False,0.0,0.0,0,0.0,False,,7,5307
31500,A6b,0.16946933775009246,32,False,0.0,0.0,0,0.0,False,,0,5300
31500,A6b,0.0,30,False,0.0,0.0,0,0.0,False,,1,5301
31500,A6b,0.11638748208708163,32,False,0.0,0.0,0,0.0,False,,2,5302
31500,A6b,0.0,31,False,0.0,0.0,0,0.0,False,,3,5303
31500,A6b,0.0,31,False,0.0,0.0,0,0.0,False,,4,5304
31500,A6b,0.0,31,False,0.0,0.0,0,0.0,False,,5,5305
31500,A6b,0.0,31,False,0.0,0.0,0,0.0,False,,6,5306
31500,A6b,0.0,29,False,0.0,0.0,0,0.0,False,,7,5307
32000,A6b,0.0,31,False,0.0,0.0,0,0.0,False,,0,5300
32000,A6b,0.0,31,False,0.0,0.0,0,0.0,False,,1,5301
32000,A6b,0.0,31,False,0.0,0.0,0,0.0,False,,2,5302
32000,A6b,0.0,31,False,0.0,0.0,0,0.0,False,,3,5303
32000,A6b,0.0,31,False,0.0,0.0,0,0.0,False,,4,5304
32000,A6b,0.0,31,False,0.0,0.0,0,0.0,False,,5,5305
32000,A6b,0.0,29,False,0.0,0.0,0,0.0,False,,6,5306
32000,A6b,0.0,29,False,0.0,0.0,0,0.0,False,,7,5307
32500,A6b,0.0,31,False,0.0,0.0,0,0.0,False,,0,5300
32500,A6b,0.0,30,False,0.0,0.0,0,0.0,False,,1,5301
32500,A6b,0.0,29,False,0.0,0.0,0,0.0,False,,2,5302
32500,A6b,0.0,31,False,0.0,0.0,0,0.0,False,,3,5303
32500,A6b,0.0,31,False,0.0,0.0,0,0.0,False,,4,5304
32500,A6b,0.0,29,False,0.0,0.0,0,0.0,False,,5,5305
32500,A6b,0.0,30,False,0.0,0.0,0,0.0,False,,6,5306
32500,A6b,0.0,28,False,0.0,0.0,0,0.0,False,,7,5307
33000,A6b,0.0,31,False,0.0,0.0,0,0.0,False,,0,5300
33000,A6b,0.0,30,False,0.0,0.0,0,0.0,False,,1,5301
33000,A6b,0.0,31,False,0.0,0.0,0,0.0,False,,2,5302
33000,A6b,0.06690428792450766,32,False,0.0,0.0,0,0.0,False,,3,5303
33000,A6b,0.0,30,False,0.0,0.0,0,0.0,False,,4,5304
33000,A6b,0.0,31,False,0.0,0.0,0,0.0,False,,5,5305
33000,A6b,0.0,30,False,0.0,0.0,0,0.0,False,,6,5306
33000,A6b,0.0,31,False,0.0,0.0,0,0.0,False,,7,5307
33500,A6b,0.0,30,False,0.0,0.0,0,0.0,False,,0,5300
33500,A6b,0.0,30,False,0.0,0.0,0,0.0,False,,1,5301
33500,A6b,0.0,31,False,0.0,0.0,0,0.0,False,,2,5302
33500,A6b,0.0,31,False,0.0,0.0,0,0.0,False,,3,5303
33500,A6b,0.0,30,False,0.0,0.0,0,0.0,False,,4,5304
33500,A6b,0.08209595556540294,32,False,0.0,0.0,0,0.0,False,,5,5305
33500,A6b,0.0,30,False,0.0,0.0,0,0.0,False,,6,5306
33500,A6b,0.0,30,False,0.0,0.0,0,0.0,False,,7,5307
34000,A6b,0.0,31,False,0.0,0.0,0,0.0,False,,0,5300
34000,A6b,0.0,30,False,0.0,0.0,0,0.0,False,,1,5301
34000,A6b,0.0,29,False,0.0,0.0,0,0.0,False,,2,5302
34000,A6b,0.0,30,False,0.0,0.0,0,0.0,False,,3,5303
34000,A6b,0.0,30,False,0.0,0.0,0,0.0,False,,4,5304
34000,A6b,0.0,30,False,0.0,0.0,0,0.0,False,,5,5305
34000,A6b,0.0,30,False,0.0,0.0,0,0.0,False,,6,5306
34000,A6b,0.0,30,False,0.0,0.0,0,0.0,False,,7,5307
34500,A6b,0.1254135776694375,32,False,0.0,0.0,0,0.0,False,,0,5300
34500,A6b,0.0,30,False,0.0,0.0,0,0.0,False,,1,5301
34500,A6b,0.0,31,False,0.0,0.0,0,0.0,False,,2,5302
34500,A6b,0.0,29,False,0.0,0.0,0,0.0,False,,3,5303
34500,A6b,0.13543300601108843,32,False,0.0,0.0,0,0.0,False,,4,5304
34500,A6b,0.0,30,False,0.0,0.0,0,0.0,False,,5,5305
34500,A6b,0.06847473692443137,32,False,0.0,0.0,0,0.0,False,,6,5306
34500,A6b,0.0,30,False,0.0,0.0,0,0.0,False,,7,5307
35000,A6b,0.13618398092164494,32,False,0.0,0.0,0,0.0,False,,0,5300
35000,A6b,0.09810543846997163,32,False,0.0,0.0,0,0.0,False,,1,5301
35000,A6b,0.0,28,False,0.0,0.0,0,0.0,False,,2,5302
35000,A6b,0.0,30,False,0.0,0.0,0,0.0,False,,3,5303
35000,A6b,0.12555988346735567,32,False,0.0,0.0,0,0.0,False,,4,5304
35000,A6b,0.0,29,False,0.0,0.0,0,0.0,False,,5,5305
35000,A6b,0.0,31,False,0.0,0.0,0,0.0,False,,6,5306
35000,A6b,0.0,30,False,0.0,0.0,0,0.0,False,,7,5307
35500,A6b,0.0,31,False,0.0,0.0,0,0.0,False,,0,5300
35500,A6b,0.0,31,False,0.0,0.0,0,0.0,False,,1,5301
35500,A6b,0.0,29,False,0.0,0.0,0,0.0,False,,2,5302
35500,A6b,0.0,31,False,0.0,0.0,0,0.0,False,,3,5303
35500,A6b,0.0,30,False,0.0,0.0,0,0.0,False,,4,5304
35500,A6b,0.0,30,False,0.0,0.0,0,0.0,False,,5,5305
35500,A6b,0.0,30,False,0.0,0.0,0,0.0,False,,6,5306
35500,A6b,0.0,29,False,0.0,0.0,0,0.0,False,,7,5307
36000,A6b,0.0,31,False,0.0,0.0,0,0.0,False,,0,5300
36000,A6b,0.0,29,False,0.0,0.0,0,0.0,False,,1,5301
36000,A6b,0.0,31,False,0.0,0.0,0,0.0,False,,2,5302
36000,A6b,0.0,31,False,0.0,0.0,0,0.0,False,,3,5303
36000,A6b,0.11318184611807802,32,False,0.0,0.0,0,0.0,False,,4,5304
36000,A6b,0.0,28,False,0.0,0.0,0,0.0,False,,5,5305
36000,A6b,0.0,31,False,0.0,0.0,0,0.0,False,,6,5306
36000,A6b,0.0,28,False,0.0,0.0,0,0.0,False,,7,5307
36500,A6b,0.0,31,False,0.0,0.0,0,0.0,False,,0,5300
36500,A6b,0.09501781707800004,32,False,0.0,0.0,0,0.0,False,,1,5301
36500,A6b,0.0,31,False,0.0,0.0,0,0.0,False,,2,5302
36500,A6b,0.0,30,False,0.0,0.0,0,0.0,False,,3,5303
36500,A6b,0.12625645090758855,32,False,0.0,0.0,0,0.0,False,,4,5304
36500,A6b,0.0,28,False,0.0,0.0,0,0.0,False,,5,5305
36500,A6b,0.0,31,False,0.0,0.0,0,0.0,False,,6,5306
36500,A6b,0.0,30,False,0.0,0.0,0,0.0,False,,7,5307
37000,A6b,0.0,31,False,0.0,0.0,0,0.0,False,,0,5300
37000,A6b,0.0,31,False,0.0,0.0,0,0.0,False,,1,5301
37000,A6b,0.0,30,False,0.0,0.0,0,0.0,False,,2,5302
37000,A6b,0.0,31,False,0.0,0.0,0,0.0,False,,3,5303
37000,A6b,0.18290359372242318,32,False,0.0,0.0,0,0.0,False,,4,5304
37000,A6b,0.0,30,False,0.0,0.0,0,0.0,False,,5,5305
37000,A6b,0.0,29,False,0.0,0.0,0,0.0,False,,6,5306
37000,A6b,0.0,28,False,0.0,0.0,0,0.0,False,,7,5307
37500,A6b,0.21514515462107534,32,False,0.0,0.0,0,0.0,False,,0,5300
37500,A6b,0.0,30,False,0.0,0.0,0,0.0,False,,1,5301
37500,A6b,0.0,31,False,0.0,0.0,0,0.0,False,,2,5302
37500,A6b,0.0,29,False,0.0,0.0,0,0.0,False,,3,5303
37500,A6b,0.0,30,False,0.0,0.0,0,0.0,False,,4,5304
37500,A6b,0.0,30,False,0.0,0.0,0,0.0,False,,5,5305
37500,A6b,0.0,30,False,0.0,0.0,0,0.0,False,,6,5306
37500,A6b,0.0,29,False,0.0,0.0,0,0.0,False,,7,5307
38000,A6b,0.0,31,False,0.0,0.0,0,0.0,False,,0,5300
38000,A6b,0.0,30,False,0.0,0.0,0,0.0,False,,1,5301
38000,A6b,0.0,31,False,0.0,0.0,0,0.0,False,,2,5302
38000,A6b,0.0,30,False,0.0,0.0,0,0.0,False,,3,5303
38000,A6b,0.10608674271623271,32,False,0.0,0.0,0,0.0,False,,4,5304
38000,A6b,0.0,29,False,0.0,0.0,0,0.0,False,,5,5305
38000,A6b,0.0,29,False,0.0,0.0,0,0.0,False,,6,5306
38000,A6b,0.0,29,False,0.0,0.0,0,0.0,False,,7,5307
38500,A6b,0.0,30,False,0.0,0.0,0,0.0,False,,0,5300
38500,A6b,0.0,29,False,0.0,0.0,0,0.0,False,,1,5301
38500,A6b,0.0,29,False,0.0,0.0,0,0.0,False,,2,5302
38500,A6b,0.0,31,False,0.0,0.0,0,0.0,False,,3,5303
38500,A6b,0.16364429302737316,32,False,0.0,0.0,0,0.0,False,,4,5304
38500,A6b,0.0,29,False,0.0,0.0,0,0.0,False,,5,5305
38500,A6b,0.0,28,False,0.0,0.0,0,0.0,False,,6,5306
38500,A6b,0.0,28,False,0.0,0.0,0,0.0,False,,7,5307
39000,A6b,0.0,31,False,0.0,0.0,0,0.0,False,,0,5300
39000,A6b,0.08775844259761703,32,False,0.0,0.0,0,0.0,False,,1,5301
39000,A6b,0.0,29,False,0.0,0.0,0,0.0,False,,2,5302
39000,A6b,0.0,29,False,0.0,0.0,0,0.0,False,,3,5303
39000,A6b,0.0,31,False,0.0,0.0,0,0.0,False,,4,5304
39000,A6b,0.0,29,False,0.0,0.0,0,0.0,False,,5,5305
39000,A6b,0.0,30,False,0.0,0.0,0,0.0,False,,6,5306
39000,A6b,0.0,30,False,0.0,0.0,0,0.0,False,,7,5307
39500,A6b,0.0,30,False,0.0,0.0,0,0.0,False,,0,5300
39500,A6b,0.0,31,False,0.0,0.0,0,0.0,False,,1,5301
39500,A6b,0.0,30,False,0.0,0.0,0,0.0,False,,2,5302
39500,A6b,0.0,31,False,0.0,0.0,0,0.0,False,,3,5303
39500,A6b,0.0,29,False,0.0,0.0,0,0.0,False,,4,5304
39500,A6b,0.06715617573418095,32,False,0.0,0.0,0,0.0,False,,5,5305
39500,A6b,0.0,30,False,0.0,0.0,0,0.0,False,,6,5306
39500,A6b,0.0,28,False,0.0,0.0,0,0.0,False,,7,5307
