run_id,study,stage,mode,name,method,seed,n_steps,n_replicas,budget,beta,h,w,n_dim,M,a,beta_h,fr_rate,adaptive_support_mode,adaptive_base_fr_rate,l2_f,l2_fp,integrated_l2_f,l2_f_transition,l2_fp_transition,marginal_l2_uniform,marginal_l2_target,marginal_l2_ref,n_barrier_crossings,n_round_trips,fr_event_fraction,max_fr_event_fraction,fr_score_std,fr_score_absmax,fr_score_clip_fraction,final_ancestor_ess,min_ancestor_ess,final_n_unique_ancestor,final_max_ancestor_frac,had_nan,runtime_seconds,wall_seconds,physics_tag
equal_compute__abf__b1_h2_w2_n10_a1.5__seed0__N1024__T120000__438c15d2bea3,wca_equal_compute,equal_compute,sample,abf,abf,0,120000,1024,122880000,1.0,2.0,2.0,10,100,1.5,2.0,0.0,marginal_uniform,0.2,0.08745075876886968,0.33179994321048384,40.596881701730055,0.04636669079633205,0.41361012441327966,0.14066069547315352,nan,0.4956549289147319,1568434,783915,0.0,0.0,nan,nan,nan,nan,nan,1024,nan,False,195.29525293130428,195.32179322931916,b1_h2_w2_n10_a1.5
equal_compute__abf__b1_h2_w2_n10_a1.5__seed0__N2048__T60000__40878b7e4d53,wca_equal_compute,equal_compute,sample,abf,abf,0,60000,2048,122880000,1.0,2.0,2.0,10,100,1.5,2.0,0.0,marginal_uniform,0.2,0.0995459917616233,0.3498101107227514,26.393419459233883,0.0525234364262412,0.4456177480335398,0.1420498300260655,nan,0.4949186472600538,1518452,758611,0.0,0.0,nan,nan,nan,nan,nan,2048,nan,False,132.11703693587333,132.14512154553086,b1_h2_w2_n10_a1.5
equal_compute__abf__b1_h2_w2_n10_a1.5__seed0__N512__T240000__480f293658c0,wca_equal_compute,equal_compute,sample,abf,abf,0,240000,512,122880000,1.0,2.0,2.0,10,100,1.5,2.0,0.0,marginal_uniform,0.2,0.0757029318317854,0.30572082630906244,59.042343416276275,0.04302508226548032,0.3959535444284788,0.17062809401263593,nan,0.4583824131946979,1560439,780069,0.0,0.0,nan,nan,nan,nan,nan,512,nan,False,378.079826711677,378.08490341342986,b1_h2_w2_n10_a1.5
equal_compute__abf__b1_h2_w2_n10_a1.5__seed1__N1024__T120000__c7285cfff020,wca_equal_compute,equal_compute,sample,abf,abf,1,120000,1024,122880000,1.0,2.0,2.0,10,100,1.5,2.0,0.0,marginal_uniform,0.2,0.08936646528692915,0.324858716134348,39.44082512135501,0.04264422707482196,0.4086545758009619,0.1362373419174069,nan,0.5398105137464759,1561356,780370,0.0,0.0,nan,nan,nan,nan,nan,1024,nan,False,194.1155972694978,194.11932160146534,b1_h2_w2_n10_a1.5
equal_compute__abf__b1_h2_w2_n10_a1.5__seed1__N2048__T60000__131ad315f7ee,wca_equal_compute,equal_compute,sample,abf,abf,1,60000,2048,122880000,1.0,2.0,2.0,10,100,1.5,2.0,0.0,marginal_uniform,0.2,0.10472100282851739,0.3875416379381705,29.162151385406055,0.053305090125632344,0.4606182814070061,0.12503920247502417,nan,0.49820126866371467,1523216,761006,0.0,0.0,nan,nan,nan,nan,nan,2048,nan,False,131.16023297049105,131.16300835181028,b1_h2_w2_n10_a1.5
equal_compute__abf__b1_h2_w2_n10_a1.5__seed1__N512__T240000__ca9f71389e7e,wca_equal_compute,equal_compute,sample,abf,abf,1,240000,512,122880000,1.0,2.0,2.0,10,100,1.5,2.0,0.0,marginal_uniform,0.2,0.07360103595880182,0.29385050683032843,61.12309742824982,0.0389146426435674,0.36633803174933643,0.11083796926160457,nan,0.5424042429436546,1571452,785598,0.0,0.0,nan,nan,nan,nan,nan,512,nan,False,378.40308100078255,378.4081054730341,b1_h2_w2_n10_a1.5
equal_compute__abf__b1_h2_w2_n10_a1.5__seed2__N1024__T120000__e1aca5cb5cb7,wca_equal_compute,equal_compute,sample,abf,abf,2,120000,1024,122880000,1.0,2.0,2.0,10,100,1.5,2.0,0.0,marginal_uniform,0.2,0.08496084796314245,0.3157136593160356,44.25401383894254,0.04711910454777317,0.3941650088154805,0.14510416996427006,nan,0.4916972164765593,1564873,782128,0.0,0.0,nan,nan,nan,nan,nan,1024,nan,False,188.3080110475421,188.31153177842498,b1_h2_w2_n10_a1.5
equal_compute__abf__b1_h2_w2_n10_a1.5__seed2__N2048__T60000__8728dd6b1b1c,wca_equal_compute,equal_compute,sample,abf,abf,2,60000,2048,122880000,1.0,2.0,2.0,10,100,1.5,2.0,0.0,marginal_uniform,0.2,0.10659226109463123,0.38339235199314814,28.360989968295442,0.058931445328462756,0.47021143188121706,0.16128177970596225,nan,0.492737009379403,1523455,761104,0.0,0.0,nan,nan,nan,nan,nan,2048,nan,False,131.8647952703759,131.86770960129797,b1_h2_w2_n10_a1.5
equal_compute__abf__b1_h2_w2_n10_a1.5__seed2__N512__T240000__d95234e0a14f,wca_equal_compute,equal_compute,sample,abf,abf,2,240000,512,122880000,1.0,2.0,2.0,10,100,1.5,2.0,0.0,marginal_uniform,0.2,0.08299410299261982,0.30459887270569064,63.46467852142553,0.04494037576597531,0.39440784300198495,0.12922190565033326,nan,0.4794866075262495,1580465,790080,0.0,0.0,nan,nan,nan,nan,nan,512,nan,False,381.880468682386,381.88530445378274,b1_h2_w2_n10_a1.5
equal_compute__abf__b1_h2_w2_n10_a1.5__seed3__N1024__T120000__88f8743a5597,wca_equal_compute,equal_compute,sample,abf,abf,3,120000,1024,122880000,1.0,2.0,2.0,10,100,1.5,2.0,0.0,marginal_uniform,0.2,0.08498356014019674,0.31653434759539245,37.31076570977218,0.04565780056929721,0.4015769914167819,0.15282768786827158,nan,0.46936010769498643,1567376,783374,0.0,0.0,nan,nan,nan,nan,nan,1024,nan,False,194.3726582173258,194.37629739940166,b1_h2_w2_n10_a1.5
equal_compute__abf__b1_h2_w2_n10_a1.5__seed3__N2048__T60000__3a6df63fdbf3,wca_equal_compute,equal_compute,sample,abf,abf,3,60000,2048,122880000,1.0,2.0,2.0,10,100,1.5,2.0,0.0,marginal_uniform,0.2,0.10591152218592582,0.37316493671667933,30.05114946977146,0.05158220798396001,0.444750731452558,0.13542125288191964,nan,0.5127268434127171,1523073,760925,0.0,0.0,nan,nan,nan,nan,nan,2048,nan,False,131.94138391595334,131.94426529761404,b1_h2_w2_n10_a1.5
equal_compute__abf__b1_h2_w2_n10_a1.5__seed3__N512__T240000__f3a9c5eed1c3,wca_equal_compute,equal_compute,sample,abf,abf,3,240000,512,122880000,1.0,2.0,2.0,10,100,1.5,2.0,0.0,marginal_uniform,0.2,0.0898374140113466,0.33488752581569114,61.74488881290334,0.046433767775534956,0.4270315009195075,0.11364959339554291,nan,0.5064535497289461,1590292,794998,0.0,0.0,nan,nan,nan,nan,nan,512,nan,False,390.92852995637804,390.93347872793674,b1_h2_w2_n10_a1.5
equal_compute__abf__b1_h2_w2_n10_a1.5__seed4__N1024__T120000__f9c1ad7d51ed,wca_equal_compute,equal_compute,sample,abf,abf,4,120000,1024,122880000,1.0,2.0,2.0,10,100,1.5,2.0,0.0,marginal_uniform,0.2,0.08592883612486678,0.3260386586881979,45.07889180629455,0.04396701008909469,0.4057752586249852,0.09956271002142712,nan,0.5316237477256598,1555522,777476,0.0,0.0,nan,nan,nan,nan,nan,1024,nan,False,194.21900618541986,194.2225847961381,b1_h2_w2_n10_a1.5
equal_compute__abf__b1_h2_w2_n10_a1.5__seed4__N2048__T60000__7ba835819c98,wca_equal_compute,equal_compute,sample,abf,abf,4,60000,2048,122880000,1.0,2.0,2.0,10,100,1.5,2.0,0.0,marginal_uniform,0.2,0.10632918507409996,0.3677299628740235,30.2395724680971,0.05435385745246837,0.458288957860045,0.12615748015083603,nan,0.4955764488766475,1512056,755433,0.0,0.0,nan,nan,nan,nan,nan,2048,nan,False,134.96019301190972,134.96308105252683,b1_h2_w2_n10_a1.5
equal_compute__abf__b1_h2_w2_n10_a1.5__seed4__N512__T240000__54bfc6045303,wca_equal_compute,equal_compute,sample,abf,abf,4,240000,512,122880000,1.0,2.0,2.0,10,100,1.5,2.0,0.0,marginal_uniform,0.2,0.08361189561374056,0.3261442393814019,71.47219484725082,0.04579828146645723,0.4150376864020748,0.12764245433323132,nan,0.5050292908471877,1579851,789774,0.0,0.0,nan,nan,nan,nan,nan,512,nan,False,392.13410292658955,392.13895391859114,b1_h2_w2_n10_a1.5
equal_compute__abf__b1_h2_w2_n10_a1.5__seed5__N1024__T120000__5a032ed28114,wca_equal_compute,equal_compute,sample,abf,abf,5,120000,1024,122880000,1.0,2.0,2.0,10,100,1.5,2.0,0.0,marginal_uniform,0.2,0.07969800556883376,0.3165598155895977,38.017216713618986,0.0407898877121363,0.39015221059721295,0.10680284489669488,nan,0.5163714059824823,1564525,781968,0.0,0.0,nan,nan,nan,nan,nan,1024,nan,False,197.91041881032288,197.91400557011366,b1_h2_w2_n10_a1.5
equal_compute__abf__b1_h2_w2_n10_a1.5__seed5__N2048__T60000__c300d1e0ec4e,wca_equal_compute,equal_compute,sample,abf,abf,5,60000,2048,122880000,1.0,2.0,2.0,10,100,1.5,2.0,0.0,marginal_uniform,0.2,0.12054256089460653,0.4154458138540242,29.29707167118162,0.061262135454151684,0.5133010716188046,0.1226917527427058,nan,0.5114172257914994,1522860,760834,0.0,0.0,nan,nan,nan,nan,nan,2048,nan,False,131.66438960190862,131.66727583296597,b1_h2_w2_n10_a1.5
equal_compute__abf__b1_h2_w2_n10_a1.5__seed5__N512__T240000__834eadb624c1,wca_equal_compute,equal_compute,sample,abf,abf,5,240000,512,122880000,1.0,2.0,2.0,10,100,1.5,2.0,0.0,marginal_uniform,0.2,0.08338198448235914,0.3174763711326533,63.60813208849515,0.04487808736639296,0.3962998085969475,0.09779203527484367,nan,0.5140780605544518,1584254,791986,0.0,0.0,nan,nan,nan,nan,nan,512,nan,False,398.29424203839153,398.2991854501888,b1_h2_w2_n10_a1.5
equal_compute__abf__b1_h2_w2_n10_a1.5__seed6__N1024__T120000__b1c2eea0f87f,wca_equal_compute,equal_compute,sample,abf,abf,6,120000,1024,122880000,1.0,2.0,2.0,10,100,1.5,2.0,0.0,marginal_uniform,0.2,0.09520859458341688,0.35374315914199644,41.56227059599439,0.05337579810516138,0.43786255419652914,0.11863688116886931,nan,0.481800892305515,1559268,779335,0.0,0.0,nan,nan,nan,nan,nan,1024,nan,False,197.52531008888036,197.52887415047735,b1_h2_w2_n10_a1.5
equal_compute__abf__b1_h2_w2_n10_a1.5__seed6__N2048__T60000__0a4f32200160,wca_equal_compute,equal_compute,sample,abf,abf,6,60000,2048,122880000,1.0,2.0,2.0,10,100,1.5,2.0,0.0,marginal_uniform,0.2,0.0980413461944178,0.3608022666400293,29.434155286373116,0.0477321177801529,0.4226111657616862,0.1384325748423903,nan,0.4815235610618871,1506683,752740,0.0,0.0,nan,nan,nan,nan,nan,2048,nan,False,135.46269012335688,135.46560618374497,b1_h2_w2_n10_a1.5
equal_compute__abf__b1_h2_w2_n10_a1.5__seed6__N512__T240000__ad95ddfa5659,wca_equal_compute,equal_compute,sample,abf,abf,6,240000,512,122880000,1.0,2.0,2.0,10,100,1.5,2.0,0.0,marginal_uniform,0.2,0.08623747866959533,0.32191475530957037,62.429963616959895,0.04438786036957192,0.3883701806468735,0.10919728454400827,nan,0.46609327286329494,1564201,781958,0.0,0.0,nan,nan,nan,nan,nan,512,nan,False,388.7214469872415,388.72631672769785,b1_h2_w2_n10_a1.5
equal_compute__abf__b1_h2_w2_n10_a1.5__seed7__N1024__T120000__e1fcd92b541d,wca_equal_compute,equal_compute,sample,abf,abf,7,120000,1024,122880000,1.0,2.0,2.0,10,100,1.5,2.0,0.0,marginal_uniform,0.2,0.08976664585582064,0.3282828317293345,39.305666552307265,0.04738094048487202,0.404684523757828,0.12048962456873974,nan,0.514273117247606,1564349,781876,0.0,0.0,nan,nan,nan,nan,nan,1024,nan,False,199.26628710981458,199.26990382093936,b1_h2_w2_n10_a1.5
equal_compute__abf__b1_h2_w2_n10_a1.5__seed7__N2048__T60000__86c95d95b66d,wca_equal_compute,equal_compute,sample,abf,abf,7,60000,2048,122880000,1.0,2.0,2.0,10,100,1.5,2.0,0.0,marginal_uniform,0.2,0.10983344385641654,0.37121187762412516,26.627916020859743,0.05692737645921649,0.45862773856876915,0.16276289640899463,nan,0.4810864184304946,1522836,760788,0.0,0.0,nan,nan,nan,nan,nan,2048,nan,False,131.84207093250006,131.84499000385404,b1_h2_w2_n10_a1.5
equal_compute__abf__b1_h2_w2_n10_a1.5__seed7__N512__T240000__b5b0721a2fd4,wca_equal_compute,equal_compute,sample,abf,abf,7,240000,512,122880000,1.0,2.0,2.0,10,100,1.5,2.0,0.0,marginal_uniform,0.2,0.07673313712568362,0.3132750801732281,55.15500079975157,0.04265069494433359,0.4116354532753818,0.12023824047702933,nan,0.5094821961668576,1586798,793247,0.0,0.0,nan,nan,nan,nan,nan,512,nan,False,400.8765389872715,400.8814701978117,b1_h2_w2_n10_a1.5
equal_compute__abf__b2_h6_w2_n10_a1.5__seed0__N1024__T120000__8b267ef958d8,wca_equal_compute,equal_compute,sample,abf,abf,0,120000,1024,122880000,2.0,6.0,2.0,10,100,1.5,12.0,0.0,marginal_uniform,0.2,0.028738381867025743,0.16219464973583111,50.640317550138306,0.020702442022791378,0.08141417411630694,0.08687650040533855,nan,1.2713224587337566,990390,494916,0.0,0.0,nan,nan,nan,nan,nan,1024,nan,False,192.71069923322648,192.7143053440377,b2_h6_w2_n10_a1.5
equal_compute__abf__b2_h6_w2_n10_a1.5__seed0__N2048__T60000__89035798c72d,wca_equal_compute,equal_compute,sample,abf,abf,0,60000,2048,122880000,2.0,6.0,2.0,10,100,1.5,12.0,0.0,marginal_uniform,0.2,0.025521774322447604,0.17931597103904928,23.946562418155388,0.019815095757089334,0.06046073195458999,0.10131060854345289,nan,1.2887526491271335,920512,459670,0.0,0.0,nan,nan,nan,nan,nan,2048,nan,False,135.3347973106429,135.3376956107095,b2_h6_w2_n10_a1.5
equal_compute__abf__b2_h6_w2_n10_a1.5__seed0__N512__T240000__f08a2c95b229,wca_equal_compute,equal_compute,sample,abf,abf,0,240000,512,122880000,2.0,6.0,2.0,10,100,1.5,12.0,0.0,marginal_uniform,0.2,0.023843970825923454,0.14148269455968238,52.07182896651242,0.016770730693833693,0.05969527492549985,0.07706095556338122,nan,1.2950957561951275,1045990,522857,0.0,0.0,nan,nan,nan,nan,nan,512,nan,False,388.33029841445386,388.3362414557487,b2_h6_w2_n10_a1.5
equal_compute__abf__b2_h6_w2_n10_a1.5__seed1__N1024__T120000__fd68e3e35f44,wca_equal_compute,equal_compute,sample,abf,abf,1,120000,1024,122880000,2.0,6.0,2.0,10,100,1.5,12.0,0.0,marginal_uniform,0.2,0.025164426142236764,0.16181697133506553,28.057829632359336,0.017453514695845933,0.06229955427081135,0.08061176406305288,nan,1.3066162015319047,996572,498020,0.0,0.0,nan,nan,nan,nan,nan,1024,nan,False,199.2323100278154,199.23596242815256,b2_h6_w2_n10_a1.5
equal_compute__abf__b2_h6_w2_n10_a1.5__seed1__N2048__T60000__37ae51fdccde,wca_equal_compute,equal_compute,sample,abf,abf,1,60000,2048,122880000,2.0,6.0,2.0,10,100,1.5,12.0,0.0,marginal_uniform,0.2,0.02976646637484253,0.1892103251266645,27.19465495462947,0.020506323337137734,0.08852934153374524,0.08671840209615345,nan,1.2913579769356403,926484,462668,0.0,0.0,nan,nan,nan,nan,nan,2048,nan,False,132.03950996045023,132.04242659080774,b2_h6_w2_n10_a1.5
equal_compute__abf__b2_h6_w2_n10_a1.5__seed1__N512__T240000__2315f2c52f5d,wca_equal_compute,equal_compute,sample,abf,abf,1,240000,512,122880000,2.0,6.0,2.0,10,100,1.5,12.0,0.0,marginal_uniform,0.2,0.026934775955761867,0.14183496942793705,37.953564946073726,0.01978382725715671,0.06915500294642801,0.05587400936871916,nan,1.3090623109899,1024341,512037,0.0,0.0,nan,nan,nan,nan,nan,512,nan,False,396.7353958999738,396.7405158309266,b2_h6_w2_n10_a1.5
equal_compute__abf__b2_h6_w2_n10_a1.5__seed2__N1024__T120000__607cb97b8fb6,wca_equal_compute,equal_compute,sample,abf,abf,2,120000,1024,122880000,2.0,6.0,2.0,10,100,1.5,12.0,0.0,marginal_uniform,0.2,0.029452903881144122,0.1648825594831411,83.29345189026182,0.019300781197967874,0.08428543058295229,0.11680152117199853,nan,1.2650100476955983,999638,499532,0.0,0.0,nan,nan,nan,nan,nan,1024,nan,False,193.46031453832984,193.46385836880654,b2_h6_w2_n10_a1.5
equal_compute__abf__b2_h6_w2_n10_a1.5__seed2__N2048__T60000__ed65862b8369,wca_equal_compute,equal_compute,sample,abf,abf,2,60000,2048,122880000,2.0,6.0,2.0,10,100,1.5,12.0,0.0,marginal_uniform,0.2,0.02716688404612816,0.19111214005486413,27.794791551386126,0.019975424119148884,0.08226908602703335,0.07298220401833233,nan,1.2896083851577895,921816,460350,0.0,0.0,nan,nan,nan,nan,nan,2048,nan,False,135.30193044804037,135.30470247007906,b2_h6_w2_n10_a1.5
equal_compute__abf__b2_h6_w2_n10_a1.5__seed2__N512__T240000__cb19d6be7737,wca_equal_compute,equal_compute,sample,abf,abf,2,240000,512,122880000,2.0,6.0,2.0,10,100,1.5,12.0,0.0,marginal_uniform,0.2,0.024533048040276548,0.1446094082760807,49.59394819174233,0.01949906861385445,0.06410464163493265,0.11092245296494588,nan,1.3113003761326312,1033945,516832,0.0,0.0,nan,nan,nan,nan,nan,512,nan,False,391.6133159790188,391.6181523511186,b2_h6_w2_n10_a1.5
equal_compute__abf__b2_h6_w2_n10_a1.5__seed3__N1024__T120000__bb11e5a281c1,wca_equal_compute,equal_compute,sample,abf,abf,3,120000,1024,122880000,2.0,6.0,2.0,10,100,1.5,12.0,0.0,marginal_uniform,0.2,0.031481955501072564,0.16924000602615566,239.7628588974688,0.018995630972262607,0.0990064114010489,0.09451784281338595,nan,1.2679958983784247,1002661,501056,0.0,0.0,nan,nan,nan,nan,nan,1024,nan,False,198.08796060085297,198.09176025073975,b2_h6_w2_n10_a1.5
equal_compute__abf__b2_h6_w2_n10_a1.5__seed3__N2048__T60000__c7140dea95d1,wca_equal_compute,equal_compute,sample,abf,abf,3,60000,2048,122880000,2.0,6.0,2.0,10,100,1.5,12.0,0.0,marginal_uniform,0.2,0.021985662072726717,0.18442824860191087,24.389148923748667,0.015635709109901176,0.04982729796004569,0.0899043361762914,nan,1.2840585595244438,909808,454332,0.0,0.0,nan,nan,nan,nan,nan,2048,nan,False,132.234848825261,132.23773021809757,b2_h6_w2_n10_a1.5
equal_compute__abf__b2_h6_w2_n10_a1.5__seed3__N512__T240000__abeed4d2634e,wca_equal_compute,equal_compute,sample,abf,abf,3,240000,512,122880000,2.0,6.0,2.0,10,100,1.5,12.0,0.0,marginal_uniform,0.2,0.022953237703031235,0.13818781168363065,51.01575465898017,0.014887614958334622,0.04939433996675551,0.0796532656617256,nan,1.286858962930592,1043429,521576,0.0,0.0,nan,nan,nan,nan,nan,512,nan,False,403.7692224988714,403.77419976051897,b2_h6_w2_n10_a1.5
equal_compute__abf__b2_h6_w2_n10_a1.5__seed4__N1024__T120000__d0f3fa1fc6e6,wca_equal_compute,equal_compute,sample,abf,abf,4,120000,1024,122880000,2.0,6.0,2.0,10,100,1.5,12.0,0.0,marginal_uniform,0.2,0.022543543529268344,0.15466864990515025,39.061509778660756,0.014464219761181804,0.05268611680259791,0.06307574391958486,nan,1.2988584116434447,1001707,500580,0.0,0.0,nan,nan,nan,nan,nan,1024,nan,False,194.95162281394005,194.95583391468972,b2_h6_w2_n10_a1.5
equal_compute__abf__b2_h6_w2_n10_a1.5__seed4__N2048__T60000__359929a7db14,wca_equal_compute,equal_compute,sample,abf,abf,4,60000,2048,122880000,2.0,6.0,2.0,10,100,1.5,12.0,0.0,marginal_uniform,0.2,0.026799275015752543,0.18764908050788276,36.30557342447125,0.019043406848562844,0.07310329064403384,0.10481732850352579,nan,1.2857224075189317,926628,462729,0.0,0.0,nan,nan,nan,nan,nan,2048,nan,False,135.0077062183991,135.0107484292239,b2_h6_w2_n10_a1.5
equal_compute__abf__b2_h6_w2_n10_a1.5__seed4__N512__T240000__ac7f48a9df31,wca_equal_compute,equal_compute,sample,abf,abf,4,240000,512,122880000,2.0,6.0,2.0,10,100,1.5,12.0,0.0,marginal_uniform,0.2,0.02462109431355003,0.13376516832071395,51.78600198111886,0.017027229262983966,0.06344518278859228,0.0649304975964286,nan,1.3015557287307438,1043737,521734,0.0,0.0,nan,nan,nan,nan,nan,512,nan,False,378.9515744969249,378.9565016590059,b2_h6_w2_n10_a1.5
equal_compute__abf__b2_h6_w2_n10_a1.5__seed5__N1024__T120000__cb5cbed66e14,wca_equal_compute,equal_compute,sample,abf,abf,5,120000,1024,122880000,2.0,6.0,2.0,10,100,1.5,12.0,0.0,marginal_uniform,0.2,0.025332021717091823,0.16718196494201587,38.134133956657905,0.019411969399634823,0.06153535377179542,0.07945278841256051,nan,1.2845900380505453,1005108,502281,0.0,0.0,nan,nan,nan,nan,nan,1024,nan,False,192.0325237819925,192.03613520320505,b2_h6_w2_n10_a1.5
equal_compute__abf__b2_h6_w2_n10_a1.5__seed5__N2048__T60000__c16f70c69c4e,wca_equal_compute,equal_compute,sample,abf,abf,5,60000,2048,122880000,2.0,6.0,2.0,10,100,1.5,12.0,0.0,marginal_uniform,0.2,0.02694371676550753,0.18447228592970644,28.013048636402942,0.018843690043492525,0.0714580796099637,0.07560739299546372,nan,1.2892411170952458,923348,461111,0.0,0.0,nan,nan,nan,nan,nan,2048,nan,False,130.53675069939345,130.53962967079133,b2_h6_w2_n10_a1.5
equal_compute__abf__b2_h6_w2_n10_a1.5__seed5__N512__T240000__36076b238d5e,wca_equal_compute,equal_compute,sample,abf,abf,5,240000,512,122880000,2.0,6.0,2.0,10,100,1.5,12.0,0.0,marginal_uniform,0.2,0.02513992218642226,0.14289002574475615,40.66313093818006,0.018352866076983575,0.06145096711944789,0.07363439954807037,nan,1.2976236577759637,1038681,519202,0.0,0.0,nan,nan,nan,nan,nan,512,nan,False,374.3841184452176,374.3891329979524,b2_h6_w2_n10_a1.5
equal_compute__abf__b2_h6_w2_n10_a1.5__seed6__N1024__T120000__81125abe2bf1,wca_equal_compute,equal_compute,sample,abf,abf,6,120000,1024,122880000,2.0,6.0,2.0,10,100,1.5,12.0,0.0,marginal_uniform,0.2,0.027825079558259254,0.16955390006726742,38.70027403574283,0.020496156784580475,0.08020952204519068,0.10466393994459226,nan,1.2596091477291744,986077,492759,0.0,0.0,nan,nan,nan,nan,nan,1024,nan,False,183.94916695542634,183.9527292381972,b2_h6_w2_n10_a1.5
equal_compute__abf__b2_h6_w2_n10_a1.5__seed6__N2048__T60000__55bcbace34d2,wca_equal_compute,equal_compute,sample,abf,abf,6,60000,2048,122880000,2.0,6.0,2.0,10,100,1.5,12.0,0.0,marginal_uniform,0.2,0.027797040634980265,0.18292987780675957,36.48388345570541,0.021198453454615324,0.08225819107913643,0.09180776284668869,nan,1.2675814379114159,929366,464122,0.0,0.0,nan,nan,nan,nan,nan,2048,nan,False,130.40986654534936,130.41276472620666,b2_h6_w2_n10_a1.5
equal_compute__abf__b2_h6_w2_n10_a1.5__seed6__N512__T240000__2ecca6357a0d,wca_equal_compute,equal_compute,sample,abf,abf,6,240000,512,122880000,2.0,6.0,2.0,10,100,1.5,12.0,0.0,marginal_uniform,0.2,0.025984275687041057,0.14705604794153693,51.633413311910275,0.017199465403490353,0.05568705496236419,0.10287152684130035,nan,1.281097634471031,1032545,516136,0.0,0.0,nan,nan,nan,nan,nan,512,nan,False,373.0605482365936,373.0654179872945,b2_h6_w2_n10_a1.5
equal_compute__abf__b2_h6_w2_n10_a1.5__seed7__N1024__T120000__98eac83c77ad,wca_equal_compute,equal_compute,sample,abf,abf,7,120000,1024,122880000,2.0,6.0,2.0,10,100,1.5,12.0,0.0,marginal_uniform,0.2,0.027894598507717253,0.16728703261082767,52.31572754543798,0.018630460157203693,0.06697990459692339,0.09028430984201066,nan,1.310970942433753,1007833,503629,0.0,0.0,nan,nan,nan,nan,nan,1024,nan,False,183.6574065471068,183.66101688798517,b2_h6_w2_n10_a1.5
equal_compute__abf__b2_h6_w2_n10_a1.5__seed7__N2048__T60000__b921386a9670,wca_equal_compute,equal_compute,sample,abf,abf,7,60000,2048,122880000,2.0,6.0,2.0,10,100,1.5,12.0,0.0,marginal_uniform,0.2,0.025611920209177987,0.19314844937888037,24.507284567175656,0.020271444577710823,0.0706594632384666,0.08764555932312401,nan,1.2809731199247314,910523,454691,0.0,0.0,nan,nan,nan,nan,nan,2048,nan,False,130.87803883571178,130.8809083364904,b2_h6_w2_n10_a1.5
equal_compute__abf__b2_h6_w2_n10_a1.5__seed7__N512__T240000__42450ee5e1a4,wca_equal_compute,equal_compute,sample,abf,abf,7,240000,512,122880000,2.0,6.0,2.0,10,100,1.5,12.0,0.0,marginal_uniform,0.2,0.028335047244532806,0.14974107221938654,51.86548855907104,0.019316196698288914,0.06658761984467206,0.04860598439383787,nan,1.3196431449446109,1042947,521344,0.0,0.0,nan,nan,nan,nan,nan,512,nan,False,369.99975286610425,370.0046966280788,b2_h6_w2_n10_a1.5
equal_compute__abf__b4_h1_w2_n10_a1.5__seed0__N1024__T120000__7de4383f00f4,wca_equal_compute,equal_compute,sample,abf,abf,0,120000,1024,122880000,4.0,1.0,2.0,10,100,1.5,4.0,0.0,marginal_uniform,0.2,0.003339208805476736,0.02321089696000847,12.698884109387876,0.003839126929124061,0.03023263859493857,0.06366697096034812,nan,0.8552115220918927,677660,338565,0.0,0.0,nan,nan,nan,nan,nan,1024,nan,False,187.07721043843776,187.0807813797146,b4_h1_w2_n10_a1.5
equal_compute__abf__b4_h1_w2_n10_a1.5__seed0__N2048__T60000__ea1130c5ec53,wca_equal_compute,equal_compute,sample,abf,abf,0,60000,2048,122880000,4.0,1.0,2.0,10,100,1.5,4.0,0.0,marginal_uniform,0.2,0.011614905669877978,0.03783987032795916,11.297513766587878,0.007735941747236146,0.04647566970912831,0.14084721921857057,nan,0.8045540561378152,624274,311524,0.0,0.0,nan,nan,nan,nan,nan,2048,nan,False,130.928893472068,130.93178225308657,b4_h1_w2_n10_a1.5
equal_compute__abf__b4_h1_w2_n10_a1.5__seed0__N512__T240000__9f28d1aa1d34,wca_equal_compute,equal_compute,sample,abf,abf,0,240000,512,122880000,4.0,1.0,2.0,10,100,1.5,4.0,0.0,marginal_uniform,0.2,0.003033410676596378,0.02226586548721698,12.428516475056634,0.003435313151159476,0.025659429032110118,0.12078832049966531,nan,0.8042712643557599,695503,347618,0.0,0.0,nan,nan,nan,nan,nan,512,nan,False,375.3648206377402,375.3696564314887,b4_h1_w2_n10_a1.5
equal_compute__abf__b4_h1_w2_n10_a1.5__seed1__N1024__T120000__4597c625a632,wca_equal_compute,equal_compute,sample,abf,abf,1,120000,1024,122880000,4.0,1.0,2.0,10,100,1.5,4.0,0.0,marginal_uniform,0.2,0.006305436974768969,0.033483951698421575,12.406890609025876,0.007248659358153881,0.03921126144153046,0.07796304018682967,nan,0.8366539723258364,668652,334054,0.0,0.0,nan,nan,nan,nan,nan,1024,nan,False,185.55304174032062,185.55669374205172,b4_h1_w2_n10_a1.5
equal_compute__abf__b4_h1_w2_n10_a1.5__seed1__N2048__T60000__06e674777a7a,wca_equal_compute,equal_compute,sample,abf,abf,1,60000,2048,122880000,4.0,1.0,2.0,10,100,1.5,4.0,0.0,marginal_uniform,0.2,0.012850767210260959,0.04539311362127041,11.25435936829146,0.00961315134588859,0.05778284334468231,0.1004086604449526,nan,0.824370164224054,620707,309784,0.0,0.0,nan,nan,nan,nan,nan,2048,nan,False,130.38300665747374,130.38588741794229,b4_h1_w2_n10_a1.5
equal_compute__abf__b4_h1_w2_n10_a1.5__seed1__N512__T240000__430606caefe2,wca_equal_compute,equal_compute,sample,abf,abf,1,240000,512,122880000,4.0,1.0,2.0,10,100,1.5,4.0,0.0,marginal_uniform,0.2,0.0052690220442036155,0.02753743600905301,15.012906287475369,0.004953990659022716,0.029370959504521798,0.07673841904973525,nan,0.8547959436238484,692929,346334,0.0,0.0,nan,nan,nan,nan,nan,512,nan,False,370.6144597651437,370.61935065779835,b4_h1_w2_n10_a1.5
equal_compute__abf__b4_h1_w2_n10_a1.5__seed2__N1024__T120000__cf648d00e75e,wca_equal_compute,equal_compute,sample,abf,abf,2,120000,1024,122880000,4.0,1.0,2.0,10,100,1.5,4.0,0.0,marginal_uniform,0.2,0.008422374211167085,0.03339598903517562,12.906684698569052,0.007663837725654222,0.0418393339535262,0.05950695648071424,nan,0.8577561247696274,678173,338824,0.0,0.0,nan,nan,nan,nan,nan,1024,nan,False,183.81500345934182,183.8185906810686,b4_h1_w2_n10_a1.5
equal_compute__abf__b4_h1_w2_n10_a1.5__seed2__N2048__T60000__eaf80ed86a56,wca_equal_compute,equal_compute,sample,abf,abf,2,60000,2048,122880000,4.0,1.0,2.0,10,100,1.5,4.0,0.0,marginal_uniform,0.2,0.010289743308873854,0.03678577503167587,12.17363382058667,0.007602857594660551,0.044898786272540736,0.11003001497876216,nan,0.8123413572816921,623489,311165,0.0,0.0,nan,nan,nan,nan,nan,2048,nan,False,130.38534797821194,130.38823789916933,b4_h1_w2_n10_a1.5
equal_compute__abf__b4_h1_w2_n10_a1.5__seed2__N512__T240000__d2efbe4577de,wca_equal_compute,equal_compute,sample,abf,abf,2,240000,512,122880000,4.0,1.0,2.0,10,100,1.5,4.0,0.0,marginal_uniform,0.2,0.004230342049144502,0.02797353546322663,12.592333688102755,0.004667474703874898,0.0314544391071683,0.07020933482813536,nan,0.8519619314360399,705864,352800,0.0,0.0,nan,nan,nan,nan,nan,512,nan,False,369.7431740993634,369.7480890508741,b4_h1_w2_n10_a1.5
equal_compute__abf__b4_h1_w2_n10_a1.5__seed3__N1024__T120000__256e58a34b27,wca_equal_compute,equal_compute,sample,abf,abf,3,120000,1024,122880000,4.0,1.0,2.0,10,100,1.5,4.0,0.0,marginal_uniform,0.2,0.004899333097185942,0.026887964716710303,12.62807727095159,0.00528874651988472,0.03192351748366251,0.05911496594532242,nan,0.8471481054242253,674396,336932,0.0,0.0,nan,nan,nan,nan,nan,1024,nan,False,185.44951562583447,185.45314441714436,b4_h1_w2_n10_a1.5
equal_compute__abf__b4_h1_w2_n10_a1.5__seed3__N2048__T60000__57822f8c2b01,wca_equal_compute,equal_compute,sample,abf,abf,3,60000,2048,122880000,4.0,1.0,2.0,10,100,1.5,4.0,0.0,marginal_uniform,0.2,0.018137781175136015,0.056642575450081986,12.701606949943379,0.01194399270247972,0.06764851244622619,0.11932875267348049,nan,0.8388876464976751,613338,306071,0.0,0.0,nan,nan,nan,nan,nan,2048,nan,False,130.7208320228383,130.72372970264405,b4_h1_w2_n10_a1.5
equal_compute__abf__b4_h1_w2_n10_a1.5__seed3__N512__T240000__996cc005e0a2,wca_equal_compute,equal_compute,sample,abf,abf,3,240000,512,122880000,4.0,1.0,2.0,10,100,1.5,4.0,0.0,marginal_uniform,0.2,0.0032528678661711804,0.024657771501908926,14.002950726302918,0.0031933143273680875,0.02438356679463262,0.1251756034984518,nan,0.8039581578715509,698446,349083,0.0,0.0,nan,nan,nan,nan,nan,512,nan,False,373.18403749819845,373.1889721201733,b4_h1_w2_n10_a1.5
equal_compute__abf__b4_h1_w2_n10_a1.5__seed4__N1024__T120000__fcc2e3a3b701,wca_equal_compute,equal_compute,sample,abf,abf,4,120000,1024,122880000,4.0,1.0,2.0,10,100,1.5,4.0,0.0,marginal_uniform,0.2,0.007252738236983713,0.035132505050774095,12.162349173535437,0.007023020790611912,0.04450888870693278,0.07443170796170505,nan,0.8370951167178675,677603,338525,0.0,0.0,nan,nan,nan,nan,nan,1024,nan,False,185.79753358382732,185.8011575359851,b4_h1_w2_n10_a1.5
equal_compute__abf__b4_h1_w2_n10_a1.5__seed4__N2048__T60000__08f1d53b61b8,wca_equal_compute,equal_compute,sample,abf,abf,4,60000,2048,122880000,4.0,1.0,2.0,10,100,1.5,4.0,0.0,marginal_uniform,0.2,0.010383756100066841,0.03783380212281524,10.213042020655267,0.0075576888046859775,0.04583602541887484,0.1321940419801485,nan,0.8030730421251966,631186,314999,0.0,0.0,nan,nan,nan,nan,nan,2048,nan,False,130.35995088890195,130.36285076942295,b4_h1_w2_n10_a1.5
equal_compute__abf__b4_h1_w2_n10_a1.5__seed4__N512__T240000__8d2a0f5d4c4c,wca_equal_compute,equal_compute,sample,abf,abf,4,240000,512,122880000,4.0,1.0,2.0,10,100,1.5,4.0,0.0,marginal_uniform,0.2,0.003896978586493648,0.02514126249943132,16.952883171105398,0.004496819936478169,0.033045986050131246,0.06456568241191192,nan,0.8692554236573697,702440,351089,0.0,0.0,nan,nan,nan,nan,nan,512,nan,False,370.3357008099556,370.34063310176134,b4_h1_w2_n10_a1.5
equal_compute__abf__b4_h1_w2_n10_a1.5__seed5__N1024__T120000__dade5c8720e4,wca_equal_compute,equal_compute,sample,abf,abf,5,120000,1024,122880000,4.0,1.0,2.0,10,100,1.5,4.0,0.0,marginal_uniform,0.2,0.0036178600744356136,0.02424697018031714,11.6031539953356,0.003838195668581041,0.023787821216130895,0.07353369739107482,nan,0.841709508179163,682327,340888,0.0,0.0,nan,nan,nan,nan,nan,1024,nan,False,185.38840475585312,185.39202092587948,b4_h1_w2_n10_a1.5
equal_compute__abf__b4_h1_w2_n10_a1.5__seed5__N2048__T60000__c97917d334b0,wca_equal_compute,equal_compute,sample,abf,abf,5,60000,2048,122880000,4.0,1.0,2.0,10,100,1.5,4.0,0.0,marginal_uniform,0.2,0.010787811016188656,0.036778573926057205,10.906246617969117,0.008177149322094322,0.04767677922133318,0.1254369049180538,nan,0.804541440756092,628516,313666,0.0,0.0,nan,nan,nan,nan,nan,2048,nan,False,130.37188484240323,130.37475948501378,b4_h1_w2_n10_a1.5
equal_compute__abf__b4_h1_w2_n10_a1.5__seed5__N512__T240000__6075fd6b1130,wca_equal_compute,equal_compute,sample,abf,abf,5,240000,512,122880000,4.0,1.0,2.0,10,100,1.5,4.0,0.0,marginal_uniform,0.2,0.005171776374458893,0.02579429931902777,14.114553486171541,0.005453473119075016,0.027329514773847863,0.07962598598744187,nan,0.848376466540222,708804,354268,0.0,0.0,nan,nan,nan,nan,nan,512,nan,False,374.37492541316897,374.37990270461887,b4_h1_w2_n10_a1.5
equal_compute__abf__b4_h1_w2_n10_a1.5__seed6__N1024__T120000__e908681496c9,wca_equal_compute,equal_compute,sample,abf,abf,6,120000,1024,122880000,4.0,1.0,2.0,10,100,1.5,4.0,0.0,marginal_uniform,0.2,0.0025638400586232993,0.02268012258726641,11.406960489117285,0.002964300051889489,0.02546318627402444,0.0872918203259602,nan,0.8174230667282936,687750,343600,0.0,0.0,nan,nan,nan,nan,nan,1024,nan,False,183.63613864965737,183.63972850050777,b4_h1_w2_n10_a1.5
equal_compute__abf__b4_h1_w2_n10_a1.5__seed6__N2048__T60000__c75470df18b0,wca_equal_compute,equal_compute,sample,abf,abf,6,60000,2048,122880000,4.0,1.0,2.0,10,100,1.5,4.0,0.0,marginal_uniform,0.2,0.010021243585384976,0.032467246549480605,11.781759784850657,0.006657849120931768,0.0399576118313754,0.11775903669534214,nan,0.8235313140221354,627873,313337,0.0,0.0,nan,nan,nan,nan,nan,2048,nan,False,130.69926636386663,130.70218081586063,b4_h1_w2_n10_a1.5
equal_compute__abf__b4_h1_w2_n10_a1.5__seed6__N512__T240000__a66d63caeb54,wca_equal_compute,equal_compute,sample,abf,abf,6,240000,512,122880000,4.0,1.0,2.0,10,100,1.5,4.0,0.0,marginal_uniform,0.2,0.005309004797871439,0.029178789523044923,14.105227567680636,0.004557690477170566,0.030124341025725702,0.08508413476974734,nan,0.8373282368458639,701671,350697,0.0,0.0,nan,nan,nan,nan,nan,512,nan,False,368.2128577688709,368.21769132092595,b4_h1_w2_n10_a1.5
equal_compute__abf__b4_h1_w2_n10_a1.5__seed7__N1024__T120000__c007aecc06e3,wca_equal_compute,equal_compute,sample,abf,abf,7,120000,1024,122880000,4.0,1.0,2.0,10,100,1.5,4.0,0.0,marginal_uniform,0.2,0.004225549105014434,0.025777643587945473,12.053056808487144,0.004500416704747557,0.028168897094589175,0.11171115833516172,nan,0.8115250618705305,683433,341426,0.0,0.0,nan,nan,nan,nan,nan,1024,nan,False,185.65337274502963,185.6570017458871,b4_h1_w2_n10_a1.5
equal_compute__abf__b4_h1_w2_n10_a1.5__seed7__N2048__T60000__5eea8a960f02,wca_equal_compute,equal_compute,sample,abf,abf,7,60000,2048,122880000,4.0,1.0,2.0,10,100,1.5,4.0,0.0,marginal_uniform,0.2,0.012964687433488923,0.04185422048047845,11.69686318035984,0.007629694290471431,0.05080666106793599,0.1353338760457535,nan,0.8203392593910209,631463,315121,0.0,0.0,nan,nan,nan,nan,nan,2048,nan,False,130.51058232970536,130.51343646086752,b4_h1_w2_n10_a1.5
equal_compute__abf__b4_h1_w2_n10_a1.5__seed7__N512__T240000__8a931a6b3f6d,wca_equal_compute,equal_compute,sample,abf,abf,7,240000,512,122880000,4.0,1.0,2.0,10,100,1.5,4.0,0.0,marginal_uniform,0.2,0.003921546259334002,0.019237590640189994,13.554539831634802,0.003746590633327699,0.02230118392918349,0.09274805865699538,nan,0.8251567628426109,712965,356353,0.0,0.0,nan,nan,nan,nan,nan,512,nan,False,374.0002721454948,374.0051858872175,b4_h1_w2_n10_a1.5
equal_compute__fr_estimated__b1_h2_w2_n10_a1.5__seed0__N1024__T120000__5201d31b0e34,wca_equal_compute,equal_compute,sample,fr_estimated,fr_estimated,0,120000,1024,122880000,1.0,2.0,2.0,10,100,1.5,2.0,0.1,marginal_uniform,0.2,0.04203220927878489,0.25105044256330017,34.18440223566947,0.036367664884158386,0.31732337389187565,0.10828423762389769,0.10827055980336123,0.49142108990116984,1586886,792295,0.00010580525661216939,0.000150390625,0.2661778295452123,0.8370010852813721,0.0,190.4424264438794,190.37327523602033,314,0.0166015625,False,210.7898966949433,210.79340389557183,b1_h2_w2_n10_a1.5
equal_compute__fr_estimated__b1_h2_w2_n10_a1.5__seed0__N2048__T60000__03123bbc13ff,wca_equal_compute,equal_compute,sample,fr_estimated,fr_estimated,0,60000,2048,122880000,1.0,2.0,2.0,10,100,1.5,2.0,0.1,marginal_uniform,0.2,0.06026380755681311,0.2867206822041028,24.33501934311201,0.042924384865317376,0.3684847475894349,0.1271267163396074,0.12733571421748727,0.49740849288514083,1546095,771715,0.00010588276074865641,0.00048828125,0.2730295026049197,0.7608535885810852,0.0,721.9111876075732,721.9111876075732,1070,0.0048828125,False,141.8043458685279,141.80716331861913,b1_h2_w2_n10_a1.5
equal_compute__fr_estimated__b1_h2_w2_n10_a1.5__seed0__N512__T240000__b2731127817f,wca_equal_compute,equal_compute,sample,fr_estimated,fr_estimated,0,240000,512,122880000,1.0,2.0,2.0,10,100,1.5,2.0,0.1,marginal_uniform,0.2,0.034370548803235985,0.25551401191644657,48.324681143041055,0.037236391650466875,0.32235807226621155,0.09855814964497907,0.0985631272088706,0.5026435762465451,1592877,795414,0.00010670922251767006,0.00015625,0.27268643623909367,0.9390228390693665,0.0,47.55878084179971,46.59509420547458,83,0.046875,False,437.5936393002048,437.5984348235652,b1_h2_w2_n10_a1.5
equal_compute__fr_estimated__b1_h2_w2_n10_a1.5__seed1__N1024__T120000__59296de8bcc9,wca_equal_compute,equal_compute,sample,fr_estimated,fr_estimated,1,120000,1024,122880000,1.0,2.0,2.0,10,100,1.5,2.0,0.1,marginal_uniform,0.2,0.03488279040819469,0.24177186784604493,30.9930132276813,0.0314807555488288,0.30587740913337663,0.10828907156899473,0.10832779942974105,0.5268751921450082,1584838,791291,0.00010448696315184241,0.00012890625,0.2694269109668313,0.7823277711868286,0.0,160.0879389312977,160.0879389312977,308,0.0234375,False,214.62084598559886,214.62424904759973,b1_h2_w2_n10_a1.5
equal_compute__fr_estimated__b1_h2_w2_n10_a1.5__seed1__N2048__T60000__5d4b382607a1,wca_equal_compute,equal_compute,sample,fr_estimated,fr_estimated,1,60000,2048,122880000,1.0,2.0,2.0,10,100,1.5,2.0,0.1,marginal_uniform,0.2,0.05380374226408402,0.27401776815761114,23.826949997628063,0.038956152596355424,0.3384809548096982,0.12505305236211248,0.12509523923050347,0.47610528077509584,1536285,766812,0.00010881208208348957,0.0001279296875,0.2749966408702419,0.7333399057388306,0.0,690.9891268533772,690.9891268533772,1059,0.00634765625,False,141.78749718144536,141.79010334145278,b1_h2_w2_n10_a1.5
equal_compute__fr_estimated__b1_h2_w2_n10_a1.5__seed1__N512__T240000__a8d60fefd394,wca_equal_compute,equal_compute,sample,fr_estimated,fr_estimated,1,240000,512,122880000,1.0,2.0,2.0,10,100,1.5,2.0,0.1,marginal_uniform,0.2,0.02806086834124964,0.2333448153788209,35.35249692489673,0.02988142252364961,0.3042895503639938,0.08295653056581923,0.08297947938261946,0.5357060701243728,1587538,792732,0.00010639850514761029,0.00016015625,0.2730172819493343,0.8565323352813721,0.0,52.851612903225806,52.597110754414125,80,0.046875,False,433.5812820577994,433.586205618456,b1_h2_w2_n10_a1.5
equal_compute__fr_estimated__b1_h2_w2_n10_a1.5__seed2__N1024__T120000__742c85bc81ef,wca_equal_compute,equal_compute,sample,fr_estimated,fr_estimated,2,120000,1024,122880000,1.0,2.0,2.0,10,100,1.5,2.0,0.1,marginal_uniform,0.2,0.04202821704959969,0.25911521445190167,33.34370446754981,0.03679706577062407,0.3251046221695412,0.11632125768995688,0.11629544244777838,0.48532639970476804,1576752,787207,0.00010976013699315034,0.0009765625,0.2820755666328098,0.8307137489318848,0.0,165.07808564231738,165.07808564231738,285,0.0244140625,False,214.0379798579961,214.04129927046597,b1_h2_w2_n10_a1.5
equal_compute__fr_estimated__b1_h2_w2_n10_a1.5__seed2__N2048__T60000__c25843d3fa07,wca_equal_compute,equal_compute,sample,fr_estimated,fr_estimated,2,60000,2048,122880000,1.0,2.0,2.0,10,100,1.5,2.0,0.1,marginal_uniform,0.2,0.0605992606006986,0.2917213522480613,25.17573970057119,0.045427696087667585,0.37021626102814303,0.11038814068264315,0.110485133279066,0.4937685935283688,1543241,770313,0.00010875105455568055,0.0001376953125,0.27818604522506496,0.7704567909240723,0.0,688.4937623112278,688.4937623112278,1044,0.005859375,False,141.65078326500952,141.65343235712498,b1_h2_w2_n10_a1.5
equal_compute__fr_estimated__b1_h2_w2_n10_a1.5__seed2__N512__T240000__2ba6d70ed7be,wca_equal_compute,equal_compute,sample,fr_estimated,fr_estimated,2,240000,512,122880000,1.0,2.0,2.0,10,100,1.5,2.0,0.1,marginal_uniform,0.2,0.03924478426929196,0.2576859571888602,53.13111867361487,0.03759231766886589,0.32641867082694176,0.12812092108806725,0.12812531307133768,0.4826414240792869,1598737,798305,0.00011048221915411013,0.000171875,0.27654639527765157,0.949447751045227,0.0,40.76889580093312,39.88800973828363,86,0.06640625,False,434.18248355109245,434.18725278414786,b1_h2_w2_n10_a1.5
equal_compute__fr_estimated__b1_h2_w2_n10_a1.5__seed3__N1024__T120000__7b485f23dd7b,wca_equal_compute,equal_compute,sample,fr_estimated,fr_estimated,3,120000,1024,122880000,1.0,2.0,2.0,10,100,1.5,2.0,0.1,marginal_uniform,0.2,0.04190255011099527,0.252142106006997,31.45000972738849,0.03836181392845771,0.3149063775172041,0.12986689717520614,0.1299271157937048,0.4757901050724559,1579894,788794,0.00010761180690965451,0.000138671875,0.27672321487809015,0.8452092409133911,0.0,175.58204956463496,175.58204956463496,302,0.017578125,False,213.52584612369537,213.52922499459237,b1_h2_w2_n10_a1.5
equal_compute__fr_estimated__b1_h2_w2_n10_a1.5__seed3__N2048__T60000__ba4650eb571b,wca_equal_compute,equal_compute,sample,fr_estimated,fr_estimated,3,60000,2048,122880000,1.0,2.0,2.0,10,100,1.5,2.0,0.1,marginal_uniform,0.2,0.057634294669035024,0.2846039405248388,23.266499005649358,0.041594806947405395,0.3501994730094854,0.10344526590254839,0.10347114989965198,0.5021370205863285,1532909,765147,0.0001055776231096113,0.00048828125,0.2768300475222613,0.8309524655342102,0.0,680.2309438858255,680.2309438858255,1048,0.005859375,False,141.97316500544548,141.9757883651182,b1_h2_w2_n10_a1.5
equal_compute__fr_estimated__b1_h2_w2_n10_a1.5__seed3__N512__T240000__4163777a7607,wca_equal_compute,equal_compute,sample,fr_estimated,fr_estimated,3,240000,512,122880000,1.0,2.0,2.0,10,100,1.5,2.0,0.1,marginal_uniform,0.2,0.03373142653688619,0.2383743553744196,34.51333175164294,0.03388900644755355,0.3051569568341966,0.13051687036477952,0.1305259315472514,0.5254734876712276,1597722,797806,0.00010586584679893638,0.00016015625,0.2777064015273359,0.938147783279419,0.0,41.9162136232811,39.99755874275252,74,0.05078125,False,433.99735474865884,434.002186531201,b1_h2_w2_n10_a1.5
equal_compute__fr_estimated__b1_h2_w2_n10_a1.5__seed4__N1024__T120000__3a788002ff39,wca_equal_compute,equal_compute,sample,fr_estimated,fr_estimated,4,120000,1024,122880000,1.0,2.0,2.0,10,100,1.5,2.0,0.1,marginal_uniform,0.2,0.04051116830595176,0.25226312887856983,35.18862120302917,0.03493150529069415,0.31370587769844394,0.10486463857192574,0.10489196428452213,0.49164917704068545,1591240,794514,0.00010116681665916704,0.0009765625,0.26630003070775443,0.8085624575614929,0.0,182.36104347826088,182.36104347826088,320,0.021484375,False,212.72195719275624,212.72525921277702,b1_h2_w2_n10_a1.5
equal_compute__fr_estimated__b1_h2_w2_n10_a1.5__seed4__N2048__T60000__510e0a15ab24,wca_equal_compute,equal_compute,sample,fr_estimated,fr_estimated,4,60000,2048,122880000,1.0,2.0,2.0,10,100,1.5,2.0,0.1,marginal_uniform,0.2,0.06145378256727052,0.2940753383672785,26.64226959060768,0.04474543127386422,0.3623441768359082,0.10644542397901427,0.10649762027352817,0.49171100774125154,1540599,769002,0.00010460118266466692,0.0001376953125,0.28168727888908446,0.7781342267990112,0.0,713.5597141884995,713.5597141884995,1058,0.00537109375,False,141.59476139675826,141.59737527742982,b1_h2_w2_n10_a1.5
equal_compute__fr_estimated__b1_h2_w2_n10_a1.5__seed4__N512__T240000__f3d8f2630c0b,wca_equal_compute,equal_compute,sample,fr_estimated,fr_estimated,4,240000,512,122880000,1.0,2.0,2.0,10,100,1.5,2.0,0.1,marginal_uniform,0.2,0.04044727069278914,0.24417084365395997,40.973236082312425,0.03812627690878769,0.2904620095805712,0.1649497259395895,0.16505017710537093,0.5409873679403306,1588386,793095,0.00011145875946001227,0.00015625,0.2818950329353315,0.9241710305213928,0.0,55.918088737201366,54.477140482128014,82,0.03515625,False,428.7314765006304,428.7362360805273,b1_h2_w2_n10_a1.5
equal_compute__fr_estimated__b1_h2_w2_n10_a1.5__seed5__N1024__T120000__bb65bbd55318,wca_equal_compute,equal_compute,sample,fr_estimated,fr_estimated,5,120000,1024,122880000,1.0,2.0,2.0,10,100,1.5,2.0,0.1,marginal_uniform,0.2,0.03920642217757889,0.25601431544112885,33.434884232378344,0.03671244347187773,0.3221882582831174,0.088938351971084,0.08892599643031882,0.49594788681214425,1584945,791356,0.0001023874587520624,0.00012890625,0.27133720018168017,0.7996705770492554,0.0,156.13103037522336,156.13103037522336,301,0.0234375,False,213.77062286809087,213.7739961789921,b1_h2_w2_n10_a1.5
equal_compute__fr_estimated__b1_h2_w2_n10_a1.5__seed5__N2048__T60000__bb1cdbad70c2,wca_equal_compute,equal_compute,sample,fr_estimated,fr_estimated,5,60000,2048,122880000,1.0,2.0,2.0,10,100,1.5,2.0,0.1,marginal_uniform,0.2,0.05456263070441231,0.29036311966985523,24.339158029588784,0.043304338651737544,0.3541791378258517,0.11661710918875066,0.11660012611010136,0.4943489269667951,1542503,769954,0.00010380782480314961,0.00048828125,0.27640520427672316,0.7688009142875671,0.0,670.0166134185304,670.0166134185304,1062,0.00732421875,False,141.53485631663352,141.53746657725424,b1_h2_w2_n10_a1.5
equal_compute__fr_estimated__b1_h2_w2_n10_a1.5__seed5__N512__T240000__f0e29cc2e4b3,wca_equal_compute,equal_compute,sample,fr_estimated,fr_estimated,5,240000,512,122880000,1.0,2.0,2.0,10,100,1.5,2.0,0.1,marginal_uniform,0.2,0.03669778785575085,0.26567496164389504,43.16158888179335,0.037490233842640795,0.34765181715988563,0.16185748348564757,0.16185704941512347,0.4933363185326689,1592127,794999,0.00010826280936796891,0.0001640625,0.2753423825448829,0.8882037401199341,0.0,43.48772395487724,43.48772395487724,81,0.06640625,False,435.22236408665776,435.2271945970133,b1_h2_w2_n10_a1.5
equal_compute__fr_estimated__b1_h2_w2_n10_a1.5__seed6__N1024__T120000__c5201bf9a8e1,wca_equal_compute,equal_compute,sample,fr_estimated,fr_estimated,6,120000,1024,122880000,1.0,2.0,2.0,10,100,1.5,2.0,0.1,marginal_uniform,0.2,0.03570531319017183,0.24922110608315057,34.70023573467449,0.034220214320001725,0.3108751755320873,0.12654961597743958,0.12661511663966593,0.5099745262130293,1591696,794709,0.00010282688990550472,0.000138671875,0.27296621165277934,0.7953716516494751,0.0,178.57220708446866,178.57220708446866,307,0.015625,False,210.8461729446426,210.84948002453893,b1_h2_w2_n10_a1.5
equal_compute__fr_estimated__b1_h2_w2_n10_a1.5__seed6__N2048__T60000__84b2b4974381,wca_equal_compute,equal_compute,sample,fr_estimated,fr_estimated,6,60000,2048,122880000,1.0,2.0,2.0,10,100,1.5,2.0,0.1,marginal_uniform,0.2,0.05958700767461146,0.28016138499868437,25.973217147438127,0.040766887251397564,0.34946812928734083,0.11590140977583682,0.11593269494102536,0.4992737948839993,1532908,765148,0.00010698125624921885,0.0001240234375,0.2786758217258006,0.8178028464317322,0.0,682.8889612504071,682.8889612504071,1043,0.00634765625,False,141.81913882307708,141.82178050279617,b1_h2_w2_n10_a1.5
equal_compute__fr_estimated__b1_h2_w2_n10_a1.5__seed6__N512__T240000__38349b15a847,wca_equal_compute,equal_compute,sample,fr_estimated,fr_estimated,6,240000,512,122880000,1.0,2.0,2.0,10,100,1.5,2.0,0.1,marginal_uniform,0.2,0.0415246587414835,0.2631048832399048,41.92326981555158,0.03866493044336916,0.3403654627530525,0.08264870882876922,0.08262822415992556,0.5045370664124309,1605160,801505,0.00011026027817549602,0.000171875,0.27644864053677626,0.8946658372879028,0.0,43.924932975871315,42.876022244030096,75,0.056640625,False,430.5496107675135,430.5543519295752,b1_h2_w2_n10_a1.5
equal_compute__fr_estimated__b1_h2_w2_n10_a1.5__seed7__N1024__T120000__cc439965dec5,wca_equal_compute,equal_compute,sample,fr_estimated,fr_estimated,7,120000,1024,122880000,1.0,2.0,2.0,10,100,1.5,2.0,0.1,marginal_uniform,0.2,0.04311985303612891,0.26835038811142564,31.24042949243263,0.03932361923125945,0.340988414219705,0.11758789600203128,0.11758665337181552,0.5066892213049994,1580006,788833,0.00010761180690965451,0.000146484375,0.27533988695233746,0.807079017162323,0.0,168.04102564102564,168.04102564102564,299,0.0224609375,False,213.90641849394888,213.9098345451057,b1_h2_w2_n10_a1.5
equal_compute__fr_estimated__b1_h2_w2_n10_a1.5__seed7__N2048__T60000__1dcac8bd088f,wca_equal_compute,equal_compute,sample,fr_estimated,fr_estimated,7,60000,2048,122880000,1.0,2.0,2.0,10,100,1.5,2.0,0.1,marginal_uniform,0.2,0.053481566276207426,0.2832016604979467,23.537589809334786,0.03993893545369981,0.3489264707634719,0.11467023489380275,0.11467723331683813,0.4845912954287783,1533336,765337,0.00010667611861017373,0.0001279296875,0.2807837584210573,0.7567614912986755,0.0,684.2257748776509,684.2257748776509,1050,0.005859375,False,141.88977516628802,141.8924222867936,b1_h2_w2_n10_a1.5
equal_compute__fr_estimated__b1_h2_w2_n10_a1.5__seed7__N512__T240000__4d20d7ee50ad,wca_equal_compute,equal_compute,sample,fr_estimated,fr_estimated,7,240000,512,122880000,1.0,2.0,2.0,10,100,1.5,2.0,0.1,marginal_uniform,0.2,0.03608172020432498,0.24997303883253633,46.493028026456244,0.03778525528684522,0.31836761221491133,0.14325427782293362,0.14332605854242336,0.5291712337995318,1590984,794454,0.00010733065725778959,0.0001640625,0.27737253678298973,0.8716709017753601,0.0,47.09737693136903,47.09737693136903,87,0.072265625,False,435.5420210529119,435.5468655060977,b1_h2_w2_n10_a1.5
equal_compute__fr_estimated__b2_h6_w2_n10_a1.5__seed0__N1024__T120000__dd338e2d75a0,wca_equal_compute,equal_compute,sample,fr_estimated,fr_estimated,0,120000,1024,122880000,2.0,6.0,2.0,10,100,1.5,12.0,0.1,marginal_uniform,0.2,0.01666348709619016,0.14364289002913533,46.39650911694179,0.013580550332087512,0.03454131773456898,0.08801454543675766,0.0880414130818179,1.279877026648414,1004061,501259,6.15203614819259e-05,0.000134765625,0.14835121562729472,1.6318984031677246,0.0,268.04089979550105,268.04089979550105,435,0.0126953125,False,212.56588651891798,212.5692264996469,b2_h6_w2_n10_a1.5
equal_compute__fr_estimated__b2_h6_w2_n10_a1.5__seed0__N2048__T60000__87944ad3a87a,wca_equal_compute,equal_compute,sample,fr_estimated,fr_estimated,0,60000,2048,122880000,2.0,6.0,2.0,10,100,1.5,12.0,0.1,marginal_uniform,0.2,0.019133849793891947,0.18032960159291742,27.524349111854928,0.016159410295337927,0.03438224785728804,0.08666204001184995,0.08682626710165586,1.2914614555564288,936486,467145,6.975446428571428e-05,0.0001455078125,0.17162790938837386,1.3711802959442139,0.0,826.3010244286841,826.3010244286841,1242,0.00439453125,False,141.4725087545812,141.47518515586853,b2_h6_w2_n10_a1.5
equal_compute__fr_estimated__b2_h6_w2_n10_a1.5__seed0__N512__T240000__8b8c873c78a3,wca_equal_compute,equal_compute,sample,fr_estimated,fr_estimated,0,240000,512,122880000,2.0,6.0,2.0,10,100,1.5,12.0,0.1,marginal_uniform,0.2,0.01768352832319805,0.12724703176657187,43.041227055781114,0.015294062509635728,0.031202101798971423,0.05099143917480363,0.05100752747790749,1.325774856371776,1041501,520201,5.774904263539465e-05,0.000171875,0.1414377374187088,1.7001006603240967,0.0,83.22031746031746,82.48709880427943,141,0.033203125,False,432.0805303482339,432.08529657963663,b2_h6_w2_n10_a1.5
equal_compute__fr_estimated__b2_h6_w2_n10_a1.5__seed1__N1024__T120000__04b4f33fba4c,wca_equal_compute,equal_compute,sample,fr_estimated,fr_estimated,1,120000,1024,122880000,2.0,6.0,2.0,10,100,1.5,12.0,0.1,marginal_uniform,0.2,0.01755556228119779,0.1455676537923932,30.2129782625611,0.015377724799849097,0.03351550088655903,0.07936372669768825,0.07940679558343607,1.3064552032186696,1005203,501846,5.766313246837658e-05,0.000158203125,0.14728424642386737,1.822105884552002,0.0,248.47772511848342,248.47772511848342,432,0.0166015625,False,213.44519930705428,213.44860570970923,b2_h6_w2_n10_a1.5
equal_compute__fr_estimated__b2_h6_w2_n10_a1.5__seed1__N2048__T60000__e599c7f3e025,wca_equal_compute,equal_compute,sample,fr_estimated,fr_estimated,1,60000,2048,122880000,2.0,6.0,2.0,10,100,1.5,12.0,0.1,marginal_uniform,0.2,0.02043274544510437,0.17484482825351919,24.776040705601805,0.016409968593064636,0.056068261918520365,0.06612518765325825,0.06604132829814688,1.294205027543221,926210,462049,6.87780238407699e-05,0.000150390625,0.16950197554765634,1.395463466644287,0.0,849.3932766302147,849.3932766302147,1270,0.005859375,False,141.58087287191302,141.58349288254976,b2_h6_w2_n10_a1.5
equal_compute__fr_estimated__b2_h6_w2_n10_a1.5__seed1__N512__T240000__7ec1cccf39c2,wca_equal_compute,equal_compute,sample,fr_estimated,fr_estimated,1,240000,512,122880000,2.0,6.0,2.0,10,100,1.5,12.0,0.1,marginal_uniform,0.2,0.018622269425547556,0.13101077907655154,30.80247126068943,0.016763071646001087,0.0505095604210267,0.04896685726851619,0.04898308961670259,1.3535610654188828,1044246,521521,6.107815731460649e-05,0.00014453125,0.14239294093625887,1.6432818174362183,0.0,66.9759836484415,66.9759836484415,125,0.048828125,False,435.44932141248137,435.4541933648288,b2_h6_w2_n10_a1.5
equal_compute__fr_estimated__b2_h6_w2_n10_a1.5__seed2__N1024__T120000__8d2c73c750e4,wca_equal_compute,equal_compute,sample,fr_estimated,fr_estimated,2,120000,1024,122880000,2.0,6.0,2.0,10,100,1.5,12.0,0.1,marginal_uniform,0.2,0.020271800567227296,0.15773178705412252,79.75720063563918,0.017360310149997157,0.03933715160228989,0.11288204270475896,0.1128891704475076,1.252207511968685,1002822,500609,6.054384780760962e-05,0.00014453125,0.1526480552455927,1.7306429147720337,0.0,256.75220372184134,256.75220372184134,427,0.0126953125,False,212.43434675317258,212.4376790849492,b2_h6_w2_n10_a1.5
equal_compute__fr_estimated__b2_h6_w2_n10_a1.5__seed2__N2048__T60000__4774d083b825,wca_equal_compute,equal_compute,sample,fr_estimated,fr_estimated,2,60000,2048,122880000,2.0,6.0,2.0,10,100,1.5,12.0,0.1,marginal_uniform,0.2,0.027185687558912354,0.17834713745825145,29.457862114841674,0.020372093290791444,0.0783272095142573,0.08582809506329786,0.08589932667044498,1.2966150504772773,920419,459093,7.604029965004375e-05,0.0001455078125,0.1849970352121061,1.5240387916564941,0.0,803.1987744159326,803.1987744159326,1199,0.00634765625,False,141.70297445356846,141.70563707407564,b2_h6_w2_n10_a1.5
equal_compute__fr_estimated__b2_h6_w2_n10_a1.5__seed2__N512__T240000__5fc7cc0eb2a2,wca_equal_compute,equal_compute,sample,fr_estimated,fr_estimated,2,240000,512,122880000,2.0,6.0,2.0,10,100,1.5,12.0,0.1,marginal_uniform,0.2,0.019020414269577658,0.1330146516836356,53.978611863017065,0.017675568629229574,0.0535797729583601,0.10924996166198413,0.1092037499368636,1.2687044123278048,1035539,517171,6.0057228812981526e-05,0.001953125,0.15013637030855764,1.7341417074203491,0.0,73.02061281337048,73.02061281337048,127,0.037109375,False,432.399800687097,432.404548487626,b2_h6_w2_n10_a1.5
equal_compute__fr_estimated__b2_h6_w2_n10_a1.5__seed3__N1024__T120000__0d2834ffe62e,wca_equal_compute,equal_compute,sample,fr_estimated,fr_estimated,3,120000,1024,122880000,2.0,6.0,2.0,10,100,1.5,12.0,0.1,marginal_uniform,0.2,0.019009863758910145,0.14890778700642862,241.81579892441005,0.016766754330675555,0.043384065068817146,0.09498404412890034,0.09501614319867181,1.2778773542507924,1001018,499776,5.7028398580071e-05,0.0009765625,0.14388771959028313,1.5085996389389038,0.0,302.1832853025937,302.1832853025937,471,0.009765625,False,214.0969375791028,214.10034393053502,b2_h6_w2_n10_a1.5
equal_compute__fr_estimated__b2_h6_w2_n10_a1.5__seed3__N2048__T60000__38839b03e54f,wca_equal_compute,equal_compute,sample,fr_estimated,fr_estimated,3,60000,2048,122880000,2.0,6.0,2.0,10,100,1.5,12.0,0.1,marginal_uniform,0.2,0.02010073550256412,0.17600662064799003,23.462472723746217,0.01639104719948105,0.034572047583033796,0.05804578747111638,0.0581170205177509,1.3082965750182538,928998,463434,7.091398731408574e-05,0.000142578125,0.17186984891431992,1.4494314193725586,0.0,841.891609795263,841.891609795263,1241,0.00439453125,False,141.7000010125339,141.70265928283334,b2_h6_w2_n10_a1.5
equal_compute__fr_estimated__b2_h6_w2_n10_a1.5__seed3__N512__T240000__4b60fcf47e5f,wca_equal_compute,equal_compute,sample,fr_estimated,fr_estimated,3,240000,512,122880000,2.0,6.0,2.0,10,100,1.5,12.0,0.1,marginal_uniform,0.2,0.017165071121032188,0.12982215259342159,55.953796479917045,0.014834318146685035,0.033795535529935215,0.0828164892068819,0.08281982341603894,1.2952003454118215,1034752,516781,6.019039340015e-05,0.00018359375,0.1474929266732202,1.8809716701507568,0.0,73.10206358059119,73.10206358059119,138,0.041015625,False,434.72599885612726,434.7308810679242,b2_h6_w2_n10_a1.5
equal_compute__fr_estimated__b2_h6_w2_n10_a1.5__seed4__N1024__T120000__6ee394bb2908,wca_equal_compute,equal_compute,sample,fr_estimated,fr_estimated,4,120000,1024,122880000,2.0,6.0,2.0,10,100,1.5,12.0,0.1,marginal_uniform,0.2,0.019370935950439934,0.15087198146791192,38.92043119738371,0.01633888881818737,0.04240907728204766,0.09571375182467791,0.09575589471628139,1.2663731353458159,1007395,502911,6.259452652367381e-05,0.0009765625,0.14741225870212618,1.6080840826034546,0.0,259.9345562716906,259.2917903066271,425,0.0146484375,False,214.39719468075782,214.40054423175752,b2_h6_w2_n10_a1.5
equal_compute__fr_estimated__b2_h6_w2_n10_a1.5__seed4__N2048__T60000__466266dbb063,wca_equal_compute,equal_compute,sample,fr_estimated,fr_estimated,4,60000,2048,122880000,2.0,6.0,2.0,10,100,1.5,12.0,0.1,marginal_uniform,0.2,0.024939063273251075,0.1853666973244817,39.02088712067973,0.020884363641852557,0.06904505662888702,0.07220537011715233,0.07230886674902984,1.29060872259566,930925,464397,6.9022133952006e-05,0.00048828125,0.1667572088935179,1.2209844589233398,0.0,833.8576540755467,833.8576540755467,1258,0.00537109375,False,141.58289292175323,141.58555875346065,b2_h6_w2_n10_a1.5
equal_compute__fr_estimated__b2_h6_w2_n10_a1.5__seed4__N512__T240000__b4ae8e65640d,wca_equal_compute,equal_compute,sample,fr_estimated,fr_estimated,4,240000,512,122880000,2.0,6.0,2.0,10,100,1.5,12.0,0.1,marginal_uniform,0.2,0.017402541755696103,0.1291590020899584,49.291862929373536,0.015015912775133951,0.03422251492305291,0.05759975515878091,0.057609601895152976,1.305519388714168,1045844,522390,5.570718563214473e-05,0.0001640625,0.13865217201211966,1.6957521438598633,0.0,76.60549386323787,76.60549386323787,135,0.046875,False,433.6514589814469,433.6562303137034,b2_h6_w2_n10_a1.5
equal_compute__fr_estimated__b2_h6_w2_n10_a1.5__seed5__N1024__T120000__146d7d1c6751,wca_equal_compute,equal_compute,sample,fr_estimated,fr_estimated,5,120000,1024,122880000,2.0,6.0,2.0,10,100,1.5,12.0,0.1,marginal_uniform,0.2,0.019047737481729877,0.15039509956928007,36.86694782349886,0.01712704800021321,0.05034714243263694,0.06712591048612133,0.06717788459479987,1.2895504232972756,1000050,499228,6.347338883055847e-05,0.000134765625,0.15698644197818923,1.621941089630127,0.0,267.2212028542304,267.2212028542304,431,0.0146484375,False,213.893524129875,213.89690386131406,b2_h6_w2_n10_a1.5
equal_compute__fr_estimated__b2_h6_w2_n10_a1.5__seed5__N2048__T60000__a3b80d765956,wca_equal_compute,equal_compute,sample,fr_estimated,fr_estimated,5,60000,2048,122880000,2.0,6.0,2.0,10,100,1.5,12.0,0.1,marginal_uniform,0.2,0.02211594739745138,0.1815452350728642,26.48450899391403,0.018432403912993292,0.056718411631695206,0.08262711203228881,0.08272599413842015,1.2875933819927228,934091,465987,6.652000531183602e-05,0.0009765625,0.1649678299432416,1.4078346490859985,0.0,895.0712761416987,895.0712761416987,1288,0.00439453125,False,141.70908465515822,141.7117090858519,b2_h6_w2_n10_a1.5
equal_compute__fr_estimated__b2_h6_w2_n10_a1.5__seed5__N512__T240000__8fb469a1b8b1,wca_equal_compute,equal_compute,sample,fr_estimated,fr_estimated,5,240000,512,122880000,2.0,6.0,2.0,10,100,1.5,12.0,0.1,marginal_uniform,0.2,0.01616678828905692,0.12939563696270814,35.80907636769953,0.012867049150137096,0.03149467632048142,0.11055416050164828,0.11059249007443635,1.2616435076463883,1050024,524423,5.7393937069612055e-05,0.00012109375,0.14297563926564094,1.4004913568496704,0.0,83.64518187619656,83.64518187619656,145,0.03515625,False,435.0327882915735,435.03762668184936,b2_h6_w2_n10_a1.5
equal_compute__fr_estimated__b2_h6_w2_n10_a1.5__seed6__N1024__T120000__90be647eab1d,wca_equal_compute,equal_compute,sample,fr_estimated,fr_estimated,6,120000,1024,122880000,2.0,6.0,2.0,10,100,1.5,12.0,0.1,marginal_uniform,0.2,0.01825680047418497,0.14831179275583048,36.880498676872975,0.016375705356764806,0.042114854664031975,0.10957640391626607,0.1096219619724534,1.2511752407182628,1014300,506395,5.824904067296635e-05,0.0009765625,0.14306549081137185,1.5485785007476807,0.0,276.66912928759893,276.66912928759893,447,0.0126953125,False,211.35468118730932,211.35799793805927,b2_h6_w2_n10_a1.5
equal_compute__fr_estimated__b2_h6_w2_n10_a1.5__seed6__N2048__T60000__7063aeb364ac,wca_equal_compute,equal_compute,sample,fr_estimated,fr_estimated,6,60000,2048,122880000,2.0,6.0,2.0,10,100,1.5,12.0,0.1,marginal_uniform,0.2,0.020154334809187796,0.17570577194897943,34.4316351925244,0.01757371910429539,0.05190866282735152,0.08204729285062493,0.08215156311970519,1.2919674113791482,926374,462088,7.066987720284965e-05,0.0001611328125,0.17303301737540597,1.6515015363693237,0.0,840.2051282051282,840.2051282051282,1237,0.00439453125,False,141.55396285280585,141.5566179426387,b2_h6_w2_n10_a1.5
equal_compute__fr_estimated__b2_h6_w2_n10_a1.5__seed6__N512__T240000__626468aedc50,wca_equal_compute,equal_compute,sample,fr_estimated,fr_estimated,6,240000,512,122880000,2.0,6.0,2.0,10,100,1.5,12.0,0.1,marginal_uniform,0.2,0.01731666512910913,0.12847630594712153,56.452303987596366,0.014223041630643396,0.03702400018451273,0.097910076304275,0.09795223881581104,1.2701404763993436,1035276,517002,6.312001431785641e-05,0.000171875,0.1520970487025819,1.582142949104309,0.0,63.627184466019415,63.2892322549493,127,0.060546875,False,429.41050787083805,429.4152440512553,b2_h6_w2_n10_a1.5
equal_compute__fr_estimated__b2_h6_w2_n10_a1.5__seed7__N1024__T120000__919efac7737e,wca_equal_compute,equal_compute,sample,fr_estimated,fr_estimated,7,120000,1024,122880000,2.0,6.0,2.0,10,100,1.5,12.0,0.1,marginal_uniform,0.2,0.020028899668244365,0.16143740179350874,53.61364479616977,0.017458937905980357,0.034338734196477615,0.09037527730682686,0.09046650794081748,1.287216839324451,1016455,507421,6.18621412679366e-05,0.0009765625,0.1488088072027954,1.5992096662521362,0.0,272.4989604989605,272.4989604989605,430,0.0107421875,False,213.89172603935003,213.895158871077,b2_h6_w2_n10_a1.5
equal_compute__fr_estimated__b2_h6_w2_n10_a1.5__seed7__N2048__T60000__6e009f885fc5,wca_equal_compute,equal_compute,sample,fr_estimated,fr_estimated,7,60000,2048,122880000,2.0,6.0,2.0,10,100,1.5,12.0,0.1,marginal_uniform,0.2,0.021954318446237436,0.181394521894007,27.59246832817864,0.017614703831590004,0.04541182595639452,0.06729305512744124,0.06748075693234717,1.2942899266340129,926706,462296,6.694719800649919e-05,0.00048828125,0.16702320261704587,1.4213483333587646,0.0,893.926683716965,893.926683716965,1284,0.00390625,False,141.50111316516995,141.5037494348362,b2_h6_w2_n10_a1.5
equal_compute__fr_estimated__b2_h6_w2_n10_a1.5__seed7__N512__T240000__f9a7942e0248,wca_equal_compute,equal_compute,sample,fr_estimated,fr_estimated,7,240000,512,122880000,2.0,6.0,2.0,10,100,1.5,12.0,0.1,marginal_uniform,0.2,0.018458971612591607,0.13030792657989576,54.96458474335478,0.01653350901942487,0.04451555043320607,0.09314632393813653,0.09317659704050972,1.2767828918722017,1044198,521524,5.726077248244358e-05,0.000125,0.14437817311455026,1.6367578506469727,0.0,67.52807831014941,66.53401015228427,134,0.048828125,False,434.5660050921142,434.5707950340584,b2_h6_w2_n10_a1.5
equal_compute__fr_estimated__b4_h1_w2_n10_a1.5__seed0__N1024__T120000__775e79a4ab46,wca_equal_compute,equal_compute,sample,fr_estimated,fr_estimated,0,120000,1024,122880000,4.0,1.0,2.0,10,100,1.5,4.0,0.1,marginal_uniform,0.2,0.02248350319563326,0.06355503776707491,16.449010589370403,0.011487712260172402,0.08059700338576035,0.09676695167902101,0.09683304691305174,0.8011084901493291,695731,347109,6.986955339733014e-05,0.00013671875,0.1872186106705417,0.7646335959434509,0.0,197.10075187969926,197.10075187969926,372,0.021484375,False,210.72002791054547,210.7233160128817,b4_h1_w2_n10_a1.5
equal_compute__fr_estimated__b4_h1_w2_n10_a1.5__seed0__N2048__T60000__99697ee30836,wca_equal_compute,equal_compute,sample,fr_estimated,fr_estimated,0,60000,2048,122880000,4.0,1.0,2.0,10,100,1.5,4.0,0.1,marginal_uniform,0.2,0.031470792085403404,0.08638672644753793,11.8675700663312,0.01530759634412562,0.10816608934196713,0.0750630632578988,0.07528227523964437,0.8439455997024082,637793,317785,8.360771309836271e-05,0.00048828125,0.21442695122587035,0.7940946221351624,0.0,715.7515358361775,715.7515358361775,1118,0.0048828125,False,141.62622918654233,141.62890117801726,b4_h1_w2_n10_a1.5
equal_compute__fr_estimated__b4_h1_w2_n10_a1.5__seed0__N512__T240000__d7dc557a3461,wca_equal_compute,equal_compute,sample,fr_estimated,fr_estimated,0,240000,512,122880000,4.0,1.0,2.0,10,100,1.5,4.0,0.1,marginal_uniform,0.2,0.014683060717887681,0.0426470078473122,17.407131402896145,0.00885848036249933,0.05940926296124218,0.11031277835896743,0.11032499780734338,0.8620562643290599,713177,356148,6.88904797618236e-05,0.00012890625,0.1787242443475087,0.9977719783782959,0.0,72.2159779614325,72.2159779614325,121,0.0390625,False,430.4728612219915,430.4776202328503,b4_h1_w2_n10_a1.5
equal_compute__fr_estimated__b4_h1_w2_n10_a1.5__seed1__N1024__T120000__26133ddab767,wca_equal_compute,equal_compute,sample,fr_estimated,fr_estimated,1,120000,1024,122880000,4.0,1.0,2.0,10,100,1.5,4.0,0.1,marginal_uniform,0.2,0.021662417481101374,0.060055447179291,15.651782629147814,0.011537487213951177,0.07950351953911751,0.0768095270010641,0.07695692870906058,0.8403984623023864,688237,343398,6.723296647667617e-05,0.0001640625,0.18200586047630127,0.8331489562988281,0.0,218.08985024958403,218.08985024958403,389,0.015625,False,211.27059049904346,211.27399141993374,b4_h1_w2_n10_a1.5
equal_compute__fr_estimated__b4_h1_w2_n10_a1.5__seed1__N2048__T60000__8dc2627c4e21,wca_equal_compute,equal_compute,sample,fr_estimated,fr_estimated,1,60000,2048,122880000,4.0,1.0,2.0,10,100,1.5,4.0,0.1,marginal_uniform,0.2,0.03575240507669325,0.09863965305855832,12.213497474853588,0.01731052670362043,0.11957117094937048,0.07456121383496446,0.07503136256897534,0.8465831874152467,645783,321774,8.275332770903637e-05,0.00016015625,0.20726430000726107,0.7320731282234192,0.0,708.7367353835755,708.7367353835755,1099,0.0048828125,False,141.36983097996563,141.3724219109863,b4_h1_w2_n10_a1.5
equal_compute__fr_estimated__b4_h1_w2_n10_a1.5__seed1__N512__T240000__f3cf62a49d85,wca_equal_compute,equal_compute,sample,fr_estimated,fr_estimated,1,240000,512,122880000,4.0,1.0,2.0,10,100,1.5,4.0,0.1,marginal_uniform,0.2,0.019767050251090518,0.05630276855345629,23.367016746260852,0.010593906752041856,0.07243664443694368,0.08919737994326173,0.0892038917582006,0.8718498756339119,721120,360015,7.324052294266039e-05,0.00016015625,0.1871477137865372,0.8591316938400269,0.0,46.11963406052076,44.81094017094017,98,0.083984375,False,434.4102790886536,434.4151086807251,b4_h1_w2_n10_a1.5
equal_compute__fr_estimated__b4_h1_w2_n10_a1.5__seed2__N1024__T120000__263b06b36d11,wca_equal_compute,equal_compute,sample,fr_estimated,fr_estimated,2,120000,1024,122880000,4.0,1.0,2.0,10,100,1.5,4.0,0.1,marginal_uniform,0.2,0.02155964749422336,0.05952525785371108,14.81341447020133,0.01104797584321349,0.07655589071232492,0.09127789727767384,0.09138709197782457,0.8619846148569434,713386,355925,6.689118669066547e-05,0.0001171875,0.17871286909258094,0.7335441708564758,0.0,214.43271983640082,214.43271983640082,382,0.015625,False,210.49003814347088,210.4933117646724,b4_h1_w2_n10_a1.5
equal_compute__fr_estimated__b4_h1_w2_n10_a1.5__seed2__N2048__T60000__6d6e64bbbcec,wca_equal_compute,equal_compute,sample,fr_estimated,fr_estimated,2,60000,2048,122880000,4.0,1.0,2.0,10,100,1.5,4.0,0.1,marginal_uniform,0.2,0.036134902858711807,0.10069221409425229,12.976542871222208,0.016247703248223673,0.11624795581653616,0.07636066299264305,0.07656519487427722,0.859213126160418,650605,324202,8.086147434695664e-05,0.0001484375,0.20577629960983923,0.7847523093223572,0.0,698.1198402130493,698.1198402130493,1119,0.00634765625,False,141.54805254004896,141.55069346167147,b4_h1_w2_n10_a1.5
equal_compute__fr_estimated__b4_h1_w2_n10_a1.5__seed2__N512__T240000__9fbabc92c159,wca_equal_compute,equal_compute,sample,fr_estimated,fr_estimated,2,240000,512,122880000,4.0,1.0,2.0,10,100,1.5,4.0,0.1,marginal_uniform,0.2,0.01733666126028763,0.04948703017507946,22.216439879589238,0.008815242351341193,0.05924223846997876,0.07655226022082219,0.07654696641066387,0.8825583640979294,718126,358534,7.062161939501375e-05,0.001953125,0.18232276898746533,0.907720685005188,0.0,65.04813895781638,63.13680154142582,115,0.041015625,False,430.36163088399917,430.3663736153394,b4_h1_w2_n10_a1.5
equal_compute__fr_estimated__b4_h1_w2_n10_a1.5__seed3__N1024__T120000__987cc245a8ca,wca_equal_compute,equal_compute,sample,fr_estimated,fr_estimated,3,120000,1024,122880000,4.0,1.0,2.0,10,100,1.5,4.0,0.1,marginal_uniform,0.2,0.024015229525071867,0.06640987593731276,17.53437629736559,0.013748386379362878,0.0921370958185439,0.07353485573486165,0.07354688569314158,0.8383624746478957,688271,343375,7.465447040147993e-05,0.000166015625,0.19001533226478093,0.8569188117980957,0.0,227.06279774794282,227.06279774794282,375,0.0126953125,False,212.3100012820214,212.31336101330817,b4_h1_w2_n10_a1.5
equal_compute__fr_estimated__b4_h1_w2_n10_a1.5__seed3__N2048__T60000__1ea5857f9e8c,wca_equal_compute,equal_compute,sample,fr_estimated,fr_estimated,3,60000,2048,122880000,4.0,1.0,2.0,10,100,1.5,4.0,0.1,marginal_uniform,0.2,0.039485060288126025,0.10748552947020662,13.82879929167403,0.020866585357308814,0.14188123573130748,0.07356223225257096,0.07368034836540495,0.838031080657569,645053,321419,8.147174962504687e-05,0.00015625,0.21185263949388064,0.7865322828292847,0.0,696.7282392026578,696.7282392026578,1106,0.00537109375,False,141.54046152718365,141.54306717962027,b4_h1_w2_n10_a1.5
equal_compute__fr_estimated__b4_h1_w2_n10_a1.5__seed3__N512__T240000__3395d67c9d95,wca_equal_compute,equal_compute,sample,fr_estimated,fr_estimated,3,240000,512,122880000,4.0,1.0,2.0,10,100,1.5,4.0,0.1,marginal_uniform,0.2,0.016935188458462216,0.0483155666315838,22.679296475178802,0.009906610233537621,0.07033871649202379,0.10524725047871412,0.1052987062631323,0.8184316405871684,717695,358276,7.47053334015136e-05,0.001953125,0.18227709821496804,1.0592536926269531,0.0,60.681481481481484,60.42969110189027,103,0.0390625,False,427.95550055615604,427.960346898064,b4_h1_w2_n10_a1.5
equal_compute__fr_estimated__b4_h1_w2_n10_a1.5__seed4__N1024__T120000__d3a1183cb5b6,wca_equal_compute,equal_compute,sample,fr_estimated,fr_estimated,4,120000,1024,122880000,4.0,1.0,2.0,10,100,1.5,4.0,0.1,marginal_uniform,0.2,0.025052777134971747,0.06951116328031108,15.475599665103529,0.011975755063734576,0.08456616955710272,0.08361383115929065,0.08366524418370067,0.8647358749339942,713818,356166,6.816065446727664e-05,0.0009765625,0.17740470880121595,0.7853015661239624,0.0,239.40091324200912,239.40091324200912,399,0.015625,False,210.78830564487725,210.79163483623415,b4_h1_w2_n10_a1.5
equal_compute__fr_estimated__b4_h1_w2_n10_a1.5__seed4__N2048__T60000__47b7b35cfc56,wca_equal_compute,equal_compute,sample,fr_estimated,fr_estimated,4,60000,2048,122880000,4.0,1.0,2.0,10,100,1.5,4.0,0.1,marginal_uniform,0.2,0.034702288285127496,0.09687700266675134,11.828186112232647,0.01778255960577153,0.12257793711789507,0.07730248172761556,0.07760294161286752,0.8558018681005379,644369,321094,7.713879515060617e-05,0.00048828125,0.20019237418390778,0.7141359448432922,0.0,720.6707903780069,720.6707903780069,1133,0.00537109375,False,141.70950539503247,141.71213872544467,b4_h1_w2_n10_a1.5
equal_compute__fr_estimated__b4_h1_w2_n10_a1.5__seed4__N512__T240000__1f87e3ace7ad,wca_equal_compute,equal_compute,sample,fr_estimated,fr_estimated,4,240000,512,122880000,4.0,1.0,2.0,10,100,1.5,4.0,0.1,marginal_uniform,0.2,0.01532947308481752,0.04455170977892519,21.725912024460786,0.008451383666670767,0.05682150553083205,0.10002807618423903,0.10008364000659302,0.8351013232740464,725139,362064,7.031090202495398e-05,0.0001328125,0.17592248910958375,0.9357902407646179,0.0,56.74112554112554,56.74112554112554,103,0.044921875,False,428.7449464639649,428.749704846181,b4_h1_w2_n10_a1.5
equal_compute__fr_estimated__b4_h1_w2_n10_a1.5__seed5__N1024__T120000__5e15122e2231,wca_equal_compute,equal_compute,sample,fr_estimated,fr_estimated,5,120000,1024,122880000,4.0,1.0,2.0,10,100,1.5,4.0,0.1,marginal_uniform,0.2,0.021892250283269982,0.06289588658739115,15.71763010046914,0.012024651543338833,0.0834423044698858,0.06898496579184112,0.06898218672159122,0.8594024380994361,706123,352332,7.069959002049898e-05,0.000146484375,0.1788528070261781,0.8701184391975403,0.0,194.18074074074073,194.18074074074073,371,0.0224609375,False,210.596860839054,210.60025545954704,b4_h1_w2_n10_a1.5
equal_compute__fr_estimated__b4_h1_w2_n10_a1.5__seed5__N2048__T60000__36db33fe766f,wca_equal_compute,equal_compute,sample,fr_estimated,fr_estimated,5,60000,2048,122880000,4.0,1.0,2.0,10,100,1.5,4.0,0.1,marginal_uniform,0.2,0.034876572487350675,0.09524053395205855,12.070219640178241,0.01749337996286999,0.1200733059128061,0.07274804667474412,0.07293126706566391,0.8666754351879402,657583,327702,7.549105189976254e-05,0.000140625,0.20356719722186067,0.7257057428359985,0.0,728.683808200139,728.683808200139,1158,0.00634765625,False,141.5066308863461,141.5092445667833,b4_h1_w2_n10_a1.5
equal_compute__fr_estimated__b4_h1_w2_n10_a1.5__seed5__N512__T240000__57e556c1ffd6,wca_equal_compute,equal_compute,sample,fr_estimated,fr_estimated,5,240000,512,122880000,4.0,1.0,2.0,10,100,1.5,4.0,0.1,marginal_uniform,0.2,0.016988540318756743,0.04913059425685097,20.5995391064561,0.008254374883702516,0.056736810411189546,0.06292735722401348,0.06293191711798367,0.8517119713729591,725916,362454,7.07103957864594e-05,0.00012109375,0.18041958082959247,0.9910708665847778,0.0,67.87778353184878,67.63261093911248,110,0.044921875,False,431.5088410228491,431.51370001677424,b4_h1_w2_n10_a1.5
equal_compute__fr_estimated__b4_h1_w2_n10_a1.5__seed6__N1024__T120000__67f16974e03f,wca_equal_compute,equal_compute,sample,fr_estimated,fr_estimated,6,120000,1024,122880000,4.0,1.0,2.0,10,100,1.5,4.0,0.1,marginal_uniform,0.2,0.02580684435102121,0.0705906053748946,16.31017594718991,0.013778062054854663,0.09083937775817177,0.1062406309363288,0.1062769488896818,0.8036043990739153,689236,343849,7.162727801109945e-05,0.000115234375,0.18851737202912125,0.8468754291534424,0.0,207.96826656088854,207.96826656088854,370,0.015625,False,210.63837977312505,210.6416916353628,b4_h1_w2_n10_a1.5
equal_compute__fr_estimated__b4_h1_w2_n10_a1.5__seed6__N2048__T60000__0a39d7d0aeb4,wca_equal_compute,equal_compute,sample,fr_estimated,fr_estimated,6,60000,2048,122880000,4.0,1.0,2.0,10,100,1.5,4.0,0.1,marginal_uniform,0.2,0.03686870049394421,0.10007551819599718,13.592552898716537,0.018878702231175232,0.1292449975893152,0.08574308517228252,0.08591781833484788,0.8468630475573967,641277,319531,7.811523559555056e-05,0.0001328125,0.20558205666690044,0.7163811326026917,0.0,744.7272727272727,744.7272727272727,1151,0.005859375,False,141.29985598661005,141.30248987674713,b4_h1_w2_n10_a1.5
equal_compute__fr_estimated__b4_h1_w2_n10_a1.5__seed6__N512__T240000__955f4497e28a,wca_equal_compute,equal_compute,sample,fr_estimated,fr_estimated,6,240000,512,122880000,4.0,1.0,2.0,10,100,1.5,4.0,0.1,marginal_uniform,0.2,0.019735305806263478,0.056256400968257514,21.725505100444888,0.010721817165583443,0.07170044765176428,0.07431305331619711,0.07434638684438764,0.8401684264473136,722091,360531,6.875731517465512e-05,0.0001328125,0.1767562138757217,0.8839942216873169,0.0,65.33998005982053,65.33998005982053,115,0.04296875,False,432.3820778904483,432.3868439011276,b4_h1_w2_n10_a1.5
equal_compute__fr_estimated__b4_h1_w2_n10_a1.5__seed7__N1024__T120000__df10d1a04fee,wca_equal_compute,equal_compute,sample,fr_estimated,fr_estimated,7,120000,1024,122880000,4.0,1.0,2.0,10,100,1.5,4.0,0.1,marginal_uniform,0.2,0.02641957452299002,0.07303464355021988,16.334884212988946,0.012408050915744743,0.08842060862595154,0.08476483820628272,0.08476750395249404,0.8727938800958834,698526,348517,7.42638649317534e-05,0.000134765625,0.18147541616517332,0.7509554624557495,0.0,201.72681800692575,201.72681800692575,368,0.0166015625,False,210.4842045409605,210.4875982720405,b4_h1_w2_n10_a1.5
equal_compute__fr_estimated__b4_h1_w2_n10_a1.5__seed7__N2048__T60000__e43917f9c001,wca_equal_compute,equal_compute,sample,fr_estimated,fr_estimated,7,60000,2048,122880000,4.0,1.0,2.0,10,100,1.5,4.0,0.1,marginal_uniform,0.2,0.03733886263623216,0.10250845899128003,12.924311522732587,0.018441794079503426,0.12721435279615062,0.059759003181568356,0.059843605059615765,0.8469775503516672,646264,322051,7.890859345706787e-05,0.000125,0.20957840728014535,0.7530437111854553,0.0,733.0136315973435,733.0136315973435,1142,0.005859375,False,141.72303172945976,141.7256339704618,b4_h1_w2_n10_a1.5
equal_compute__fr_estimated__b4_h1_w2_n10_a1.5__seed7__N512__T240000__52a1a19665b6,wca_equal_compute,equal_compute,sample,fr_estimated,fr_estimated,7,240000,512,122880000,4.0,1.0,2.0,10,100,1.5,4.0,0.1,marginal_uniform,0.2,0.018804488386974422,0.05436008252004422,20.276792863397887,0.010860786872059094,0.07282109278325434,0.0728331309631809,0.0728749386462505,0.8810397301771852,731631,365295,6.769199847730733e-05,0.00014453125,0.17276035772535175,0.939531683921814,0.0,74.21970554926388,72.77734591893393,124,0.03515625,False,437.1170752886683,437.1219319906086,b4_h1_w2_n10_a1.5
equal_compute_plus__abf__b1_h2_w2_n10_a1.5__seed0__N2048__T120000__554a75fcff76,wca_equal_compute,equal_compute_plus,sample,abf,abf,0,120000,2048,245760000,1.0,2.0,2.0,10,100,1.5,2.0,0.0,marginal_uniform,0.2,0.09217316239044411,0.33630841783908305,41.30163519268639,0.04658872667060182,0.4202754645073305,0.16039470632226724,nan,0.47746319206934196,3116000,1557384,0.0,0.0,nan,nan,nan,nan,nan,2048,nan,False,265.74693688564,265.77445170655847,b1_h2_w2_n10_a1.5
equal_compute_plus__abf__b1_h2_w2_n10_a1.5__seed1__N2048__T120000__93969553602c,wca_equal_compute,equal_compute_plus,sample,abf,abf,1,120000,2048,245760000,1.0,2.0,2.0,10,100,1.5,2.0,0.0,marginal_uniform,0.2,0.09097041795131021,0.3377711392887663,41.151277073515764,0.04782847234362884,0.41275193328514426,0.13517711060721696,nan,0.49366962111432694,3115728,1557257,0.0,0.0,nan,nan,nan,nan,nan,2048,nan,False,262.48384349793196,262.51373116858304,b1_h2_w2_n10_a1.5
equal_compute_plus__abf__b1_h2_w2_n10_a1.5__seed2__N2048__T120000__c62a125fe704,wca_equal_compute,equal_compute_plus,sample,abf,abf,2,120000,2048,245760000,1.0,2.0,2.0,10,100,1.5,2.0,0.0,marginal_uniform,0.2,0.09655008060862728,0.34733423903608673,40.95541942995905,0.05006972603754202,0.43285077815579776,0.10494214916380201,nan,0.5121566138256763,3136615,1567721,0.0,0.0,nan,nan,nan,nan,nan,2048,nan,False,264.8563368236646,264.8599765151739,b1_h2_w2_n10_a1.5
equal_compute_plus__abf__b1_h2_w2_n10_a1.5__seed3__N2048__T120000__7cbab04fb85c,wca_equal_compute,equal_compute_plus,sample,abf,abf,3,120000,2048,245760000,1.0,2.0,2.0,10,100,1.5,2.0,0.0,marginal_uniform,0.2,0.09239264813766297,0.32858346528312665,38.127652728896564,0.046060886689129374,0.410244507770548,0.14651707772363817,nan,0.4926100696630302,3111469,1555119,0.0,0.0,nan,nan,nan,nan,nan,2048,nan,False,262.90255978051573,262.9063813611865,b1_h2_w2_n10_a1.5
equal_compute_plus__abf__b1_h2_w2_n10_a1.5__seed4__N2048__T120000__d5216368e94e,wca_equal_compute,equal_compute_plus,sample,abf,abf,4,120000,2048,245760000,1.0,2.0,2.0,10,100,1.5,2.0,0.0,marginal_uniform,0.2,0.09157385782495986,0.343473324398338,37.89204178934797,0.04878868865929789,0.4256529955755541,0.12111078876428474,nan,0.4986693281158253,3118252,1558533,0.0,0.0,nan,nan,nan,nan,nan,2048,nan,False,265.2307113017887,265.2343318518251,b1_h2_w2_n10_a1.5
equal_compute_plus__abf__b1_h2_w2_n10_a1.5__seed5__N2048__T120000__f1b792f2115a,wca_equal_compute,equal_compute_plus,sample,abf,abf,5,120000,2048,245760000,1.0,2.0,2.0,10,100,1.5,2.0,0.0,marginal_uniform,0.2,0.08562910613696498,0.31969897963214067,38.9425246469158,0.04559792815040411,0.40154495350874825,0.15292713227347685,nan,0.47332000297212407,3126695,1562729,0.0,0.0,nan,nan,nan,nan,nan,2048,nan,False,266.9235321562737,266.9272306179628,b1_h2_w2_n10_a1.5
equal_compute_plus__abf__b1_h2_w2_n10_a1.5__seed6__N2048__T120000__71ff16064e3d,wca_equal_compute,equal_compute_plus,sample,abf,abf,6,120000,2048,245760000,1.0,2.0,2.0,10,100,1.5,2.0,0.0,marginal_uniform,0.2,0.08987879669998473,0.34431807588691155,39.349734565690156,0.05360019224042244,0.43431347814733173,0.12057803600015539,nan,0.500869721591623,3152548,1575678,0.0,0.0,nan,nan,nan,nan,nan,2048,nan,False,265.0485364990309,265.05211039073765,b1_h2_w2_n10_a1.5
equal_compute_plus__abf__b1_h2_w2_n10_a1.5__seed7__N2048__T120000__257c5e90ae45,wca_equal_compute,equal_compute_plus,sample,abf,abf,7,120000,2048,245760000,1.0,2.0,2.0,10,100,1.5,2.0,0.0,marginal_uniform,0.2,0.0922021163589532,0.3429850512859534,38.34205174710489,0.04881860728247443,0.4375809717630078,0.13725499677088074,nan,0.4830002157205578,3137489,1568132,0.0,0.0,nan,nan,nan,nan,nan,2048,nan,False,264.73913246393204,264.74270296562463,b1_h2_w2_n10_a1.5
equal_compute_plus__abf__b2_h6_w2_n10_a1.5__seed0__N2048__T120000__af48a009ee4c,wca_equal_compute,equal_compute_plus,sample,abf,abf,0,120000,2048,245760000,2.0,6.0,2.0,10,100,1.5,12.0,0.0,marginal_uniform,0.2,0.02662055945201834,0.1676952934706426,27.68842205269503,0.01653957917163503,0.06160207399627779,0.09973893639671139,nan,1.2785172098092612,2001277,1000072,0.0,0.0,nan,nan,nan,nan,nan,2048,nan,False,264.1934708589688,264.1969988103956,b2_h6_w2_n10_a1.5
equal_compute_plus__abf__b2_h6_w2_n10_a1.5__seed1__N2048__T120000__7d97aaf906d4,wca_equal_compute,equal_compute_plus,sample,abf,abf,1,120000,2048,245760000,2.0,6.0,2.0,10,100,1.5,12.0,0.0,marginal_uniform,0.2,0.02606073169531106,0.16117146929559287,29.324542923584062,0.018545421163664342,0.06456763406570891,0.08466156878561838,nan,1.2884185608793326,2011948,1005407,0.0,0.0,nan,nan,nan,nan,nan,2048,nan,False,263.7049973923713,263.70862504374236,b2_h6_w2_n10_a1.5
equal_compute_plus__abf__b2_h6_w2_n10_a1.5__seed2__N2048__T120000__2feed32f82f0,wca_equal_compute,equal_compute_plus,sample,abf,abf,2,120000,2048,245760000,2.0,6.0,2.0,10,100,1.5,12.0,0.0,marginal_uniform,0.2,0.025591994407659455,0.1615115617988231,31.969957925780893,0.018300990353619512,0.05873028987854374,0.06425463964647908,nan,1.3026201715606887,1994034,996468,0.0,0.0,nan,nan,nan,nan,nan,2048,nan,False,264.86017151456326,264.8637503264472,b2_h6_w2_n10_a1.5
equal_compute_plus__abf__b2_h6_w2_n10_a1.5__seed3__N2048__T120000__ae88e5ef6432,wca_equal_compute,equal_compute_plus,sample,abf,abf,3,120000,2048,245760000,2.0,6.0,2.0,10,100,1.5,12.0,0.0,marginal_uniform,0.2,0.024888015840312427,0.16077749577340605,29.587546314495125,0.017962913952154477,0.061998817009678124,0.07752822475758894,nan,1.2769705186160223,2008225,1003562,0.0,0.0,nan,nan,nan,nan,nan,2048,nan,False,263.6493818638846,263.6530413357541,b2_h6_w2_n10_a1.5
equal_compute_plus__abf__b2_h6_w2_n10_a1.5__seed4__N2048__T120000__648154d7d4de,wca_equal_compute,equal_compute_plus,sample,abf,abf,4,120000,2048,245760000,2.0,6.0,2.0,10,100,1.5,12.0,0.0,marginal_uniform,0.2,0.02733133375280913,0.1641649351167882,38.71104715641811,0.01932918951835851,0.07058849202068289,0.07941259889821943,nan,1.302544397528163,1995272,997072,0.0,0.0,nan,nan,nan,nan,nan,2048,nan,False,264.8508449420333,264.85444530379027,b2_h6_w2_n10_a1.5
equal_compute_plus__abf__b2_h6_w2_n10_a1.5__seed5__N2048__T120000__90da5ae6565b,wca_equal_compute,equal_compute_plus,sample,abf,abf,5,120000,2048,245760000,2.0,6.0,2.0,10,100,1.5,12.0,0.0,marginal_uniform,0.2,0.022978145558734467,0.1529846435502046,28.082090693459918,0.018393651244544302,0.055328899552119865,0.06726081074072153,nan,1.311750107724781,1993536,996212,0.0,0.0,nan,nan,nan,nan,nan,2048,nan,False,263.58835140336305,263.5919574946165,b2_h6_w2_n10_a1.5
equal_compute_plus__abf__b2_h6_w2_n10_a1.5__seed6__N2048__T120000__d9f7f46e5c8a,wca_equal_compute,equal_compute_plus,sample,abf,abf,6,120000,2048,245760000,2.0,6.0,2.0,10,100,1.5,12.0,0.0,marginal_uniform,0.2,0.02422307980526732,0.16355387264310148,36.46871084810495,0.01700114576358134,0.0533054125241683,0.06484594851048986,nan,1.295832950678546,2015346,1007122,0.0,0.0,nan,nan,nan,nan,nan,2048,nan,False,265.0846131714061,265.08816048223525,b2_h6_w2_n10_a1.5
equal_compute_plus__abf__b2_h6_w2_n10_a1.5__seed7__N2048__T120000__8bd8eb5f9724,wca_equal_compute,equal_compute_plus,sample,abf,abf,7,120000,2048,245760000,2.0,6.0,2.0,10,100,1.5,12.0,0.0,marginal_uniform,0.2,0.026586432406147498,0.1649353604699149,29.338986664874405,0.016142571317926374,0.06655762990546604,0.08332642118394545,nan,1.2826558924609208,1999767,999319,0.0,0.0,nan,nan,nan,nan,nan,2048,nan,False,262.712004205212,262.71563857607543,b2_h6_w2_n10_a1.5
equal_compute_plus__abf__b4_h1_w2_n10_a1.5__seed0__N2048__T120000__a04b08b35bec,wca_equal_compute,equal_compute_plus,sample,abf,abf,0,120000,2048,245760000,4.0,1.0,2.0,10,100,1.5,4.0,0.0,marginal_uniform,0.2,0.004458698604853859,0.024846822636380536,11.922514078367746,0.004560983920673878,0.028425335483730423,0.054457460621259286,nan,0.863981910752427,1348942,673925,0.0,0.0,nan,nan,nan,nan,nan,2048,nan,False,265.07617000862956,265.0797338699922,b4_h1_w2_n10_a1.5
equal_compute_plus__abf__b4_h1_w2_n10_a1.5__seed1__N2048__T120000__afb7c7df7d75,wca_equal_compute,equal_compute_plus,sample,abf,abf,1,120000,2048,245760000,4.0,1.0,2.0,10,100,1.5,4.0,0.0,marginal_uniform,0.2,0.003805190338181064,0.023655353130175638,12.00377864442631,0.0041157109757455675,0.02389255073658219,0.07811296996981353,nan,0.825718668025264,1365378,682150,0.0,0.0,nan,nan,nan,nan,nan,2048,nan,False,262.26345962285995,262.26711897552013,b4_h1_w2_n10_a1.5
equal_compute_plus__abf__b4_h1_w2_n10_a1.5__seed2__N2048__T120000__a35d85bbf94a,wca_equal_compute,equal_compute_plus,sample,abf,abf,2,120000,2048,245760000,4.0,1.0,2.0,10,100,1.5,4.0,0.0,marginal_uniform,0.2,0.003978056382561001,0.025067329863338907,12.646016753909098,0.0031540116419902786,0.01824199349201279,0.07419844925296934,nan,0.8258011887200326,1353421,676165,0.0,0.0,nan,nan,nan,nan,nan,2048,nan,False,264.9143426725641,264.9179362747818,b4_h1_w2_n10_a1.5
equal_compute_plus__abf__b4_h1_w2_n10_a1.5__seed3__N2048__T120000__ee471794219b,wca_equal_compute,equal_compute_plus,sample,abf,abf,3,120000,2048,245760000,4.0,1.0,2.0,10,100,1.5,4.0,0.0,marginal_uniform,0.2,0.0057268530434006456,0.026323604389303132,13.275076917918119,0.005404017442949309,0.029140416314782563,0.06181179834550482,nan,0.8566612376954171,1349596,674259,0.0,0.0,nan,nan,nan,nan,nan,2048,nan,False,261.7995690945536,261.8032087357715,b4_h1_w2_n10_a1.5
equal_compute_plus__abf__b4_h1_w2_n10_a1.5__seed4__N2048__T120000__ad77759aefb9,wca_equal_compute,equal_compute_plus,sample,abf,abf,4,120000,2048,245760000,4.0,1.0,2.0,10,100,1.5,4.0,0.0,marginal_uniform,0.2,0.004062856238035987,0.02482168300714425,11.577179544572008,0.004109679445752086,0.024985024935639845,0.07403306990422984,nan,0.8426813030692886,1352701,675797,0.0,0.0,nan,nan,nan,nan,nan,2048,nan,False,264.994583170861,264.99818768166006,b4_h1_w2_n10_a1.5
equal_compute_plus__abf__b4_h1_w2_n10_a1.5__seed5__N2048__T120000__87543be02331,wca_equal_compute,equal_compute_plus,sample,abf,abf,5,120000,2048,245760000,4.0,1.0,2.0,10,100,1.5,4.0,0.0,marginal_uniform,0.2,0.0052218016001870345,0.025044755203034313,11.321814030171819,0.004791087723493639,0.030307577838984856,0.07220602382503696,nan,0.8339465705725897,1364617,681764,0.0,0.0,nan,nan,nan,nan,nan,2048,nan,False,262.97143520321697,262.97503988444805,b4_h1_w2_n10_a1.5
equal_compute_plus__abf__b4_h1_w2_n10_a1.5__seed6__N2048__T120000__62ebaf025fc7,wca_equal_compute,equal_compute_plus,sample,abf,abf,6,120000,2048,245760000,4.0,1.0,2.0,10,100,1.5,4.0,0.0,marginal_uniform,0.2,0.006163167140610556,0.029856213135977652,12.774164633409239,0.005548665865456575,0.03525125389580173,0.08612549798135866,nan,0.8401878331664618,1350309,674581,0.0,0.0,nan,nan,nan,nan,nan,2048,nan,False,264.76925485394895,264.7728342860937,b4_h1_w2_n10_a1.5
equal_compute_plus__abf__b4_h1_w2_n10_a1.5__seed7__N2048__T120000__d6df674173fe,wca_equal_compute,equal_compute_plus,sample,abf,abf,7,120000,2048,245760000,4.0,1.0,2.0,10,100,1.5,4.0,0.0,marginal_uniform,0.2,0.006150303585250384,0.024850652084809778,12.262348562388127,0.004781283428018819,0.02937916517138902,0.10693578457282948,nan,0.8451309310643813,1360172,679507,0.0,0.0,nan,nan,nan,nan,nan,2048,nan,False,262.1442418731749,262.14783242344856,b4_h1_w2_n10_a1.5
