run_id,study,stage,name,method,seed,beta,h,w,n_dim,a,beta_h,opes_barrier,opes_pace,opes_sigma,opes_gamma,opes_gamma_from_barrier,n_steps,n_replicas,had_nan,l2_f_common,l2_fp_common,l2_f_native,l2_fp_native,primary_estimator,l2_f_compact,l2_fp_compact,l2_f_transition,l2_fp_transition,l2_f_stretched,l2_fp_stretched,integrated_l2_f,normalized_anytime_l2_f,tau_abs,tau_rel,marginal_kl,marginal_tv,marginal_entropy,min_density,covered_fraction,marginal_l2_ref,marginal_l2_uniform,n_round_trips,n_barrier_crossings,n_compact_to_stretched,n_stretched_to_compact,first_passage_step,iat_frac_compact,mixing_ess,opes_neff_frac_final,opes_neff_frac_min,opes_n_kernels_final,opes_bias_range_final,opes_max_bias,opes_sigma_cur_final,runtime_seconds,wall_seconds,budget,force_evaluations,device,cuda_visible_devices
,opes_closure_eb,representative,opes,opes,0,8.0,,,,,,3.0,50,0.02,24.0,,40000,0,False,0.18483174256265275,1.7753476541349096,nan,nan,meanforce,nan,nan,nan,nan,nan,nan,nan,nan,nan,nan,nan,nan,nan,nan,nan,nan,nan,nan,nan,nan,nan,nan,nan,nan,nan,nan,nan,nan,nan,nan,17.14310214482248,nan,nan,0.0,,
,opes_closure_eb,representative,opes,opes,1,8.0,,,,,,3.0,50,0.02,24.0,,40000,0,False,0.1844762170225632,1.7534465795922798,nan,nan,meanforce,nan,nan,nan,nan,nan,nan,nan,nan,nan,nan,nan,nan,nan,nan,nan,nan,nan,nan,nan,nan,nan,nan,nan,nan,nan,nan,nan,nan,nan,nan,17.02851794473827,nan,nan,0.0,,
,opes_closure_eb,representative,opes,opes,2,8.0,,,,,,3.0,50,0.02,24.0,,40000,0,False,0.17619990342761396,1.6462606005012814,nan,nan,meanforce,nan,nan,nan,nan,nan,nan,nan,nan,nan,nan,nan,nan,nan,nan,nan,nan,nan,nan,nan,nan,nan,nan,nan,nan,nan,nan,nan,nan,nan,nan,17.041041790507734,nan,nan,0.0,,
,opes_closure_eb,representative,opes,opes,3,8.0,,,,,,3.0,50,0.02,24.0,,40000,0,False,0.1917021644662224,1.8062183423474865,nan,nan,meanforce,nan,nan,nan,nan,nan,nan,nan,nan,nan,nan,nan,nan,nan,nan,nan,nan,nan,nan,nan,nan,nan,nan,nan,nan,nan,nan,nan,nan,nan,nan,17.06687994953245,nan,nan,0.0,,
,opes_closure_eb,representative,opes,opes,4,8.0,,,,,,3.0,50,0.02,24.0,,40000,0,False,0.1824784810461334,1.7403168914969078,nan,nan,meanforce,nan,nan,nan,nan,nan,nan,nan,nan,nan,nan,nan,nan,nan,nan,nan,nan,nan,nan,nan,nan,nan,nan,nan,nan,nan,nan,nan,nan,nan,nan,17.05623036529869,nan,nan,0.0,,
,opes_closure_eb,tune_r1,opes,opes,20,8.0,,,,,,3.0,100,0.03,24.0,,40000,0,False,0.22406756194791386,1.7360606997947996,nan,nan,meanforce,nan,nan,nan,nan,nan,nan,nan,nan,nan,nan,nan,nan,nan,nan,nan,nan,nan,nan,nan,nan,nan,nan,nan,nan,nan,nan,nan,nan,nan,nan,17.684795388951898,nan,nan,0.0,,
,opes_closure_eb,tune_r1,opes,opes,20,8.0,,,,,,3.0,100,0.05,24.0,,40000,0,False,0.3192059080701612,2.5924497943872633,nan,nan,meanforce,nan,nan,nan,nan,nan,nan,nan,nan,nan,nan,nan,nan,nan,nan,nan,nan,nan,nan,nan,nan,nan,nan,nan,nan,nan,nan,nan,nan,nan,nan,17.66629050206393,nan,nan,0.0,,
,opes_closure_eb,tune_r1,opes,opes,20,8.0,,,,,,3.0,100,0.08,24.0,,40000,0,False,0.4121000898440605,3.1099507098965193,nan,nan,meanforce,nan,nan,nan,nan,nan,nan,nan,nan,nan,nan,nan,nan,nan,nan,nan,nan,nan,nan,nan,nan,nan,nan,nan,nan,nan,nan,nan,nan,nan,nan,18.063745227642357,nan,nan,0.0,,
,opes_closure_eb,tune_r1,opes,opes,20,8.0,,,,,,3.0,100,0.12,24.0,,40000,0,False,0.450864509458564,3.45262695279469,nan,nan,meanforce,nan,nan,nan,nan,nan,nan,nan,nan,nan,nan,nan,nan,nan,nan,nan,nan,nan,nan,nan,nan,nan,nan,nan,nan,nan,nan,nan,nan,nan,nan,18.105343610979617,nan,nan,0.0,,
,opes_closure_eb,tune_r1,opes,opes,20,8.0,,,,,,3.0,200,0.03,24.0,,40000,0,False,0.21307400697199802,1.7814293080528236,nan,nan,meanforce,nan,nan,nan,nan,nan,nan,nan,nan,nan,nan,nan,nan,nan,nan,nan,nan,nan,nan,nan,nan,nan,nan,nan,nan,nan,nan,nan,nan,nan,nan,17.876071103848517,nan,nan,0.0,,
,opes_closure_eb,tune_r1,opes,opes,20,8.0,,,,,,3.0,200,0.05,24.0,,40000,0,False,0.3082098203795165,2.396274377024419,nan,nan,meanforce,nan,nan,nan,nan,nan,nan,nan,nan,nan,nan,nan,nan,nan,nan,nan,nan,nan,nan,nan,nan,nan,nan,nan,nan,nan,nan,nan,nan,nan,nan,17.785120892338455,nan,nan,0.0,,
,opes_closure_eb,tune_r1,opes,opes,20,8.0,,,,,,3.0,200,0.08,24.0,,40000,0,False,0.4125669720341514,3.114029858268013,nan,nan,meanforce,nan,nan,nan,nan,nan,nan,nan,nan,nan,nan,nan,nan,nan,nan,nan,nan,nan,nan,nan,nan,nan,nan,nan,nan,nan,nan,nan,nan,nan,nan,17.770792647264898,nan,nan,0.0,,
,opes_closure_eb,tune_r1,opes,opes,20,8.0,,,,,,3.0,200,0.12,24.0,,40000,0,False,0.4487539566739,3.4523835232234505,nan,nan,meanforce,nan,nan,nan,nan,nan,nan,nan,nan,nan,nan,nan,nan,nan,nan,nan,nan,nan,nan,nan,nan,nan,nan,nan,nan,nan,nan,nan,nan,nan,nan,17.9262467995286,nan,nan,0.0,,
,opes_closure_eb,tune_r1,opes,opes,20,8.0,,,,,,3.0,50,0.03,24.0,,40000,0,False,0.21149129867032318,1.7865914819940976,nan,nan,meanforce,nan,nan,nan,nan,nan,nan,nan,nan,nan,nan,nan,nan,nan,nan,nan,nan,nan,nan,nan,nan,nan,nan,nan,nan,nan,nan,nan,nan,nan,nan,18.005296116694808,nan,nan,0.0,,
,opes_closure_eb,tune_r1,opes,opes,20,8.0,,,,,,3.0,50,0.05,24.0,,40000,0,False,0.3130632132135416,2.537387168328182,nan,nan,meanforce,nan,nan,nan,nan,nan,nan,nan,nan,nan,nan,nan,nan,nan,nan,nan,nan,nan,nan,nan,nan,nan,nan,nan,nan,nan,nan,nan,nan,nan,nan,17.837760410271585,nan,nan,0.0,,
,opes_closure_eb,tune_r1,opes,opes,20,8.0,,,,,,3.0,50,0.08,24.0,,40000,0,False,0.4117648173188547,3.1075795904442227,nan,nan,meanforce,nan,nan,nan,nan,nan,nan,nan,nan,nan,nan,nan,nan,nan,nan,nan,nan,nan,nan,nan,nan,nan,nan,nan,nan,nan,nan,nan,nan,nan,nan,18.829001547768712,nan,nan,0.0,,
,opes_closure_eb,tune_r1,opes,opes,20,8.0,,,,,,3.0,50,0.12,24.0,,40000,0,False,0.4511227105480627,3.4524110958489347,nan,nan,meanforce,nan,nan,nan,nan,nan,nan,nan,nan,nan,nan,nan,nan,nan,nan,nan,nan,nan,nan,nan,nan,nan,nan,nan,nan,nan,nan,nan,nan,nan,nan,17.966147913597524,nan,nan,0.0,,
,opes_closure_eb,tune_r1,opes,opes,20,8.0,,,,,,4.0,100,0.03,32.0,,40000,0,False,0.32045934920582275,2.6296952651475913,nan,nan,meanforce,nan,nan,nan,nan,nan,nan,nan,nan,nan,nan,nan,nan,nan,nan,nan,nan,nan,nan,nan,nan,nan,nan,nan,nan,nan,nan,nan,nan,nan,nan,17.764430176466703,nan,nan,0.0,,
,opes_closure_eb,tune_r1,opes,opes,20,8.0,,,,,,4.0,100,0.05,32.0,,40000,0,False,0.32021827072920456,2.659878923598744,nan,nan,meanforce,nan,nan,nan,nan,nan,nan,nan,nan,nan,nan,nan,nan,nan,nan,nan,nan,nan,nan,nan,nan,nan,nan,nan,nan,nan,nan,nan,nan,nan,nan,17.70751505624503,nan,nan,0.0,,
,opes_closure_eb,tune_r1,opes,opes,20,8.0,,,,,,4.0,100,0.08,32.0,,40000,0,False,0.4218290444327545,3.160913115506413,nan,nan,meanforce,nan,nan,nan,nan,nan,nan,nan,nan,nan,nan,nan,nan,nan,nan,nan,nan,nan,nan,nan,nan,nan,nan,nan,nan,nan,nan,nan,nan,nan,nan,17.91476754564792,nan,nan,0.0,,
,opes_closure_eb,tune_r1,opes,opes,20,8.0,,,,,,4.0,100,0.12,32.0,,40000,0,False,0.45294430007798975,3.452945167542292,nan,nan,meanforce,nan,nan,nan,nan,nan,nan,nan,nan,nan,nan,nan,nan,nan,nan,nan,nan,nan,nan,nan,nan,nan,nan,nan,nan,nan,nan,nan,nan,nan,nan,18.01873266045004,nan,nan,0.0,,
,opes_closure_eb,tune_r1,opes,opes,20,8.0,,,,,,4.0,200,0.03,32.0,,40000,0,False,0.24044111737413323,2.0735223678851793,nan,nan,meanforce,nan,nan,nan,nan,nan,nan,nan,nan,nan,nan,nan,nan,nan,nan,nan,nan,nan,nan,nan,nan,nan,nan,nan,nan,nan,nan,nan,nan,nan,nan,17.879480574280024,nan,nan,0.0,,
,opes_closure_eb,tune_r1,opes,opes,20,8.0,,,,,,4.0,200,0.05,32.0,,40000,0,False,0.31891607902125146,2.589235663457503,nan,nan,meanforce,nan,nan,nan,nan,nan,nan,nan,nan,nan,nan,nan,nan,nan,nan,nan,nan,nan,nan,nan,nan,nan,nan,nan,nan,nan,nan,nan,nan,nan,nan,17.849866843782365,nan,nan,0.0,,
,opes_closure_eb,tune_r1,opes,opes,20,8.0,,,,,,4.0,200,0.08,32.0,,40000,0,False,0.42216947077556716,3.1611884795326213,nan,nan,meanforce,nan,nan,nan,nan,nan,nan,nan,nan,nan,nan,nan,nan,nan,nan,nan,nan,nan,nan,nan,nan,nan,nan,nan,nan,nan,nan,nan,nan,nan,nan,17.879486043937504,nan,nan,0.0,,
,opes_closure_eb,tune_r1,opes,opes,20,8.0,,,,,,4.0,200,0.12,32.0,,40000,0,False,0.45154098370856954,3.4528621731292453,nan,nan,meanforce,nan,nan,nan,nan,nan,nan,nan,nan,nan,nan,nan,nan,nan,nan,nan,nan,nan,nan,nan,nan,nan,nan,nan,nan,nan,nan,nan,nan,nan,nan,17.862102738581598,nan,nan,0.0,,
,opes_closure_eb,tune_r1,opes,opes,20,8.0,,,,,,4.0,50,0.03,32.0,,40000,0,False,0.24196504099990457,1.9812533326382953,nan,nan,meanforce,nan,nan,nan,nan,nan,nan,nan,nan,nan,nan,nan,nan,nan,nan,nan,nan,nan,nan,nan,nan,nan,nan,nan,nan,nan,nan,nan,nan,nan,nan,18.42890629172325,nan,nan,0.0,,
,opes_closure_eb,tune_r1,opes,opes,20,8.0,,,,,,4.0,50,0.05,32.0,,40000,0,False,0.3185084346683157,2.6272840547932255,nan,nan,meanforce,nan,nan,nan,nan,nan,nan,nan,nan,nan,nan,nan,nan,nan,nan,nan,nan,nan,nan,nan,nan,nan,nan,nan,nan,nan,nan,nan,nan,nan,nan,18.38437256682664,nan,nan,0.0,,
,opes_closure_eb,tune_r1,opes,opes,20,8.0,,,,,,4.0,50,0.08,32.0,,40000,0,False,0.42116700535613977,3.160135446154567,nan,nan,meanforce,nan,nan,nan,nan,nan,nan,nan,nan,nan,nan,nan,nan,nan,nan,nan,nan,nan,nan,nan,nan,nan,nan,nan,nan,nan,nan,nan,nan,nan,nan,18.383310126140714,nan,nan,0.0,,
,opes_closure_eb,tune_r1,opes,opes,20,8.0,,,,,,4.0,50,0.12,32.0,,40000,0,False,0.4527895345363827,3.4526369771127716,nan,nan,meanforce,nan,nan,nan,nan,nan,nan,nan,nan,nan,nan,nan,nan,nan,nan,nan,nan,nan,nan,nan,nan,nan,nan,nan,nan,nan,nan,nan,nan,nan,nan,18.337580509483814,nan,nan,0.0,,
,opes_closure_eb,tune_r1,opes,opes,20,8.0,,,,,,6.0,100,0.03,48.0,,40000,0,False,0.31762798689537225,2.688400565529102,nan,nan,meanforce,nan,nan,nan,nan,nan,nan,nan,nan,nan,nan,nan,nan,nan,nan,nan,nan,nan,nan,nan,nan,nan,nan,nan,nan,nan,nan,nan,nan,nan,nan,18.01532237045467,nan,nan,0.0,,
,opes_closure_eb,tune_r1,opes,opes,20,8.0,,,,,,6.0,100,0.05,48.0,,40000,0,False,0.32113396742526035,2.6877729451203236,nan,nan,meanforce,nan,nan,nan,nan,nan,nan,nan,nan,nan,nan,nan,nan,nan,nan,nan,nan,nan,nan,nan,nan,nan,nan,nan,nan,nan,nan,nan,nan,nan,nan,18.591086936183274,nan,nan,0.0,,
,opes_closure_eb,tune_r1,opes,opes,20,8.0,,,,,,6.0,100,0.08,48.0,,40000,0,False,0.4215271476214436,3.1597304864532623,nan,nan,meanforce,nan,nan,nan,nan,nan,nan,nan,nan,nan,nan,nan,nan,nan,nan,nan,nan,nan,nan,nan,nan,nan,nan,nan,nan,nan,nan,nan,nan,nan,nan,17.620668896473944,nan,nan,0.0,,
,opes_closure_eb,tune_r1,opes,opes,20,8.0,,,,,,6.0,100,0.12,48.0,,40000,0,False,0.4529559786315207,3.4501300317992145,nan,nan,meanforce,nan,nan,nan,nan,nan,nan,nan,nan,nan,nan,nan,nan,nan,nan,nan,nan,nan,nan,nan,nan,nan,nan,nan,nan,nan,nan,nan,nan,nan,nan,17.64594665542245,nan,nan,0.0,,
,opes_closure_eb,tune_r1,opes,opes,20,8.0,,,,,,6.0,200,0.03,48.0,,40000,0,False,0.25624869881713586,2.161347775556523,nan,nan,meanforce,nan,nan,nan,nan,nan,nan,nan,nan,nan,nan,nan,nan,nan,nan,nan,nan,nan,nan,nan,nan,nan,nan,nan,nan,nan,nan,nan,nan,nan,nan,17.51060629915446,nan,nan,0.0,,
,opes_closure_eb,tune_r1,opes,opes,20,8.0,,,,,,6.0,200,0.05,48.0,,40000,0,False,0.31848791125032233,2.6376989393915,nan,nan,meanforce,nan,nan,nan,nan,nan,nan,nan,nan,nan,nan,nan,nan,nan,nan,nan,nan,nan,nan,nan,nan,nan,nan,nan,nan,nan,nan,nan,nan,nan,nan,17.49629338365048,nan,nan,0.0,,
,opes_closure_eb,tune_r1,opes,opes,20,8.0,,,,,,6.0,200,0.08,48.0,,40000,0,False,0.4217070072915005,3.160091306694976,nan,nan,meanforce,nan,nan,nan,nan,nan,nan,nan,nan,nan,nan,nan,nan,nan,nan,nan,nan,nan,nan,nan,nan,nan,nan,nan,nan,nan,nan,nan,nan,nan,nan,18.18526525888592,nan,nan,0.0,,
,opes_closure_eb,tune_r1,opes,opes,20,8.0,,,,,,6.0,200,0.12,48.0,,40000,0,False,0.45363554502869835,3.4505604907749747,nan,nan,meanforce,nan,nan,nan,nan,nan,nan,nan,nan,nan,nan,nan,nan,nan,nan,nan,nan,nan,nan,nan,nan,nan,nan,nan,nan,nan,nan,nan,nan,nan,nan,17.483960551209748,nan,nan,0.0,,
,opes_closure_eb,tune_r1,opes,opes,20,8.0,,,,,,6.0,50,0.03,48.0,,40000,0,False,0.2431052188641103,2.0326102641947212,nan,nan,meanforce,nan,nan,nan,nan,nan,nan,nan,nan,nan,nan,nan,nan,nan,nan,nan,nan,nan,nan,nan,nan,nan,nan,nan,nan,nan,nan,nan,nan,nan,nan,18.29321094509214,nan,nan,0.0,,
,opes_closure_eb,tune_r1,opes,opes,20,8.0,,,,,,6.0,50,0.05,48.0,,40000,0,False,0.31292925441752995,2.6291974119313823,nan,nan,meanforce,nan,nan,nan,nan,nan,nan,nan,nan,nan,nan,nan,nan,nan,nan,nan,nan,nan,nan,nan,nan,nan,nan,nan,nan,nan,nan,nan,nan,nan,nan,18.22083288151771,nan,nan,0.0,,
,opes_closure_eb,tune_r1,opes,opes,20,8.0,,,,,,6.0,50,0.08,48.0,,40000,0,False,0.42133062360731954,3.1586060382363463,nan,nan,meanforce,nan,nan,nan,nan,nan,nan,nan,nan,nan,nan,nan,nan,nan,nan,nan,nan,nan,nan,nan,nan,nan,nan,nan,nan,nan,nan,nan,nan,nan,nan,18.278432950377464,nan,nan,0.0,,
,opes_closure_eb,tune_r1,opes,opes,20,8.0,,,,,,6.0,50,0.12,48.0,,40000,0,False,0.45349123691452914,3.449943039068866,nan,nan,meanforce,nan,nan,nan,nan,nan,nan,nan,nan,nan,nan,nan,nan,nan,nan,nan,nan,nan,nan,nan,nan,nan,nan,nan,nan,nan,nan,nan,nan,nan,nan,18.281262941658497,nan,nan,0.0,,
,opes_closure_eb,tune_r1,opes,opes,20,8.0,,,,,,8.0,100,0.03,64.0,,40000,0,False,0.3254426108497567,2.7308942990493024,nan,nan,meanforce,nan,nan,nan,nan,nan,nan,nan,nan,nan,nan,nan,nan,nan,nan,nan,nan,nan,nan,nan,nan,nan,nan,nan,nan,nan,nan,nan,nan,nan,nan,17.678213256411254,nan,nan,0.0,,
,opes_closure_eb,tune_r1,opes,opes,20,8.0,,,,,,8.0,100,0.05,64.0,,40000,0,False,0.3198170396425982,2.713830892050684,nan,nan,meanforce,nan,nan,nan,nan,nan,nan,nan,nan,nan,nan,nan,nan,nan,nan,nan,nan,nan,nan,nan,nan,nan,nan,nan,nan,nan,nan,nan,nan,nan,nan,17.679201066493988,nan,nan,0.0,,
,opes_closure_eb,tune_r1,opes,opes,20,8.0,,,,,,8.0,100,0.08,64.0,,40000,0,False,0.42184868157127514,3.159430720500132,nan,nan,meanforce,nan,nan,nan,nan,nan,nan,nan,nan,nan,nan,nan,nan,nan,nan,nan,nan,nan,nan,nan,nan,nan,nan,nan,nan,nan,nan,nan,nan,nan,nan,17.681708976626396,nan,nan,0.0,,
,opes_closure_eb,tune_r1,opes,opes,20,8.0,,,,,,8.0,100,0.12,64.0,,40000,0,False,0.4546443116570461,3.44977498865908,nan,nan,meanforce,nan,nan,nan,nan,nan,nan,nan,nan,nan,nan,nan,nan,nan,nan,nan,nan,nan,nan,nan,nan,nan,nan,nan,nan,nan,nan,nan,nan,nan,nan,17.6928670713678,nan,nan,0.0,,
,opes_closure_eb,tune_r1,opes,opes,20,8.0,,,,,,8.0,200,0.03,64.0,,40000,0,False,0.26614509435805106,2.236299632883692,nan,nan,meanforce,nan,nan,nan,nan,nan,nan,nan,nan,nan,nan,nan,nan,nan,nan,nan,nan,nan,nan,nan,nan,nan,nan,nan,nan,nan,nan,nan,nan,nan,nan,17.548784132115543,nan,nan,0.0,,
,opes_closure_eb,tune_r1,opes,opes,20,8.0,,,,,,8.0,200,0.05,64.0,,40000,0,False,0.3266545111197457,2.715476916930832,nan,nan,meanforce,nan,nan,nan,nan,nan,nan,nan,nan,nan,nan,nan,nan,nan,nan,nan,nan,nan,nan,nan,nan,nan,nan,nan,nan,nan,nan,nan,nan,nan,nan,17.539769888855517,nan,nan,0.0,,
,opes_closure_eb,tune_r1,opes,opes,20,8.0,,,,,,8.0,200,0.08,64.0,,40000,0,False,0.4218459670261039,3.1609231237331876,nan,nan,meanforce,nan,nan,nan,nan,nan,nan,nan,nan,nan,nan,nan,nan,nan,nan,nan,nan,nan,nan,nan,nan,nan,nan,nan,nan,nan,nan,nan,nan,nan,nan,17.57152818981558,nan,nan,0.0,,
,opes_closure_eb,tune_r1,opes,opes,20,8.0,,,,,,8.0,200,0.12,64.0,,40000,0,False,0.4543827737431686,3.4497560173406105,nan,nan,meanforce,nan,nan,nan,nan,nan,nan,nan,nan,nan,nan,nan,nan,nan,nan,nan,nan,nan,nan,nan,nan,nan,nan,nan,nan,nan,nan,nan,nan,nan,nan,17.56121390592307,nan,nan,0.0,,
,opes_closure_eb,tune_r1,opes,opes,20,8.0,,,,,,8.0,50,0.03,64.0,,40000,0,False,0.23592688234531012,2.042659263620156,nan,nan,meanforce,nan,nan,nan,nan,nan,nan,nan,nan,nan,nan,nan,nan,nan,nan,nan,nan,nan,nan,nan,nan,nan,nan,nan,nan,nan,nan,nan,nan,nan,nan,17.891071127727628,nan,nan,0.0,,
,opes_closure_eb,tune_r1,opes,opes,20,8.0,,,,,,8.0,50,0.05,64.0,,40000,0,False,0.31246053049110567,2.6594700811099874,nan,nan,meanforce,nan,nan,nan,nan,nan,nan,nan,nan,nan,nan,nan,nan,nan,nan,nan,nan,nan,nan,nan,nan,nan,nan,nan,nan,nan,nan,nan,nan,nan,nan,17.945283137261868,nan,nan,0.0,,
,opes_closure_eb,tune_r1,opes,opes,20,8.0,,,,,,8.0,50,0.08,64.0,,40000,0,False,0.42126468653718036,3.1575085908650387,nan,nan,meanforce,nan,nan,nan,nan,nan,nan,nan,nan,nan,nan,nan,nan,nan,nan,nan,nan,nan,nan,nan,nan,nan,nan,nan,nan,nan,nan,nan,nan,nan,nan,17.931785211898386,nan,nan,0.0,,
,opes_closure_eb,tune_r1,opes,opes,20,8.0,,,,,,8.0,50,0.12,64.0,,40000,0,False,0.45459065634002704,3.4494840249776413,nan,nan,meanforce,nan,nan,nan,nan,nan,nan,nan,nan,nan,nan,nan,nan,nan,nan,nan,nan,nan,nan,nan,nan,nan,nan,nan,nan,nan,nan,nan,nan,nan,nan,17.943139215931296,nan,nan,0.0,,
,opes_closure_eb,tune_r1,opes,opes,21,8.0,,,,,,3.0,100,0.03,24.0,,40000,0,False,0.21314790725382513,1.9386462823697421,nan,nan,meanforce,nan,nan,nan,nan,nan,nan,nan,nan,nan,nan,nan,nan,nan,nan,nan,nan,nan,nan,nan,nan,nan,nan,nan,nan,nan,nan,nan,nan,nan,nan,17.704167764633894,nan,nan,0.0,,
,opes_closure_eb,tune_r1,opes,opes,21,8.0,,,,,,3.0,100,0.05,24.0,,40000,0,False,0.2875476271118886,2.2858048282736645,nan,nan,meanforce,nan,nan,nan,nan,nan,nan,nan,nan,nan,nan,nan,nan,nan,nan,nan,nan,nan,nan,nan,nan,nan,nan,nan,nan,nan,nan,nan,nan,nan,nan,17.687206748872995,nan,nan,0.0,,
,opes_closure_eb,tune_r1,opes,opes,21,8.0,,,,,,3.0,100,0.08,24.0,,40000,0,False,0.40762226370173654,3.068713909694005,nan,nan,meanforce,nan,nan,nan,nan,nan,nan,nan,nan,nan,nan,nan,nan,nan,nan,nan,nan,nan,nan,nan,nan,nan,nan,nan,nan,nan,nan,nan,nan,nan,nan,18.23416663520038,nan,nan,0.0,,
,opes_closure_eb,tune_r1,opes,opes,21,8.0,,,,,,3.0,100,0.12,24.0,,40000,0,False,0.48755817555098635,3.8912750468587523,nan,nan,meanforce,nan,nan,nan,nan,nan,nan,nan,nan,nan,nan,nan,nan,nan,nan,nan,nan,nan,nan,nan,nan,nan,nan,nan,nan,nan,nan,nan,nan,nan,nan,17.968475124798715,nan,nan,0.0,,
,opes_closure_eb,tune_r1,opes,opes,21,8.0,,,,,,3.0,200,0.03,24.0,,40000,0,False,0.21692425032742538,1.9403675505750002,nan,nan,meanforce,nan,nan,nan,nan,nan,nan,nan,nan,nan,nan,nan,nan,nan,nan,nan,nan,nan,nan,nan,nan,nan,nan,nan,nan,nan,nan,nan,nan,nan,nan,17.720283130183816,nan,nan,0.0,,
,opes_closure_eb,tune_r1,opes,opes,21,8.0,,,,,,3.0,200,0.05,24.0,,40000,0,False,0.28911972691906695,2.290660132766517,nan,nan,meanforce,nan,nan,nan,nan,nan,nan,nan,nan,nan,nan,nan,nan,nan,nan,nan,nan,nan,nan,nan,nan,nan,nan,nan,nan,nan,nan,nan,nan,nan,nan,17.721027940511703,nan,nan,0.0,,
,opes_closure_eb,tune_r1,opes,opes,21,8.0,,,,,,3.0,200,0.08,24.0,,40000,0,False,0.4072008515905468,3.064603629260968,nan,nan,meanforce,nan,nan,nan,nan,nan,nan,nan,nan,nan,nan,nan,nan,nan,nan,nan,nan,nan,nan,nan,nan,nan,nan,nan,nan,nan,nan,nan,nan,nan,nan,17.94639292638749,nan,nan,0.0,,
,opes_closure_eb,tune_r1,opes,opes,21,8.0,,,,,,3.0,200,0.12,24.0,,40000,0,False,0.48738426374502497,3.8915049559556936,nan,nan,meanforce,nan,nan,nan,nan,nan,nan,nan,nan,nan,nan,nan,nan,nan,nan,nan,nan,nan,nan,nan,nan,nan,nan,nan,nan,nan,nan,nan,nan,nan,nan,18.01041867956519,nan,nan,0.0,,
,opes_closure_eb,tune_r1,opes,opes,21,8.0,,,,,,3.0,50,0.03,24.0,,40000,0,False,0.21048062618837524,1.9137127409587988,nan,nan,meanforce,nan,nan,nan,nan,nan,nan,nan,nan,nan,nan,nan,nan,nan,nan,nan,nan,nan,nan,nan,nan,nan,nan,nan,nan,nan,nan,nan,nan,nan,nan,18.00268897600472,nan,nan,0.0,,
,opes_closure_eb,tune_r1,opes,opes,21,8.0,,,,,,3.0,50,0.05,24.0,,40000,0,False,0.2879211209904059,2.286591721147692,nan,nan,meanforce,nan,nan,nan,nan,nan,nan,nan,nan,nan,nan,nan,nan,nan,nan,nan,nan,nan,nan,nan,nan,nan,nan,nan,nan,nan,nan,nan,nan,nan,nan,18.47981529776007,nan,nan,0.0,,
,opes_closure_eb,tune_r1,opes,opes,21,8.0,,,,,,3.0,50,0.08,24.0,,40000,0,False,0.4066104472444585,3.0624799363468393,nan,nan,meanforce,nan,nan,nan,nan,nan,nan,nan,nan,nan,nan,nan,nan,nan,nan,nan,nan,nan,nan,nan,nan,nan,nan,nan,nan,nan,nan,nan,nan,nan,nan,18.236988745629787,nan,nan,0.0,,
,opes_closure_eb,tune_r1,opes,opes,21,8.0,,,,,,3.0,50,0.12,24.0,,40000,0,False,0.48729751126148346,3.8913221205786637,nan,nan,meanforce,nan,nan,nan,nan,nan,nan,nan,nan,nan,nan,nan,nan,nan,nan,nan,nan,nan,nan,nan,nan,nan,nan,nan,nan,nan,nan,nan,nan,nan,nan,17.964768583886325,nan,nan,0.0,,
,opes_closure_eb,tune_r1,opes,opes,21,8.0,,,,,,4.0,100,0.03,32.0,,40000,0,False,0.21333149272229007,1.958897513821241,nan,nan,meanforce,nan,nan,nan,nan,nan,nan,nan,nan,nan,nan,nan,nan,nan,nan,nan,nan,nan,nan,nan,nan,nan,nan,nan,nan,nan,nan,nan,nan,nan,nan,17.634509661234915,nan,nan,0.0,,
,opes_closure_eb,tune_r1,opes,opes,21,8.0,,,,,,4.0,100,0.05,32.0,,40000,0,False,0.2834592568794539,2.2691059608311135,nan,nan,meanforce,nan,nan,nan,nan,nan,nan,nan,nan,nan,nan,nan,nan,nan,nan,nan,nan,nan,nan,nan,nan,nan,nan,nan,nan,nan,nan,nan,nan,nan,nan,17.987552200444043,nan,nan,0.0,,
,opes_closure_eb,tune_r1,opes,opes,21,8.0,,,,,,4.0,100,0.08,32.0,,40000,0,False,0.4148953182467773,3.108940730914029,nan,nan,meanforce,nan,nan,nan,nan,nan,nan,nan,nan,nan,nan,nan,nan,nan,nan,nan,nan,nan,nan,nan,nan,nan,nan,nan,nan,nan,nan,nan,nan,nan,nan,17.993023473769426,nan,nan,0.0,,
,opes_closure_eb,tune_r1,opes,opes,21,8.0,,,,,,4.0,100,0.12,32.0,,40000,0,False,0.4886438338259199,3.890715588747416,nan,nan,meanforce,nan,nan,nan,nan,nan,nan,nan,nan,nan,nan,nan,nan,nan,nan,nan,nan,nan,nan,nan,nan,nan,nan,nan,nan,nan,nan,nan,nan,nan,nan,18.003547597676516,nan,nan,0.0,,
,opes_closure_eb,tune_r1,opes,opes,21,8.0,,,,,,4.0,200,0.03,32.0,,40000,0,False,0.2164455582773343,1.9333607517328193,nan,nan,meanforce,nan,nan,nan,nan,nan,nan,nan,nan,nan,nan,nan,nan,nan,nan,nan,nan,nan,nan,nan,nan,nan,nan,nan,nan,nan,nan,nan,nan,nan,nan,17.88451182562858,nan,nan,0.0,,
,opes_closure_eb,tune_r1,opes,opes,21,8.0,,,,,,4.0,200,0.05,32.0,,40000,0,False,0.2848963601927543,2.275080800937921,nan,nan,meanforce,nan,nan,nan,nan,nan,nan,nan,nan,nan,nan,nan,nan,nan,nan,nan,nan,nan,nan,nan,nan,nan,nan,nan,nan,nan,nan,nan,nan,nan,nan,17.84761821385473,nan,nan,0.0,,
,opes_closure_eb,tune_r1,opes,opes,21,8.0,,,,,,4.0,200,0.08,32.0,,40000,0,False,0.41469995099609236,3.1100814045026075,nan,nan,meanforce,nan,nan,nan,nan,nan,nan,nan,nan,nan,nan,nan,nan,nan,nan,nan,nan,nan,nan,nan,nan,nan,nan,nan,nan,nan,nan,nan,nan,nan,nan,17.830708127468824,nan,nan,0.0,,
,opes_closure_eb,tune_r1,opes,opes,21,8.0,,,,,,4.0,200,0.12,32.0,,40000,0,False,0.4880731348014231,3.8907927801283537,nan,nan,meanforce,nan,nan,nan,nan,nan,nan,nan,nan,nan,nan,nan,nan,nan,nan,nan,nan,nan,nan,nan,nan,nan,nan,nan,nan,nan,nan,nan,nan,nan,nan,17.86613984964788,nan,nan,0.0,,
,opes_closure_eb,tune_r1,opes,opes,21,8.0,,,,,,4.0,50,0.03,32.0,,40000,0,False,0.20594677856358262,1.9243066587651654,nan,nan,meanforce,nan,nan,nan,nan,nan,nan,nan,nan,nan,nan,nan,nan,nan,nan,nan,nan,nan,nan,nan,nan,nan,nan,nan,nan,nan,nan,nan,nan,nan,nan,18.391481379047036,nan,nan,0.0,,
,opes_closure_eb,tune_r1,opes,opes,21,8.0,,,,,,4.0,50,0.05,32.0,,40000,0,False,0.28398151368396096,2.2750703334664637,nan,nan,meanforce,nan,nan,nan,nan,nan,nan,nan,nan,nan,nan,nan,nan,nan,nan,nan,nan,nan,nan,nan,nan,nan,nan,nan,nan,nan,nan,nan,nan,nan,nan,18.409384673461318,nan,nan,0.0,,
,opes_closure_eb,tune_r1,opes,opes,21,8.0,,,,,,4.0,50,0.08,32.0,,40000,0,False,0.41473986059120455,3.1079350388415037,nan,nan,meanforce,nan,nan,nan,nan,nan,nan,nan,nan,nan,nan,nan,nan,nan,nan,nan,nan,nan,nan,nan,nan,nan,nan,nan,nan,nan,nan,nan,nan,nan,nan,18.355980526655912,nan,nan,0.0,,
,opes_closure_eb,tune_r1,opes,opes,21,8.0,,,,,,4.0,50,0.12,32.0,,40000,0,False,0.48876982355154397,3.8908794754827576,nan,nan,meanforce,nan,nan,nan,nan,nan,nan,nan,nan,nan,nan,nan,nan,nan,nan,nan,nan,nan,nan,nan,nan,nan,nan,nan,nan,nan,nan,nan,nan,nan,nan,18.09025257639587,nan,nan,0.0,,
,opes_closure_eb,tune_r1,opes,opes,21,8.0,,,,,,6.0,100,0.03,48.0,,40000,0,False,0.2279696550648771,2.0497913836009043,nan,nan,meanforce,nan,nan,nan,nan,nan,nan,nan,nan,nan,nan,nan,nan,nan,nan,nan,nan,nan,nan,nan,nan,nan,nan,nan,nan,nan,nan,nan,nan,nan,nan,17.688960949890316,nan,nan,0.0,,
,opes_closure_eb,tune_r1,opes,opes,21,8.0,,,,,,6.0,100,0.05,48.0,,40000,0,False,0.2845841615537649,2.3105541405911936,nan,nan,meanforce,nan,nan,nan,nan,nan,nan,nan,nan,nan,nan,nan,nan,nan,nan,nan,nan,nan,nan,nan,nan,nan,nan,nan,nan,nan,nan,nan,nan,nan,nan,17.631255319342017,nan,nan,0.0,,
,opes_closure_eb,tune_r1,opes,opes,21,8.0,,,,,,6.0,100,0.08,48.0,,40000,0,False,0.41648291999454934,3.1120844396004044,nan,nan,meanforce,nan,nan,nan,nan,nan,nan,nan,nan,nan,nan,nan,nan,nan,nan,nan,nan,nan,nan,nan,nan,nan,nan,nan,nan,nan,nan,nan,nan,nan,nan,17.64380570407957,nan,nan,0.0,,
,opes_closure_eb,tune_r1,opes,opes,21,8.0,,,,,,6.0,100,0.12,48.0,,40000,0,False,0.4690022768642801,3.7515398107443185,nan,nan,meanforce,nan,nan,nan,nan,nan,nan,nan,nan,nan,nan,nan,nan,nan,nan,nan,nan,nan,nan,nan,nan,nan,nan,nan,nan,nan,nan,nan,nan,nan,nan,17.63135928940028,nan,nan,0.0,,
,opes_closure_eb,tune_r1,opes,opes,21,8.0,,,,,,6.0,200,0.03,48.0,,40000,0,False,0.2370280281657494,2.0330638491358637,nan,nan,meanforce,nan,nan,nan,nan,nan,nan,nan,nan,nan,nan,nan,nan,nan,nan,nan,nan,nan,nan,nan,nan,nan,nan,nan,nan,nan,nan,nan,nan,nan,nan,17.495235444046557,nan,nan,0.0,,
,opes_closure_eb,tune_r1,opes,opes,21,8.0,,,,,,6.0,200,0.05,48.0,,40000,0,False,0.2852655103789524,2.3047624158493103,nan,nan,meanforce,nan,nan,nan,nan,nan,nan,nan,nan,nan,nan,nan,nan,nan,nan,nan,nan,nan,nan,nan,nan,nan,nan,nan,nan,nan,nan,nan,nan,nan,nan,17.504778367467225,nan,nan,0.0,,
,opes_closure_eb,tune_r1,opes,opes,21,8.0,,,,,,6.0,200,0.08,48.0,,40000,0,False,0.4168011445444476,3.113693236561265,nan,nan,meanforce,nan,nan,nan,nan,nan,nan,nan,nan,nan,nan,nan,nan,nan,nan,nan,nan,nan,nan,nan,nan,nan,nan,nan,nan,nan,nan,nan,nan,nan,nan,17.488854460418224,nan,nan,0.0,,
,opes_closure_eb,tune_r1,opes,opes,21,8.0,,,,,,6.0,200,0.12,48.0,,40000,0,False,0.4709573061221804,3.7550879755352327,nan,nan,meanforce,nan,nan,nan,nan,nan,nan,nan,nan,nan,nan,nan,nan,nan,nan,nan,nan,nan,nan,nan,nan,nan,nan,nan,nan,nan,nan,nan,nan,nan,nan,17.482255689799786,nan,nan,0.0,,
,opes_closure_eb,tune_r1,opes,opes,21,8.0,,,,,,6.0,50,0.03,48.0,,40000,0,False,0.2327183872185488,2.065386770878457,nan,nan,meanforce,nan,nan,nan,nan,nan,nan,nan,nan,nan,nan,nan,nan,nan,nan,nan,nan,nan,nan,nan,nan,nan,nan,nan,nan,nan,nan,nan,nan,nan,nan,18.274311457760632,nan,nan,0.0,,
,opes_closure_eb,tune_r1,opes,opes,21,8.0,,,,,,6.0,50,0.05,48.0,,40000,0,False,0.28159073702181886,2.295774540391698,nan,nan,meanforce,nan,nan,nan,nan,nan,nan,nan,nan,nan,nan,nan,nan,nan,nan,nan,nan,nan,nan,nan,nan,nan,nan,nan,nan,nan,nan,nan,nan,nan,nan,18.271742098033428,nan,nan,0.0,,
,opes_closure_eb,tune_r1,opes,opes,21,8.0,,,,,,6.0,50,0.08,48.0,,40000,0,False,0.4164502959941792,3.11338410735128,nan,nan,meanforce,nan,nan,nan,nan,nan,nan,nan,nan,nan,nan,nan,nan,nan,nan,nan,nan,nan,nan,nan,nan,nan,nan,nan,nan,nan,nan,nan,nan,nan,nan,18.30101430695504,nan,nan,0.0,,
,opes_closure_eb,tune_r1,opes,opes,21,8.0,,,,,,6.0,50,0.12,48.0,,40000,0,False,0.47536771839868946,3.764480836471657,nan,nan,meanforce,nan,nan,nan,nan,nan,nan,nan,nan,nan,nan,nan,nan,nan,nan,nan,nan,nan,nan,nan,nan,nan,nan,nan,nan,nan,nan,nan,nan,nan,nan,18.27234864793718,nan,nan,0.0,,
,opes_closure_eb,tune_r1,opes,opes,21,8.0,,,,,,8.0,100,0.03,64.0,,40000,0,False,0.23688625295356175,2.0997787946379076,nan,nan,meanforce,nan,nan,nan,nan,nan,nan,nan,nan,nan,nan,nan,nan,nan,nan,nan,nan,nan,nan,nan,nan,nan,nan,nan,nan,nan,nan,nan,nan,nan,nan,17.672890854999423,nan,nan,0.0,,
,opes_closure_eb,tune_r1,opes,opes,21,8.0,,,,,,8.0,100,0.05,64.0,,40000,0,False,0.2849770712839909,2.3288532677077747,nan,nan,meanforce,nan,nan,nan,nan,nan,nan,nan,nan,nan,nan,nan,nan,nan,nan,nan,nan,nan,nan,nan,nan,nan,nan,nan,nan,nan,nan,nan,nan,nan,nan,17.68504055775702,nan,nan,0.0,,
,opes_closure_eb,tune_r1,opes,opes,21,8.0,,,,,,8.0,100,0.08,64.0,,40000,0,False,0.4176409456926785,3.1151539589863577,nan,nan,meanforce,nan,nan,nan,nan,nan,nan,nan,nan,nan,nan,nan,nan,nan,nan,nan,nan,nan,nan,nan,nan,nan,nan,nan,nan,nan,nan,nan,nan,nan,nan,17.686649709008634,nan,nan,0.0,,
,opes_closure_eb,tune_r1,opes,opes,21,8.0,,,,,,8.0,100,0.12,64.0,,40000,0,False,0.47081910528907234,3.754904076932617,nan,nan,meanforce,nan,nan,nan,nan,nan,nan,nan,nan,nan,nan,nan,nan,nan,nan,nan,nan,nan,nan,nan,nan,nan,nan,nan,nan,nan,nan,nan,nan,nan,nan,17.68763465899974,nan,nan,0.0,,
,opes_closure_eb,tune_r1,opes,opes,21,8.0,,,,,,8.0,200,0.03,64.0,,40000,0,False,0.24799263076403572,2.0947330640138806,nan,nan,meanforce,nan,nan,nan,nan,nan,nan,nan,nan,nan,nan,nan,nan,nan,nan,nan,nan,nan,nan,nan,nan,nan,nan,nan,nan,nan,nan,nan,nan,nan,nan,17.552930714562535,nan,nan,0.0,,
,opes_closure_eb,tune_r1,opes,opes,21,8.0,,,,,,8.0,200,0.05,64.0,,40000,0,False,0.2872660970510422,2.329764930540657,nan,nan,meanforce,nan,nan,nan,nan,nan,nan,nan,nan,nan,nan,nan,nan,nan,nan,nan,nan,nan,nan,nan,nan,nan,nan,nan,nan,nan,nan,nan,nan,nan,nan,17.56745815835893,nan,nan,0.0,,
,opes_closure_eb,tune_r1,opes,opes,21,8.0,,,,,,8.0,200,0.08,64.0,,40000,0,False,0.4178426417465478,3.115324489922455,nan,nan,meanforce,nan,nan,nan,nan,nan,nan,nan,nan,nan,nan,nan,nan,nan,nan,nan,nan,nan,nan,nan,nan,nan,nan,nan,nan,nan,nan,nan,nan,nan,nan,17.560426075942814,nan,nan,0.0,,
,opes_closure_eb,tune_r1,opes,opes,21,8.0,,,,,,8.0,200,0.12,64.0,,40000,0,False,0.47071108026675984,3.7529102237649568,nan,nan,meanforce,nan,nan,nan,nan,nan,nan,nan,nan,nan,nan,nan,nan,nan,nan,nan,nan,nan,nan,nan,nan,nan,nan,nan,nan,nan,nan,nan,nan,nan,nan,17.54103699978441,nan,nan,0.0,,
,opes_closure_eb,tune_r1,opes,opes,21,8.0,,,,,,8.0,50,0.03,64.0,,40000,0,False,0.24264391162231463,2.101897516080043,nan,nan,meanforce,nan,nan,nan,nan,nan,nan,nan,nan,nan,nan,nan,nan,nan,nan,nan,nan,nan,nan,nan,nan,nan,nan,nan,nan,nan,nan,nan,nan,nan,nan,17.918735378421843,nan,nan,0.0,,
,opes_closure_eb,tune_r1,opes,opes,21,8.0,,,,,,8.0,50,0.05,64.0,,40000,0,False,0.2824622275181846,2.3148965000821247,nan,nan,meanforce,nan,nan,nan,nan,nan,nan,nan,nan,nan,nan,nan,nan,nan,nan,nan,nan,nan,nan,nan,nan,nan,nan,nan,nan,nan,nan,nan,nan,nan,nan,17.96711461432278,nan,nan,0.0,,
,opes_closure_eb,tune_r1,opes,opes,21,8.0,,,,,,8.0,50,0.08,64.0,,40000,0,False,0.4177013773172657,3.114576398446751,nan,nan,meanforce,nan,nan,nan,nan,nan,nan,nan,nan,nan,nan,nan,nan,nan,nan,nan,nan,nan,nan,nan,nan,nan,nan,nan,nan,nan,nan,nan,nan,nan,nan,18.003308246843517,nan,nan,0.0,,
,opes_closure_eb,tune_r1,opes,opes,21,8.0,,,,,,8.0,50,0.12,64.0,,40000,0,False,0.46986568785056887,3.754160602969936,nan,nan,meanforce,nan,nan,nan,nan,nan,nan,nan,nan,nan,nan,nan,nan,nan,nan,nan,nan,nan,nan,nan,nan,nan,nan,nan,nan,nan,nan,nan,nan,nan,nan,17.94855969864875,nan,nan,0.0,,
,opes_closure_eb,tune_sigma_edge,opes,opes,20,8.0,,,,,,3.0,50,0.015,24.0,,40000,0,False,0.17894010450848083,1.7591550402609388,nan,nan,meanforce,nan,nan,nan,nan,nan,nan,nan,nan,nan,nan,nan,nan,nan,nan,nan,nan,nan,nan,nan,nan,nan,nan,nan,nan,nan,nan,nan,nan,nan,nan,18.20672592613846,nan,nan,0.0,,
,opes_closure_eb,tune_sigma_edge,opes,opes,20,8.0,,,,,,3.0,50,0.025,24.0,,40000,0,False,0.19181955414858345,1.7505553580822937,nan,nan,meanforce,nan,nan,nan,nan,nan,nan,nan,nan,nan,nan,nan,nan,nan,nan,nan,nan,nan,nan,nan,nan,nan,nan,nan,nan,nan,nan,nan,nan,nan,nan,18.274419309571385,nan,nan,0.0,,
,opes_closure_eb,tune_sigma_edge,opes,opes,20,8.0,,,,,,3.0,50,0.02,24.0,,40000,0,False,0.17460370059987212,1.717304810154776,nan,nan,meanforce,nan,nan,nan,nan,nan,nan,nan,nan,nan,nan,nan,nan,nan,nan,nan,nan,nan,nan,nan,nan,nan,nan,nan,nan,nan,nan,nan,nan,nan,nan,18.204670645296574,nan,nan,0.0,,
,opes_closure_eb,tune_sigma_edge,opes,opes,21,8.0,,,,,,3.0,50,0.015,24.0,,40000,0,False,0.18105401602341256,1.7562989503941595,nan,nan,meanforce,nan,nan,nan,nan,nan,nan,nan,nan,nan,nan,nan,nan,nan,nan,nan,nan,nan,nan,nan,nan,nan,nan,nan,nan,nan,nan,nan,nan,nan,nan,18.178137966431677,nan,nan,0.0,,
,opes_closure_eb,tune_sigma_edge,opes,opes,21,8.0,,,,,,3.0,50,0.025,24.0,,40000,0,False,0.190193377582314,1.78659021588314,nan,nan,meanforce,nan,nan,nan,nan,nan,nan,nan,nan,nan,nan,nan,nan,nan,nan,nan,nan,nan,nan,nan,nan,nan,nan,nan,nan,nan,nan,nan,nan,nan,nan,18.28453177213669,nan,nan,0.0,,
,opes_closure_eb,tune_sigma_edge,opes,opes,21,8.0,,,,,,3.0,50,0.02,24.0,,40000,0,False,0.1846945346810919,1.7834692313239293,nan,nan,meanforce,nan,nan,nan,nan,nan,nan,nan,nan,nan,nan,nan,nan,nan,nan,nan,nan,nan,nan,nan,nan,nan,nan,nan,nan,nan,nan,nan,nan,nan,nan,18.284903202205896,nan,nan,0.0,,
