cell,arm,e_med@0,e_med@0.5,e_med@1,e_med@1.5,e_med@2,e_med@2.5,e_med@3,e_med@3.5,e_med@4,e_med@4.5,e_med@5,e_med@5.5,e_med@6,e_med@6.5,e_med@7,e_med@7.5,e_med@8,e_med@8.5,e_med@9,e_med@9.5,e_med@10,e_med@10.5,e_med@11,e_med@11.5,e_med@12,e_med@12.5,e_med@13,e_med@13.5,e_med@14,e_med@14.5,e_med@15,e_med@15.5,e_med@16,e_med@16.5,e_med@17,e_med@17.5,e_med@18,e_med@18.5,e_med@19,e_med@19.5,e_med@20,e_med@20.5,e_med@21,e_med@21.5,e_med@22,e_med@22.5,e_med@23,e_med@23.5,e_med@24,e_med@24.5,e_med@25,e_med@25.5,e_med@26,e_med@26.5,e_med@27,e_med@27.5,e_med@28,e_med@28.5,e_med@29,e_med@29.5,e_med@30,e_med@30.5,e_med@31,e_med@31.5,e_med@32,e_med@32.5,e_med@33,e_med@33.5,e_med@34,e_med@34.5,e_med@35,e_med@35.5,e_med@36,e_med@36.5,e_med@37,e_med@37.5,e_med@38,e_med@38.5,e_med@39,e_med@39.5,e_med@40
b1.4,abf,2.489676874666306,4.571271053496921,3.0541689475076987,2.8732422569108067,2.9293496154362213,3.0759892083593403,3.2632276196427505,3.1160938094840605,3.002090865268237,2.882007182974014,2.774393993111949,2.6616991841557365,2.557357270108953,2.466997599998805,2.379283697981374,2.2991579052660414,2.2195679827060353,2.141862655419815,2.071496701765823,2.004892808413503,1.9417435959079246,1.8827291705796145,1.8271845470962087,1.7754571232000766,1.7272592991177835,1.6813995017857595,1.6368585084637954,1.594336124181476,1.5540118441962334,1.5160516750689994,1.4792960712511216,1.446084113944596,1.4143793132695461,1.3854270060510823,1.357820861170009,1.3317488347813153,1.307536061711194,1.2847590483615674,1.2642448481310422,1.2447073136852573,1.2258979369988168,1.2089834322838233,1.1937313111241332,1.179124183406544,1.1655795722470739,1.1528192468844787,1.1411911579184657,1.1305158451117259,1.1210493512214788,1.112197323210775,1.1041223875395514,1.097029260785845,1.0908903545698807,1.0848819373837948,1.0791846494362187,1.0750761739100374,1.0713326794428641,1.0681361378720031,1.0653537444229506,1.0628502996117744,1.0608981559782007,1.0594829998031998,1.0584438183257876,1.0574170597267805,1.0557714721788154,1.0547480377917504,1.0547168612907856,1.0548475884829944,1.0551239688897533,1.0554083840142492,1.0560236795916391,1.0565471890934734,1.057216380155602,1.0579491189801722,1.0582164666257468,1.058667164568662,1.0588944784029775,1.059323095878509,1.059758135974358,1.0604067528388925,1.0611666680251113
b1.4,campaign_abf,2.489676874666306,,,,,3.075989208359303,,,,,2.7743939931478048,,,,,2.299157903027259,,,,,1.9417435765536322,,,,,1.6813995464480795,,,,,1.479296111544064,,,,,1.3317487350128439,,,,,1.2258979447251357,,,,,1.1528198725958763,,,,,1.1041226861029045,,,,,1.0750762459333396,,,,,1.0608988383795586,,,,,1.0547495020826068,,,,,1.0560515027031752,,,,,1.058665786387004,,,,,1.061145495488166
b1.4,campaign_abf:ratio,1.0,,,,,1.0000000000000022,,,,,1.0000000000177853,,,,,1.0000000001945555,,,,,1.0000000041517256,,,,,1.0000000001766225,,,,,1.0000000244998515,,,,,0.999999960252676,,,,,0.9999998408485916,,,,,0.9999998384692983,,,,,0.9999999438568608,,,,,1.000000052142179,,,,,0.999999805072971,,,,,1.0000000262926954,,,,,1.000000540754868,,,,,1.0000004472962387,,,,,0.9999996372459268
b1.4,campaign_fr_uniform,2.489676874666306,,,,,3.0759892083593323,,,,,2.7743939932019845,,,,,2.3001078048440156,,,,,1.9451119773445846,,,,,1.6867406033847798,,,,,1.4970958268583574,,,,,1.3534029932451266,,,,,1.2477687269111502,,,,,1.1688093910460098,,,,,1.1184958677352235,,,,,1.0869105879101837,,,,,1.0662113534583963,,,,,1.0581526669341488,,,,,1.0537388742902625,,,,,1.052966137720685,,,,,1.0533286345285688
b1.4,campaign_fr_uniform:ratio,1.0,,,,,1.0000000000000009,,,,,1.0000000000202696,,,,,1.0005024161198106,,,,,1.0027297259993073,,,,,1.0064648147281456,,,,,1.0105304045768433,,,,,1.0133366318487425,,,,,1.0148706074519755,,,,,1.0154665217681462,,,,,1.0135284050722553,,,,,1.0102307808248514,,,,,1.0051755880947453,,,,,1.001809142036516,,,,,0.9980866723802433,,,,,0.9941893406981014,,,,,0.9914876327646891
b1.4,u02_s12000,2.489676874666306,4.571271053496917,3.0541689475076996,2.873242256910806,2.9293496154362213,3.0759892083593057,3.263227619640258,3.1160938095018054,3.002090865283549,2.88200718316542,2.7743939931355635,2.6616991849366833,2.557357270886622,2.4670107606116605,2.3795759358803137,2.3001078028447774,2.2209992383632096,2.143710977309556,2.073889811861667,2.007750537942645,1.9451118439797974,1.886244609861396,1.8311607494214726,1.7798575218907404,1.7320910260038715,1.6867405869827532,1.6442186918224042,1.6052801172333369,1.5683641915885742,1.5326386857833154,1.4970956928358112,1.4650091084506505,1.4345977179954263,1.4059239718179093,1.3785596734113006,1.3534029051492464,1.3297294595838138,1.3075953685392872,1.2861725998855853,1.2668509191903572,1.2477681397287799,1.2297794731274343,1.2130749567791368,1.1974862410171496,1.1827157854121055,1.1687316907408323,1.1566375156248925,1.1455262210999178,1.1356942089649338,1.1269048645139788,1.118495470116398,1.1107988979218175,1.1039062682209264,1.097604465648433,1.091844874877828,1.0869100989587754,1.0821993058780242,1.077682762665397,1.07351524568609,1.0695645917906738,1.0661052850659543,1.0633545991592837,1.0616510006744129,1.0603843743903942,1.0589003726618251,1.0580720742713783,1.0575605024711856,1.0561174147515047,1.054842413248126,1.0538949052638966,1.0537104297822033,1.0533683989310547,1.0531974039206429,1.0529123038623656,1.0529361974853315,1.0528134821595747,1.052724908601477,1.0529451777867642,1.0531975846522326,1.0532210921612908,1.0533945190677132
b1.4,u02_s12000:ratio,1.0,1.0,1.0,1.0000000000000004,0.9999999999999999,0.9999999999999967,1.0000000000001137,1.0000000000005371,1.000000000002053,1.0000000000051987,1.0000000000139146,1.0000000000311586,0.9999999999175708,1.0000481055039028,1.0003234530904668,1.0005024152430302,1.00084628373663,1.0013282274018207,1.001802677060806,1.002096295547338,1.0027295604390787,1.0033077444040162,1.0041120640425518,1.0048682856905016,1.0056771350119273,1.0064645300801685,1.0070630809515415,1.0077781525269063,1.0087614029580714,1.0096531315905306,1.010529931162793,1.0111310620072902,1.011772607508143,1.0123596534957335,1.0129013703300447,1.0133362992759496,1.0136396444031692,1.0137982666303453,1.014155197535849,1.01452240024682,1.0148339093651757,1.0150240245567579,1.015188213232689,1.0154558662046678,1.0153693092048512,1.0154211664174548,1.0152460306405517,1.0150867799340553,1.0148046570645324,1.0141546080262578,1.0134622877834358,1.0127772174330167,1.012127163488256,1.011558686275107,1.0108498074716565,1.0101813913209772,1.0093478126465332,1.0080454787099682,1.0068576161169345,1.0059389072156315,1.0051669450077934,1.0044003555003334,1.0039736680072158,1.003415569583523,1.0025468962427762,1.001748950314833,1.0010069764309995,1.0003520145361011,0.9995409694009261,0.9987731086388503,0.9978201789230727,0.9969352643550196,0.9959977116212895,0.9953034709154173,0.9943777331196183,0.9936899745701571,0.9932088640217491,0.9926879012352791,0.9921029723339143,0.9915607113274433,0.9911345312035391
b1.4,u02_s3000,2.489676874666306,4.57127105349692,3.054168947507701,2.8732422569108094,2.9227674294784967,3.0671580843156363,3.236739183693324,3.0986398399702395,2.983047915266765,2.866000023228196,2.7605426334067777,2.6527441203342277,2.5498539952837294,2.4619470939875896,2.3751937159409033,2.2963097347237356,2.2198129397024946,2.1446417443425494,2.076453008313373,2.01015619081965,1.9490732861902593,1.892508331504388,1.8385635192342311,1.7886594188714224,1.7422887056419574,1.6971349844213,1.6531429755250056,1.6115779846930816,1.5719055967097333,1.535343137485858,1.4995090657525956,1.4670582760512991,1.4365081324470643,1.408659209908004,1.3814530096514996,1.3555662151669887,1.332002161521077,1.3107397742013553,1.2905380094806014,1.270952640069731,1.251799362020483,1.2339303877144028,1.217605857520216,1.2023139146965138,1.1880714615768675,1.1746952526001737,1.1623731400082242,1.1506649776345537,1.1395609847971613,1.129675668051381,1.1205137589075962,1.1126384425148053,1.1053169250277826,1.0991176236782412,1.0933748788916327,1.087430772241383,1.0820290422336412,1.0775005264959507,1.072956842186508,1.0698472013912963,1.066909592847379,1.0642672789602883,1.0619759606902652,1.0600762704866944,1.058111453237057,1.0563605656701816,1.0563496810050337,1.056524169883948,1.0562120196832747,1.0557743073774088,1.055355684042779,1.0550608063980715,1.054941544631975,1.0547808320821748,1.0549765071156545,1.0548397269210779,1.0546941052524659,1.0548035796414958,1.0548773900806174,1.0548953274082884,1.055075436483203
b1.4,u02_s3000:ratio,1.0,1.0,1.0000000000000004,1.0000000000000004,0.9997742497009545,0.9982450778642586,0.9959690382471866,0.9946198775040886,0.9943917825501127,0.9944788823879538,0.9947635111770381,0.9949138679614585,0.9959233351629635,0.9965952876346409,0.9975040096580435,0.9984891260991453,0.999684881701801,1.0008766359910635,1.001789933602864,1.0024932466279513,1.0030820847488275,1.0040770935435104,1.0052025348890317,1.0061047739658113,1.0071087856330114,1.008078399776395,1.0087387990029266,1.0095860570911166,1.010545221110707,1.0111965003486045,1.0118317906138699,1.0121279146921855,1.0125605633809058,1.0132233991490702,1.0135964007340914,1.0139599252875513,1.014148920181352,1.014261264646461,1.0142333675484672,1.0141600438899063,1.01418918757374,1.0141744217067132,1.0143062831027603,1.014111198307406,1.0139351655001256,1.0135031060830244,1.0132494026651728,1.0128602639376452,1.0123704393849806,1.0120902035163464,1.0118618987235397,1.0114919153063786,1.0110820863097403,1.0107398969125285,1.0104225739670596,1.01017137701588,1.0097364188892564,1.0090230373252598,1.0079741892048837,1.0067734249296194,1.0056622882726987,1.0049395057295711,1.0041408624524992,1.0033949523436516,1.0024684880766068,1.0014378001026905,1.0005569153565803,0.9998056428506453,0.9990316915262002,0.9983755150913189,0.9976569748979829,0.9966700516296747,0.9958242794695882,0.9949247498293238,0.9942428199983633,0.9936573333895453,0.9929024754300352,0.9921081438572698,0.9911316553718955,0.9901176419718462,0.9899088899963593
b1.4,u02_s5000,2.489676874666306,4.571271053496918,3.0541689475077005,2.8732422569108094,2.9293496154362213,3.0759892083592835,3.287352603542147,3.1150700999509278,3.000168837280385,2.878196346011176,2.768926119180986,2.6600343857082422,2.5578941794873096,2.4694171430381484,2.3836770815214425,2.306098691896064,2.2275587132681216,2.1511662744303903,2.082330505284431,2.017400420443235,1.955500045673185,1.8983257662638728,1.8443133837059849,1.7941607544299365,1.747600187004328,1.702474835246368,1.65908229511586,1.6178074038483419,1.57863197057484,1.5413036185643247,1.5057758711811338,1.4734228338101572,1.4421656864595715,1.4138634160572288,1.3855367654529576,1.3588979912512724,1.3352968065606394,1.3134931223066721,1.2933299393171303,1.2739160625821082,1.2549593927278118,1.236439258114133,1.2197758137092687,1.2036900295859891,1.1892837798431863,1.1751357076878617,1.1625710828948863,1.1509888147017184,1.140538872219675,1.1307484733252147,1.1219735115324583,1.113609146351341,1.1066441455091753,1.1001217674018995,1.0942019295073262,1.0890122267360904,1.0841693944289574,1.0797046879467236,1.075324128663511,1.0711649694813614,1.0677312976059103,1.0647779870409244,1.0621202858088346,1.0597588836422407,1.0586124574905902,1.057616484017365,1.0562523441404053,1.0554257878333906,1.0548522080788945,1.054158297533417,1.053626496631089,1.0532138677874956,1.0529890353118434,1.0527427080845124,1.0528535142624744,1.0527553893089416,1.0527272062177282,1.0525909372222786,1.052568280710736,1.0520456795433104,1.0518427722229997
b1.4,u02_s5000:ratio,1.0,1.0,1.0000000000000004,1.0000000000000002,1.0000000000000004,1.000000000000001,0.9995389645255977,0.9980914291172077,0.9982315420951346,0.99844036720078,0.9984330720162946,0.9988614203520556,0.9992189783375578,1.0001413423816585,1.0010316229847562,1.0015882885480947,1.0023812138218213,1.0033606532158044,1.0041116485512747,1.0047240452261241,1.0052781384270109,1.0059966191260115,1.0065549494788952,1.007573038771071,1.008480551556597,1.0094203433084346,1.0103541232983795,1.0112916947635497,1.0121331986179705,1.0127964265524851,1.0136736594614466,1.0143629279159563,1.0148233949711791,1.0151718177755278,1.0156377546919337,1.0160140630948415,1.0166539244906898,1.0171242495353077,1.0172101501190014,1.0174390989610789,1.0175557285042323,1.01732758303267,1.01722653717243,1.0170324275063805,1.0170157093130556,1.0170097041566533,1.0167239489075985,1.0162390081808137,1.0157759768653207,1.0152270196904642,1.0147064869151117,1.0139730832625262,1.0132579285959835,1.0125722669802895,1.011760153774015,1.010878477295747,1.0099722532084838,1.008870400656515,1.0079590824998692,1.0072454741037213,1.0064054831795404,1.0055414974245385,1.004781887494416,1.0040877745640167,1.0033670771938676,1.0024333718901222,1.0015019224156059,1.000586710953057,0.9998423893656962,0.999069628184729,0.9981659348701915,0.9972223888803378,0.9963061184200217,0.9956342802971568,0.9949757550776215,0.9940528175371823,0.9931124890396833,0.9924017520659336,0.9917523557594232,0.9913896803791801,0.9910946029268206
b1.4,u02_s8000,2.489676874666306,4.571271053496919,3.0541689475077005,2.8732422569108085,2.9293496154362226,3.0759892083593146,3.263227619640328,3.116093809494097,3.002091892910645,2.8824666110242836,2.7758787328361247,2.6645020820730534,2.5615777273517377,2.472138896157275,2.3875633120528774,2.306888309307526,2.2307669394529963,2.1576404802704108,2.089728971627909,2.0252117581346516,1.963145589319172,1.9057210507938485,1.8508752373669048,1.8004160293294407,1.751939767151733,1.7073996434584466,1.6615040140731527,1.6192154403209997,1.581539647540334,1.5432831129151554,1.5086022463651685,1.4764413694330698,1.446663979554636,1.4173611854815333,1.3891720883639356,1.3640338389869366,1.3399420030123204,1.3175840280109212,1.2959608386006187,1.2756090231554182,1.256340147019186,1.2384261812595025,1.2222142616038005,1.2069056361383648,1.1916760182796993,1.1780943126427124,1.1659631030412194,1.1550312833315732,1.1443362561985726,1.1345787696265917,1.1257522380139968,1.1178294650587812,1.1106263070833764,1.103917756260011,1.097636102186856,1.0912977033494586,1.0853749813983615,1.080103350291553,1.0759626581723745,1.0719775946187289,1.0687571410672805,1.0664264373111085,1.0640225235041565,1.060956166932074,1.05860512183038,1.057573331756264,1.0560443684167966,1.055181299644794,1.0548124099297715,1.0547764455019557,1.0545033149003342,1.0542918043833496,1.0540317123741223,1.0537480304733844,1.0536549489461464,1.0534986127217838,1.0534163827319758,1.0531893370577916,1.0528839108408286,1.0524736744627379,1.051876916065849
b1.4,u02_s8000:ratio,1.0,1.0,1.0000000000000004,0.9999999999999998,1.0000000000000004,1.0000000000000044,1.0000000000004579,1.000000000001976,1.00000000000971,1.0001212191620614,1.0004530921473602,1.0007965539007633,1.001354395306738,1.001976744182075,1.0024265004738104,1.0030701953971364,1.003919027175793,1.0045542763672939,1.0056184800588828,1.0068535094148863,1.007684879040839,1.0086602895944596,1.0094217085173045,1.0102477056867865,1.011109749796809,1.0120763588939576,1.0125551825118015,1.0133334971368155,1.01381372835431,1.014332671446415,1.0147386054215173,1.015166214557509,1.0158287996545892,1.0163222680605877,1.0165124564017272,1.0168747754651775,1.01723988639089,1.0176185064319152,1.017972477067839,1.0182373686636803,1.0185598363851884,1.0187842268376632,1.019088787815197,1.0191159681268285,1.0191597991104198,1.019044449096254,1.0187831379586727,1.0184452552370744,1.0179773303414894,1.0177275855989072,1.0174361846453226,1.016687793189313,1.0162362059033008,1.0156305905620504,1.0149283148849366,1.0143619622758342,1.013419521196965,1.012441281019854,1.011396093840065,1.0103690220385573,1.0091668815021104,1.0078377239806684,1.006607616778111,1.0052683947785765,1.004012524285788,1.0030274176318887,1.002022626245539,1.0010463233447133,1.000172057008725,0.9993348700103891,0.9985082198125996,0.9975124603529231,0.9966923376140899,0.9958286412773449,0.9950169307256138,0.9941604581806247,0.993149841996461,0.99237296814309,0.9917476907079148,0.991136746065028,0.9904908801613037
b1.4,u10_s12000,2.489676874666306,4.57127105349692,3.0541689475076996,2.873242256910812,2.929349615436222,3.0759892083593403,3.263227619642949,3.1160938094865216,3.002090865269396,2.8820071829670386,2.774393993103696,2.6616991840732247,2.557357270090207,2.4683819451629905,2.385255365987252,2.3060355068578655,2.2311163199271613,2.161181682117478,2.097072561526485,2.036760059923786,1.9790241221972018,1.9261305865883775,1.8772783672372517,1.831173384119242,1.7879402977465881,1.7462851086512383,1.7065007030617239,1.6705410765016735,1.6387418126274744,1.6106217398834164,1.585404687732785,1.5605410646460682,1.5341688408072958,1.5092815949582938,1.4847002022134466,1.4621841550503074,1.4417158182705492,1.42309289056404,1.4062724703524176,1.3902558182876095,1.3728597357910948,1.3564955494652884,1.3427133805113352,1.3289576165976378,1.3159370665010948,1.3036713604645032,1.2922115472338378,1.2815963478024743,1.271320865777352,1.26196977527613,1.2524609974878178,1.243802527267557,1.235805146432499,1.2279625917105466,1.2213821042726378,1.2152253497432481,1.2088925760032299,1.2032947361354474,1.1967997039291762,1.1907635270989567,1.1851176836870256,1.1797815654245416,1.1742112440365364,1.1689898914075307,1.164016484764964,1.1596015423284207,1.1551244732813108,1.1508300731089343,1.1473511188280745,1.1438101785631614,1.1401685483656658,1.1370317530933969,1.1340299639926905,1.1312687630197096,1.1285008886697434,1.1258246406643473,1.1234540315584813,1.1215209929131396,1.1194920167604594,1.1178756310370264,1.1162335731963091
b1.4,u10_s12000:ratio,1.0,1.0,1.0,1.0000000000000004,1.0000000000000009,1.0000000000000022,1.000000000000206,1.000000000000699,1.0000000000023284,1.0000000000063816,1.000000000014718,1.000000000034498,1.0000000000278426,1.0003891843423378,1.0016590271358239,1.00388082078452,1.0065502110383484,1.0095935474929514,1.013158912879697,1.0165847355127937,1.020322986436131,1.02397438328958,1.0282652745127883,1.032274699182195,1.0367174057427402,1.0409706606122446,1.0445542394754006,1.0487697931103404,1.0529827727755317,1.0575711580628546,1.0620704222528627,1.0663849541712869,1.0703651106653957,1.0751588034198263,1.079320275598059,1.0839841985125043,1.0887494027379794,1.0929935327379823,1.0970641090426472,1.1004097783558,1.1043827040644825,1.1082910157577217,1.1121045242451968,1.116042561332897,1.119464933331379,1.1218858930982731,1.124232056917041,1.1262776904378846,1.1277104675657719,1.1282012104609023,1.1276965223710858,1.127086664035763,1.1266610789139009,1.1256671347312923,1.125112981853225,1.1241156448040281,1.1227707752047311,1.1215698864467671,1.1203223690974342,1.119261476949677,1.117972842119996,1.1150471230709313,1.111662402829249,1.1084663725512693,1.1050650956143397,1.1020384624257433,1.0983958582697695,1.0944199126404364,1.090906634927681,1.087308412707698,1.0832497226756557,1.079846580200237,1.0770419760951548,1.074400138860037,1.0719804807904536,1.0688988528992915,1.0659169196206184,1.0630507047196343,1.0602015251372994,1.057807843368692,1.0550924069198742
b1.4,u10_s5000,2.489676874666306,4.57127105349692,3.054168947507699,2.8732422569108107,2.929349615436224,3.0759892083593643,3.2443514129041313,3.0951379883716843,2.9759786561613604,2.8613700895111176,2.757982383014216,2.652676033955812,2.556526549425292,2.4744342603093883,2.395557166007766,2.3238631831884082,2.254310742617725,2.183306677700906,2.124796596290693,2.069164178853966,2.0132432768355857,1.9633280299038096,1.9160953188820296,1.8745045514898642,1.833952716190621,1.7944947529963744,1.7567529487407259,1.7202901943074222,1.6856416525802485,1.6542225371106687,1.6246850315735473,1.5963257682749086,1.5700279868570073,1.5455334143560904,1.5227213453101665,1.5003669920526257,1.477665279286684,1.4568496445217263,1.4368583808811004,1.4181371812553905,1.399391720815059,1.3822138173730405,1.3668347370339398,1.3520418721168201,1.336858249556598,1.3230935861730684,1.3097947293983607,1.2971408532076603,1.2868253213686636,1.277626171956417,1.2676517647035592,1.2590208557425526,1.2501737472179997,1.2421073051023561,1.2341944521119221,1.226724381407075,1.2197609299992447,1.2134858162670772,1.206762658520916,1.201192315802825,1.1960931888025808,1.1909892056450089,1.1861288488632589,1.1816244890188674,1.1770171273942365,1.172764836457245,1.168500166818685,1.1650090024390911,1.161135034611736,1.1573265012109135,1.1537675963563252,1.150516356874984,1.1476786085155746,1.1449605587971203,1.1422780200318206,1.139733463806707,1.137520252529104,1.1351566539283673,1.1328886045566207,1.1307609197526136,1.1286804883452584
b1.4,u10_s5000:ratio,1.0,1.0,1.0,1.0,1.0,1.0000000000000009,0.9976341173063732,0.992554537004756,0.991674206259356,0.9923831603649282,0.99396541108139,0.9964506075987234,0.9995892945821052,1.002957543889675,1.0070891425662247,1.0111546037382686,1.016625537149419,1.021259424176713,1.025981609706374,1.031109334641298,1.0366027783408764,1.0421674064724407,1.047325453713393,1.0528752602705957,1.0581766895183087,1.0641529214637204,1.0700438039292939,1.0759579908345849,1.081026014401246,1.086384183091729,1.0914677240651756,1.096160447151608,1.1010082713252893,1.1054734175970737,1.110143014889407,1.1157816943057317,1.1214552415142065,1.1259124373553517,1.130498785277588,1.1342844726900079,1.1378875551226901,1.1415353260685543,1.1440475996867676,1.145559271304146,1.1467700735670499,1.147811454262348,1.1488773358627626,1.1495747289180347,1.1497440889169037,1.1501202959903858,1.1506202692641385,1.1507557895465321,1.1499106270034307,1.1487169002163515,1.1471797933993195,1.1451387966514532,1.1429984416464318,1.14039107437649,1.13753048142003,1.1343396971177802,1.1313872713541198,1.1278264765370416,1.124627569480717,1.1213056715442242,1.1175845141071146,1.1137961984156202,1.109767017799855,1.105421391854629,1.1014423981068027,1.0976347330540421,1.0936278597964568,1.0896873508486888,1.0861927535659621,1.0824734301369339,1.0787920186188629,1.0752828797419647,1.0721491611343656,1.0690287733648118,1.0660971495291784,1.0632429254717874,1.0605595857271544
b1.6,abf,2.398536154546843,4.785909700253062,4.037124020973894,3.0002935486403466,3.248902466840088,3.5436752441494876,3.854613825754739,3.7144913457517865,3.584559128920863,3.456821244656895,3.337992980990824,3.2255195282843885,3.114073738534635,3.0189054715934893,2.9206776446310245,2.8301045755904024,2.7461593688558277,2.667210800736547,2.595622264441757,2.5254269198703705,2.459824820795768,2.398865647457208,2.339418806476644,2.279456221045709,2.2269913843205273,2.1769824614929187,2.1245113649383534,2.0764320081470182,2.0321758672192636,1.9870882801256653,1.9463516635112454,1.9061713106550577,1.8678903737194625,1.8299276014025592,1.793138647061261,1.760350246014609,1.7279460144929695,1.6963241410874332,1.667471775194823,1.6397924262081716,1.612393095306062,1.5859259382417816,1.5599211865323754,1.5341168807071488,1.5105320625184675,1.4889063274320593,1.4670406484520413,1.446039881755283,1.4263984146430118,1.408174731525334,1.3901619153725921,1.37398201235389,1.3583993060955377,1.3434908102853997,1.3290812369639815,1.3154337902902942,1.3022320012653488,1.290074249729357,1.2782530507659309,1.2672218813313036,1.2565747722274212,1.2469373089843518,1.237405396829268,1.2288583933749582,1.2210105496295816,1.214176930767226,1.2074868541432797,1.201258197030553,1.1954631556942017,1.1903766120025283,1.1853232318850961,1.1812471678280994,1.1771937065502773,1.1736148188918134,1.1704939988935288,1.1678513366224315,1.1658705212663223,1.1641695340664686,1.1631527551867822,1.1617638548202116,1.1612721788148463
b1.6,campaign_abf,2.398536154546843,,,,,3.543675244149508,,,,,3.3379929943485496,,,,,2.830104545865237,,,,,2.459824913499494,,,,,2.1769822933912586,,,,,1.946351520925363,,,,,1.7603481365156202,,,,,1.6123927701941896,,,,,1.4889073956316243,,,,,1.390162358033241,,,,,1.3154347768006684,,,,,1.256568719273296,,,,,1.2141673743001116,,,,,1.1853151790885266,,,,,1.1678493486881507,,,,,1.1612906279056796
b1.6,campaign_abf:ratio,1.0,,,,,1.0000000000000102,,,,,1.0000000002993361,,,,,1.0000000000852656,,,,,0.9999999924409487,,,,,0.9999999270987925,,,,,0.9999999877255228,,,,,1.0000000517146042,,,,,0.9999999695394473,,,,,0.9999997309197848,,,,,0.9999996459543941,,,,,0.9999998872722458,,,,,0.999996120480638,,,,,0.9999998680302151,,,,,0.9999998490131419,,,,,1.0000024306033466,,,,,1.000006361203154
b1.6,campaign_fr_uniform,2.398536154546843,,,,,3.5436752441494477,,,,,3.3379929914922073,,,,,2.831948505269111,,,,,2.465525178174445,,,,,2.183247622473172,,,,,1.9574336716903307,,,,,1.773318650355676,,,,,1.6270929394890223,,,,,1.5055924198877162,,,,,1.4082271878593509,,,,,1.333546112705938,,,,,1.273907655057484,,,,,1.2295832127911295,,,,,1.1977859367854506,,,,,1.1772285694786713,,,,,1.1642393944375922
b1.6,campaign_fr_uniform:ratio,1.0,,,,,1.0000000000000073,,,,,1.0000000002410192,,,,,1.0003586073241153,,,,,1.0021936469684851,,,,,1.0045350858038307,,,,,1.0072626830948763,,,,,1.0091391645704069,,,,,1.0117065083704446,,,,,1.0137085777892478,,,,,1.0148870524624956,,,,,1.0153529808555857,,,,,1.0157275382976225,,,,,1.0135223420361053,,,,,1.010494372046361,,,,,1.007105622191243,,,,,1.0039514503159834
b1.6,u02_s12000,2.398536154546843,4.785909700253065,4.037124020973895,3.000293548640345,3.2489024668400335,3.5436752441494903,3.854613825758621,3.714491345865178,3.584559126238923,3.456821244523546,3.3379929894551896,3.2255195315071346,3.1140737382491244,3.019050282471629,2.921286260428233,2.831948520757781,2.74890927599672,2.6706128284663055,2.5999001180277483,2.5309811197251166,2.465524895481445,2.403545633080312,2.344561600186242,2.285061670522658,2.2330990516548352,2.183247875316182,2.13307731144098,2.085835299217456,2.042396807951352,1.9975901209003277,1.9574339759982475,1.9183604095754765,1.880484831301859,1.8427955808409098,1.8064464632578991,1.7733181541716698,1.740855948007589,1.709674285018711,1.6812746537457948,1.6542122825636383,1.6270911276292765,1.600887149678707,1.575340024112145,1.5499214321250683,1.526990017927064,1.5056002342160655,1.4840824432946678,1.4632125892438368,1.443863268057023,1.4258555871386989,1.408226524755223,1.3918799098019656,1.3763075358815355,1.3614920538631692,1.3470816211266825,1.3335359452592144,1.3204851654294503,1.3081013971393747,1.2958973242323424,1.2847424443189421,1.2739318483274888,1.2639155460527318,1.2539481341552186,1.2450726232334315,1.236748046736707,1.2294217115159736,1.22222341453799,1.2154683016962076,1.209047245315015,1.2033248457432202,1.1976592451201342,1.192491206920232,1.1880951806669975,1.1841099433776634,1.180241625612945,1.176920663572333,1.1740762022557518,1.1715630712635217,1.1687017962762298,1.1663925064958014,1.1643703602987934
b1.6,u02_s12000:ratio,1.0,1.0,1.0,0.9999999999999999,0.9999999999999993,1.0000000000000053,1.000000000000665,1.0000000000038816,1.0000000000200244,1.0000000000857767,1.000000000240934,1.0000000002913527,0.9999999994396492,1.0000014712787082,1.0001465692360667,1.0003586322824223,1.0006261737406104,1.0009188373694586,1.0012888103728588,1.0017678039966214,1.0021936650179697,1.0025786966278443,1.0031434637014,1.0036506294187353,1.0041550113294004,1.0045352619817018,1.0050505370994274,1.005552006790062,1.0062106729038984,1.006743346210524,1.0072630946116448,1.007613019653828,1.0079618334801252,1.0084853057116288,1.0088182694790337,1.0091390212055376,1.0097812555291288,1.010275432385914,1.0107048969085206,1.0112258432372563,1.0117065790835054,1.0120047802370933,1.012404582469167,1.0129106238463756,1.0134020411944862,1.0137079181575759,1.0140818553768245,1.0143270581137946,1.0147013195410135,1.0147759989801854,1.014890421284877,1.0149247538278807,1.0148649967434928,1.014996829565601,1.0150100446803871,1.0153482847960946,1.0155521145483144,1.0156649581618198,1.015634023602834,1.0158344748652701,1.0157381635627398,1.0154849651242515,1.0150163545546023,1.0145758310937345,1.0141045938559168,1.013649854742774,1.0133357533600686,1.0129662373275325,1.0123175761393974,1.0115870951544643,1.0108013834252931,1.0100125958056303,1.0094395773873206,1.0088337105374607,1.008096837003869,1.0074164292153514,1.006979087322331,1.0064523484359156,1.0058968035668288,1.0052131500830188,1.0044895984819502
b1.6,u02_s3000,2.398536154546843,4.785909700253065,4.037124020973895,3.0003109448613308,3.250975628994447,3.535857167682754,3.8535743630979704,3.6970966817040862,3.5609736012431332,3.442038279935168,3.3201275224301217,3.209896753910037,3.0972728928724056,3.0017913177422155,2.912249072156242,2.8221111531595726,2.7392853876862246,2.6638984132371633,2.5933369379264253,2.5259858903912757,2.4619244848972834,2.4015260708036026,2.3431466144198763,2.2858814426963607,2.234396657423948,2.184338691299775,2.134804896204822,2.0892216637121974,2.044704424497412,2.003624370942307,1.9641582857609148,1.9266406954008009,1.8886108946655624,1.8525015521972252,1.816461157237963,1.7839463371328144,1.7520538529633733,1.721256028969353,1.6925494912948738,1.6648892156904012,1.6379715364211567,1.6121406170434236,1.5871445481408868,1.562374650152742,1.539635860283935,1.5186705859165488,1.4972780171945281,1.4766616380661195,1.4576869936862593,1.4395259330804373,1.4214204568811304,1.4052193791077647,1.3897897157967158,1.3749190835195195,1.360218165376582,1.345966414167434,1.3325928566084824,1.3194087452025773,1.307472947368594,1.2960117098776482,1.284924057574419,1.2742789327324568,1.2647335174399283,1.2556295978456795,1.247057390491431,1.239359713258564,1.231812419061203,1.2247323565592916,1.2182185879807483,1.2122881307603102,1.2064307799458547,1.2009445616723045,1.1958206187977294,1.1911134311960447,1.1866837725991928,1.1824963798898154,1.1790840275520331,1.1759432992703274,1.1732574858261628,1.1708330779896627,1.1683471863972459
b1.6,u02_s3000:ratio,1.0,1.0,1.0,1.0000000000000004,0.9998953673592601,0.9970804484848466,0.9963750914282414,0.9948843070311787,0.9944874129702544,0.9948928384604296,0.9951303451482859,0.995595241464007,0.9964415252854464,0.996938700767091,0.9975620650806174,0.9980214318492994,0.9986299557690523,0.999337060577943,0.9998923926320945,1.0007073163072535,1.0015166144732124,1.0023962501510397,1.0028565646657597,1.003409328092167,1.0038529839596668,1.0048071574305228,1.005426036761131,1.0061594718066007,1.0067820868862976,1.0074264058134172,1.0079139457931987,1.0085012040103232,1.0095114193419013,1.0103764340541006,1.011021599026718,1.0118729915023468,1.0125088456677456,1.0134292693193094,1.014257669900966,1.0149129669084727,1.0157713668611195,1.016353292845674,1.0169475870479832,1.0174480536022474,1.0180334663685264,1.0185913426482123,1.0191798472631306,1.0198595176672707,1.0202587881296665,1.0204037456993855,1.0205296799842891,1.02061010523487,1.0206380933865233,1.020781473102069,1.0207702854758178,1.0208183959175818,1.0208344391297102,1.020673479785864,1.0205157537022722,1.0201549496238238,1.0198344837370048,1.0195795264514822,1.018955376644501,1.0188719070910484,1.0185160879672648,1.0181618859800454,1.017837598289304,1.017172697121142,1.0165464446752197,1.0157394117351508,1.014878958611349,1.0140945319692505,1.0131620904611953,1.012272921447472,1.0115808414248684,1.0108551743686054,1.010064188808255,1.0093010001257283,1.0081541839763943,1.0068570937131303,1.0055405315420791
b1.6,u02_s5000,2.398536154546843,4.785909700253065,4.037124020973895,3.0002935486403466,3.2489024668400694,3.543675244149485,3.843082333794442,3.708887355924754,3.57484572940125,3.454194371856131,3.330246476886491,3.220091779895224,3.1111168742470254,3.0153701706327753,2.9208837960220912,2.8319262192810433,2.748485196357773,2.6715658865983913,2.601690647876369,2.533661371241452,2.4697515154230425,2.4098644818063706,2.3522187848751885,2.2955666446181526,2.240979049382394,2.190905353830208,2.140880917765154,2.0950888261263456,2.0507603406931083,2.009574093540958,1.9682473911964231,1.927858925479057,1.8898788205875254,1.8550803692721942,1.820525356900922,1.7876544916772783,1.755568813421319,1.7252074665454546,1.6970458412239782,1.669839122006367,1.6426400874064637,1.6163139952788956,1.5912324432114333,1.566720686500033,1.5445177920712105,1.521934055524345,1.5007414314719947,1.4807518470884884,1.461805676650268,1.4432527266152175,1.4253103948612194,1.4076800502449045,1.3918617502956185,1.3757858317779537,1.3603457906313805,1.3467350845298638,1.332953458006525,1.319810318780601,1.3073587701466503,1.2954235807265015,1.2844640180169407,1.2742757508859706,1.265112740446345,1.256347313856883,1.247955512807081,1.2400315409752602,1.2323634494164248,1.2252804793274803,1.2191655658085772,1.2133967518069,1.207642716873826,1.202122643299759,1.19701609762935,1.192903793250502,1.1890295409892186,1.1849960696500794,1.1812877884607689,1.17790328454761,1.1745798182944007,1.1716464613695226,1.169011865060622
b1.6,u02_s5000:ratio,1.0,1.0,1.0,1.0,1.0,1.0000000000000082,0.9987977881255639,0.9986685250748542,0.9982259234636142,0.9981662445105182,0.9984293952214787,0.9988367962258635,0.999367029294993,0.9998060152547609,1.0005070487004448,1.001074764890085,1.0019975754470707,1.0025384538105517,1.0032137253886386,1.0040178296512163,1.0047253574219237,1.0052282620533803,1.0060239612902158,1.0065215926709068,1.0071142433705782,1.0075485967284261,1.007921973451771,1.0086169677597225,1.009331695580007,1.009924038438779,1.0103995048581238,1.0110477411372731,1.0117063297153912,1.012296337255927,1.0127484774936928,1.0131267639343795,1.013407836022913,1.0139539442499232,1.014606897736154,1.0150424973886625,1.0157972939770825,1.016416187358612,1.0168655846219188,1.0173184726492175,1.0175444612166444,1.0178049208152644,1.01809772221661,1.0183997291219806,1.0187609827901316,1.019031729519635,1.0191623202703965,1.0192050886886177,1.0191767073847269,1.0190998926865253,1.0190604983393845,1.0189406172687088,1.0188062702968703,1.0187174409224036,1.0183098171535616,1.0178663567108708,1.0174109348591682,1.0171159723176917,1.0167556558343875,1.0164527699213908,1.0162348776156702,1.015994729816768,1.015724061612705,1.0153287852131219,1.014999156369242,1.0143534129875893,1.0134975579374956,1.0126807487602816,1.0117945790168494,1.0108584585057594,1.009784462774844,1.0089841575196092,1.008268946229172,1.0075379715746426,1.0068629410884917,1.006168018978753,1.0054308196286934
b1.6,u02_s8000,2.398536154546843,4.7859097002530655,4.037124020973893,3.000293548640346,3.248902466840029,3.5436752441494894,3.854613825753856,3.7144913459168203,3.58455912579673,3.457135417255974,3.338576559349687,3.2276984588412865,3.1163633406833737,3.0223316718174322,2.9235583322269365,2.835344674962033,2.752302756262967,2.675281887822105,2.605232612444179,2.5363546802861983,2.471365267140602,2.4111705853334864,2.355264001715504,2.299547046451439,2.244950792803884,2.1946027344947954,2.1442243789969044,2.0997376605906446,2.0557956030125615,2.014589421207523,1.973351050663657,1.932780536031592,1.8945193270888994,1.859755655711894,1.824941517433585,1.7910956743922333,1.7583572442934146,1.7261726084745608,1.6966479521668443,1.667540361398193,1.640379953676911,1.613276351103683,1.5879171136526717,1.563210797297756,1.5392044681656785,1.5158652408517084,1.4936799124344318,1.4724499975517338,1.4519573880861425,1.4326157970694724,1.414898283757077,1.3984715643633134,1.3826543466067713,1.3675120891411758,1.3520528222217387,1.338426248271804,1.324696017702308,1.3116481584432842,1.2992465736897747,1.287279945803081,1.27583658699815,1.2658927686503971,1.256488903717276,1.247835515191424,1.239610651336436,1.231947614250335,1.2246100617895044,1.2179609962866427,1.212007657237871,1.2065235197843065,1.2011989155822556,1.196442309241847,1.1915094224811402,1.1869129168624037,1.182845819277435,1.1791896426957145,1.1758915308621394,1.1737386524796172,1.1716193700131179,1.1697170810587656,1.1678859658183747
b1.6,u02_s8000:ratio,1.0,1.0,1.0,1.0,1.0,1.0000000000000089,1.0000000000004858,1.0000000000025837,1.0000000000118718,1.0001057744821344,1.0002705855934713,1.0005359522983208,1.000992147052132,1.0012181291070856,1.0019578173031842,1.0025895778467417,1.0032255405187898,1.0037088668961105,1.0041684849789858,1.0047734167563136,1.0054526245395665,1.006090451517962,1.0068168432046498,1.007632158809701,1.0084595103609484,1.0091758340562684,1.0096656684786751,1.0104722159144968,1.0107771362273312,1.011413744738956,1.012165499238312,1.01268114229276,1.012966228278628,1.0133407697338415,1.0138326518486471,1.0141222953836637,1.0145041906162064,1.0150427676419758,1.0153096534177104,1.0154901903503601,1.0156805403445954,1.0161967956006719,1.0164688854740294,1.0165556762626036,1.0166354599953658,1.016930279740935,1.0170023752859705,1.0174080128970493,1.0176872848135892,1.0179779614254425,1.0181275793781004,1.018305765304218,1.0185443684943207,1.0186273317723578,1.0187231026288923,1.018752492606834,1.0187094361565512,1.0185758172745354,1.018499917024475,1.0185391327953732,1.0185018084087718,1.018390301356653,1.018228266982351,1.0179661293898268,1.0174188894321672,1.0169750552470727,1.0167415588756539,1.0163071368884384,1.015570506098053,1.0148436980905151,1.0140766051285133,1.0133607587838198,1.012537157415868,1.0113616736648154,1.0102796502830322,1.0093671881143234,1.0085175138695075,1.008008556705154,1.006956132759304,1.0059874688720756,1.005095284373762
b1.6,u10_s12000,2.398536154546843,4.785909700253066,4.037124020973895,3.0002935486403453,3.2489024668401343,3.543675244149492,3.8546138257770917,3.7144913458958273,3.584559131245241,3.456821244924922,3.337992990643336,3.225519468847409,3.114073697209059,3.0196066911826716,2.9241482642237546,2.8366032443437126,2.7559540977076145,2.6819488313625364,2.6143230130650212,2.5487351050324705,2.487052787792346,2.432506336292736,2.382785196384969,2.332193376578772,2.2883159524144467,2.246768292065706,2.2040775225353313,2.1638504916746335,2.125259651912234,2.0883374491882174,2.0533204394355016,2.018595973235737,1.987666211984711,1.9592344896097167,1.9309104577941971,1.9039639694796668,1.8784494794640803,1.8538152016155385,1.830317293894941,1.8053329854045503,1.783160853972167,1.7605971087258327,1.7401200078960155,1.7198443533256933,1.7006741154676144,1.6818573523565412,1.6640374844430819,1.6473478076004235,1.630564004162765,1.6150873628026086,1.600075947071703,1.5867279657421962,1.573333385958155,1.5612149563232138,1.5501274727316157,1.539331082480269,1.5298594106711625,1.5213886856900862,1.5119959592568815,1.5032870968557575,1.4953563901464406,1.4873585500012614,1.4805451189751504,1.4735950186863356,1.4670207163043196,1.4607948230257803,1.454781298058827,1.4486707620823318,1.4429463567695486,1.437971004191465,1.432721695069462,1.4270184271882707,1.4220067135139633,1.4171478734111231,1.4128862894836103,1.408965543145095,1.405359602911056,1.4021689096004477,1.3986806943349288,1.395275379610471,1.391995253679501
b1.6,u10_s12000:ratio,1.0,1.0,1.0,1.0000000000000002,1.0000000000000002,1.0000000000000118,1.0000000000016387,1.00000000001034,1.000000000048802,1.0000000000617213,1.0000000002639224,1.000000000142423,1.000000000393781,1.0002322808926567,1.0014251908711989,1.0030978377173965,1.0049173126830921,1.006757221594261,1.0089173640485498,1.0117631958219588,1.0145983927723923,1.0175464589656373,1.0205573731271433,1.0239133619330798,1.0277135130647972,1.031183394576915,1.034310286004239,1.0379290239436965,1.0414403203390972,1.0448429990783792,1.0487446984010143,1.0521581553557526,1.0564395383461722,1.0609260170981087,1.065372566913339,1.0704848446019286,1.0757182169212152,1.0804833728223255,1.0855963654108403,1.0903400247946586,1.095548351930332,1.1009298580255336,1.1061525042227995,1.111206646676581,1.1164953934523052,1.1219677016337362,1.1271374262154201,1.1326283141930893,1.1373807525433755,1.1421600229317366,1.147358154714583,1.1531160232528057,1.1591562725492643,1.1636858728475779,1.1683838070982429,1.1731536223075372,1.1770493517258231,1.1809683458926883,1.1842812043341433,1.1867924664699148,1.1891969493099972,1.1914910635620082,1.193374723565559,1.1950692441367659,1.1967422711891855,1.1983678052265483,1.1996302196863193,1.2006324113571334,1.2012220186948332,1.2015859799553488,1.2016967242576233,1.201562616370115,1.201381349580964,1.2009820000668912,1.2000082998016475,1.1990395838517423,1.1978024866797319,1.196406521334631,1.1959536183780948,1.1954914132214896,1.1947899709635
b1.6,u10_s5000,2.398536154546843,4.785909700253065,4.037124020973897,3.0002935486403457,3.248902466840052,3.5436772837296067,3.8363436694261397,3.6792796159638543,3.5530709682455024,3.423212864201283,3.3101440164471994,3.204252922669345,3.099288478671581,3.001300489702545,2.91921226833668,2.8399791727410406,2.7622649998908715,2.6938846133375773,2.6318151953069853,2.57050905797575,2.513979005324546,2.4602957204555937,2.410578636210883,2.363540967520085,2.318372471764989,2.2729469995605642,2.23170443877994,2.191704348381559,2.1518201347732395,2.115451276633615,2.080971221529344,2.050048269226632,2.0197716061139523,1.9926661095233347,1.9649026932780789,1.9373132298028481,1.9113594474115634,1.886188284244971,1.8623695618205311,1.8398878593067436,1.817980749089016,1.7967982162232938,1.7769938031212498,1.757638994396105,1.7402703932308259,1.7230624595968496,1.7068322744499422,1.6911412485504336,1.6761885350878218,1.6613139146571876,1.6471739185721241,1.634014485555915,1.621362339202062,1.6091338673123008,1.5970189246226691,1.5860466222877103,1.5750637373079923,1.5647213291123079,1.5545151192490554,1.5449271530306046,1.5354109274597434,1.5273746418102374,1.5199225152530116,1.5126086209912362,1.5052550218593226,1.4986887608310333,1.4921482894257383,1.4853516038607337,1.4794232081467946,1.4734236543929646,1.467548244784696,1.4623282998616565,1.4574736130177657,1.4529842694214166,1.4487117163720227,1.4444352666285716,1.4406215730765366,1.4368490937577165,1.4328764332825,1.4291817602736208,1.425178374278389
b1.6,u10_s5000:ratio,1.0,1.0,0.9999999999999999,0.9999999999999998,0.9999999999999999,1.0000000000000204,0.9910133242652859,0.9918349889369058,0.9908078531530534,0.991086870763057,0.9922410310337353,0.9941556983038013,0.9961428205660807,0.9987977077772932,1.0009969286393,1.0038474478497057,1.0069100055489908,1.0106626729147186,1.014835242849758,1.0196093591313304,1.0235407337856,1.0269040730980095,1.0304085170496298,1.0346557059458703,1.039099918799621,1.0434743904890897,1.0483075832295912,1.0530006881619247,1.0570406516187552,1.0608131809987975,1.0655413874162845,1.0704863038551136,1.0754360797725568,1.081085803703089,1.0871420622568644,1.0930212749478114,1.0992056280887874,1.1049374333327684,1.110875677185837,1.1168768571800567,1.123268475915893,1.1290985450066158,1.1352627068443897,1.1411081404740628,1.1474000224095486,1.1542946584286629,1.160836393838938,1.1672648612982999,1.1732984367175205,1.1792713808356345,1.1852762953839653,1.1915194687409982,1.1973075684596104,1.2028024209760064,1.2079678142589398,1.2128070557490835,1.2169944630990264,1.2201407093636067,1.223463551010585,1.225678727354706,1.2283287877453852,1.2301402653177802,1.2319340624452568,1.2334567428394072,1.2344536302917875,1.2348933314728816,1.2350814223919921,1.2353318665435822,1.2347543979999314,1.2342038922341938,1.2331857977988168,1.2322432108425017,1.2321947254153522,1.2317110433609173,1.2308245438755312,1.2303110669284534,1.2293503295818367,1.2287069730090123,1.2278543677718838,1.2270389339765702,1.2258216543031337
