seed,t,e_F,e_F_full,e_Fprime
5300,0.0,2.9066038639870517,5.408116675855963,6.564657815288973
5300,1.0,0.6828159690128623,0.7379677026703048,1.7360421334220675
5300,2.0,0.6451243778193351,0.6991405776129974,1.6721785808292182
5300,3.0,0.6072803969023522,0.6456954073802775,1.6060490866955248
5300,4.0,0.577855691099376,0.6092821465980229,1.5541628218967865
5300,5.0,0.5509857458895484,0.5840511600150554,1.4952626144623289
5300,6.0,0.5256392068549764,0.5537724532152616,1.4403799451478438
5300,7.0,0.5096236848455702,0.5318132209038535,1.402728381560446
5300,8.0,0.4931652189607064,0.5070321886228722,1.35775849054026
5300,9.0,0.48133521195315954,0.48872269197120205,1.3264798914551663
5300,10.0,0.4676373649462982,0.4740913583493772,1.2946394285907308
5300,11.0,0.45511740294043324,0.45920768211842783,1.263543692375473
5300,12.0,0.4465387509050486,0.4482151567210589,1.241904113409007
5300,13.0,0.43520339181819395,0.43556958443107174,1.212346284226579
5300,14.0,0.4227664318883745,0.42155512895275665,1.1778235041900793
5300,15.0,0.41396846026691936,0.410998266308306,1.1537986378005416
5300,16.0,0.40764312721645896,0.40121636686145334,1.1326289847689268
5300,17.0,0.4025671318743569,0.39425747008664164,1.1172748719896421
5300,18.0,0.39789560210351976,0.3875378260870664,1.1009840648735278
5300,19.0,0.39054004464565745,0.37824735783786423,1.0788369294896836
5300,20.0,0.38389261967517735,0.3708950054061025,1.0621068601373267
5300,21.0,0.3772241622805442,0.3639782477772427,1.0463991042957197
5300,22.0,0.37182610340047184,0.35767181307426205,1.0298703400932685
5300,23.0,0.36668710293775664,0.3521998005756161,1.0191936177339838
5300,24.0,0.3629718012879376,0.34755183171051035,1.0104739518384533
5300,25.0,0.36104509310341154,0.34416059871190335,1.001871235969712
5300,26.0,0.357175641227564,0.3395278950094763,0.9892886278068614
5300,27.0,0.354319824302679,0.336292967563065,0.9817464320510171
5300,28.0,0.35090587904769077,0.3323084069244128,0.9719813965341676
5300,29.0,0.34688102865723885,0.3281331055413506,0.9633783646039303
5300,30.0,0.345666303099969,0.32563556529550375,0.9582723891572935
5300,31.0,0.3433180511410682,0.32269165247780274,0.9525250182460272
5300,32.0,0.34180106138818867,0.320236011936872,0.9462860162808904
5300,33.0,0.34048750662119076,0.31798802910955454,0.9411220566573525
5300,34.0,0.3384949806724649,0.3158083819358263,0.9369784368586598
5300,35.0,0.33688086114597887,0.31402716631945954,0.93397725026725
5300,36.0,0.3350385415016664,0.31179330776857084,0.927959822901026
5300,37.0,0.3331416759568598,0.3097995465630823,0.9228199602468025
5300,38.0,0.3320256200277818,0.3084362276800605,0.9223296255401482
5300,39.0,0.33176789757232905,0.30759999788813835,0.9219795802522145
5300,40.0,0.3301994693494704,0.30561075642025515,0.9170264318901975
5300,41.0,0.3303024154848231,0.30511814043870955,0.9165871623899826
5300,42.0,0.32928624884043217,0.30365811972894696,0.912820532736348
5300,43.0,0.32940937808880905,0.3033506388591936,0.9128365257183036
5300,44.0,0.33002521253830963,0.3035308123780667,0.9134249290303526
5300,45.0,0.3311861128206978,0.3041917010831503,0.9150624803605393
5300,46.0,0.33194389839267985,0.304603267051913,0.9154924303769515
5300,47.0,0.3336603831949976,0.30601620456136475,0.9200129522184689
5300,48.0,0.33642391209223327,0.3083132562360584,0.9244584211405504
5300,49.0,0.33758009949407913,0.30938603490483885,0.9275608791680754
5300,50.0,0.338448257648901,0.31013344448481056,0.9295989649358214
5300,51.0,0.33845759089202104,0.31007740201490125,0.9295286483351253
5300,52.0,0.33956407054437204,0.31105686246065156,0.9321160587074094
5300,53.0,0.3411950555098923,0.3123501640144373,0.9350073543687328
5300,54.0,0.3406983939726812,0.31178651903648036,0.9333992756489528
5300,55.0,0.34168368789676384,0.312618198521846,0.9352379668530901
5300,56.0,0.34254184197583,0.3133070615200898,0.9369163721161843
5300,57.0,0.34356578706753294,0.31418355067894616,0.9392340901827403
5300,58.0,0.34412054333490016,0.31465337400504223,0.939838515971899
5300,59.0,0.34444589520319546,0.31490499729232574,0.9401533589282615
5300,60.0,0.34483467713042404,0.3151847402690326,0.9395014570424459
5300,61.0,0.34505433663312796,0.31536407071567346,0.939936399551802
5300,62.0,0.3449849311835441,0.31529134252230095,0.9403142023930182
5300,63.0,0.3453139438952,0.31557554977801666,0.9410358311486061
5300,64.0,0.346164702101742,0.3163386357905041,0.942802109843431
5300,65.0,0.3471527915425916,0.31723419306166023,0.944574049419899
5300,66.0,0.34867979564581114,0.3185834700454375,0.9471569774804249
5300,67.0,0.34992532692065553,0.31969074946072523,0.9499088648048851
5300,68.0,0.3514101633523171,0.3210519869794609,0.9528895607150993
5300,69.0,0.35235604106734364,0.32193285087550283,0.9549079231265942
5300,70.0,0.3535316809874302,0.32303506390282016,0.9574122967218689
5300,71.0,0.35426690264268873,0.3237346332765054,0.9596746807887809
5300,72.0,0.35479104012727936,0.32427299765847306,0.9615309302195788
5300,73.0,0.355380697929649,0.3248112728651527,0.9621614757756751
5300,74.0,0.35591627599853043,0.3253071475569511,0.9631020352464581
5300,75.0,0.35701476066672416,0.3262993560493446,0.9649626188038393
5300,76.0,0.35842350341556745,0.32759658426793076,0.9671295467197641
5300,77.0,0.35964544482452526,0.3287367080175224,0.9690987364590441
5300,78.0,0.36035227333751846,0.32941172687467674,0.9701439888145512
5300,79.0,0.36143077005111607,0.3304568613485586,0.9722496231851283
5300,80.0,0.3618562549137447,0.3308875200990866,0.9730363401825929
5300,81.0,0.3623979362048639,0.3314448560223011,0.9742868430459241
5300,82.0,0.36319050824826393,0.33223453829555755,0.975749462180358
5300,83.0,0.36362784846807905,0.3326938907390085,0.9768802774007052
5300,84.0,0.3640148175229569,0.33307985037352594,0.9779539672757984
5300,85.0,0.3644373694268953,0.3335046509497603,0.9785387882521354
5300,86.0,0.3650728850819872,0.3341578482701477,0.9802102865601393
5300,87.0,0.36589416099800787,0.33499217646148793,0.9819491174251488
5300,88.0,0.3666082131214427,0.3357140740888454,0.982745772139361
5300,89.0,0.3671514323380121,0.33626250001508673,0.9833657119672002
5300,90.0,0.3671150585760028,0.3362586536021344,0.9833095785738809
5300,91.0,0.36759935474924355,0.3367654282522813,0.9838531505942858
5300,92.0,0.36762904791695455,0.33683801941369534,0.9839202816853273
5300,93.0,0.36777954019078374,0.3370019317432267,0.9844137813959462
5300,94.0,0.368075226698957,0.33731943498809774,0.984917274242739
5300,95.0,0.36819768657469293,0.3374746165750824,0.9851013423712145
5300,96.0,0.3681402939689173,0.3374757850275792,0.9851826636629636
5300,97.0,0.36805175193421263,0.33743884349374714,0.9852409109451641
5300,98.0,0.3675212738383766,0.3369843976937535,0.9845144201120428
5300,99.0,0.36732230711733066,0.33683329025278685,0.98398945948837
5300,100.0,0.36683814544885124,0.33639034432123205,0.983279212594369
5301,0.0,2.9066038639870517,5.408116675855963,6.564657815288973
5301,1.0,0.6180565872405771,0.6822911563840067,1.6255139706627875
5301,2.0,0.5846350415767261,0.6258980846712783,1.5476395988295129
5301,3.0,0.5510322267806512,0.5807583543315948,1.4655615425354664
5301,4.0,0.5235518650224829,0.546485677963162,1.3958289074950987
5301,5.0,0.5006356555985697,0.5203621970490476,1.338379851372607
5301,6.0,0.47501041786065634,0.496763129112814,1.2912697629587104
5301,7.0,0.46254979401134316,0.4792631843240382,1.2482797115720876
5301,8.0,0.4526941514339765,0.46400111017885237,1.2122948708436956
5301,9.0,0.4390555316486853,0.4470540415831596,1.1699420785543277
5301,10.0,0.4202703027016798,0.42802882398778525,1.1289398760457168
5301,11.0,0.4049186470649182,0.4137627788140445,1.1010689949478973
5301,12.0,0.39221862365082083,0.40173963782089,1.0756711274448008
5301,13.0,0.38165907222198275,0.3906719011971508,1.0504346208268216
5301,14.0,0.3754764407177131,0.38251032589149253,1.0314512723930835
5301,15.0,0.3697784682986403,0.3755500027788823,1.014891465727011
5301,16.0,0.36110665975576395,0.36598697678941067,0.9924837362294613
5301,17.0,0.3534586708474182,0.3568560096079797,0.9705807076999706
5301,18.0,0.3495611063747143,0.3498290688090543,0.9551938147097998
5301,19.0,0.3390418202506186,0.33882216689153993,0.9294355769693106
5301,20.0,0.33226187478856395,0.330787423888087,0.9126002150954052
5301,21.0,0.3270557496006556,0.3241795645448502,0.8989213100070397
5301,22.0,0.3177194035552,0.31523586775000473,0.8808413525979082
5301,23.0,0.3112686220832875,0.3074147338474974,0.8644490133218754
5301,24.0,0.3048339246930208,0.30079655771961006,0.8503151007115367
5301,25.0,0.29884959985460313,0.29360991028701927,0.8351612321748787
5301,26.0,0.29370442391544205,0.2869889473381087,0.8149355149668066
5301,27.0,0.290190987079927,0.2819284140921745,0.8011144448003731
5301,28.0,0.28908143966419914,0.279087912496128,0.7952720044143259
5301,29.0,0.2875020143065837,0.27643186711652973,0.7904311660060664
5301,30.0,0.2849973187279523,0.27281780199371913,0.7806592053124111
5301,31.0,0.2815072948840858,0.26880943935831986,0.7705269256069279
5301,32.0,0.28008972172456653,0.26622019326641977,0.764192383789671
5301,33.0,0.2758201370830743,0.2618339863537809,0.75444218777848
5301,34.0,0.2724878533258694,0.2577709574710758,0.7437550764965113
5301,35.0,0.26991509002598946,0.25431917756861266,0.7334492873583653
5301,36.0,0.26851706873618436,0.25194577051652745,0.7270188853355503
5301,37.0,0.2682358127612002,0.25099254242318725,0.7236845995555218
5301,38.0,0.2671256853659579,0.2495103835220158,0.7212477625875805
5301,39.0,0.26726131302168726,0.249035132859505,0.7202413003500988
5301,40.0,0.26847565385883004,0.24939346296073633,0.7204128413451278
5301,41.0,0.2694215162523601,0.24974569063924199,0.7217531375097351
5301,42.0,0.2688805627743546,0.2491041243049642,0.7233080406886556
5301,43.0,0.269269651064368,0.24905921491541208,0.7257259146461272
5301,44.0,0.270990537842533,0.2501653259226922,0.7301749515862213
5301,45.0,0.2733213239821104,0.2518202096885387,0.7311283695802633
5301,46.0,0.2761576213030447,0.25401160902091957,0.7341475205474421
5301,47.0,0.27680795598760066,0.25438779661210326,0.7339839412035374
5301,48.0,0.27816907613051056,0.2553545016275089,0.7353929656111866
5301,49.0,0.2780423705734854,0.2550289608285792,0.7355971410831813
5301,50.0,0.2775917468024653,0.25442209597806303,0.734463722751117
5301,51.0,0.2784469555763562,0.25502443891697146,0.7365216070519497
5301,52.0,0.27867029052934134,0.2551213162133223,0.737051641529506
5301,53.0,0.27957865160043494,0.2558482715136332,0.7383363162544626
5301,54.0,0.2807017670479013,0.256760233539731,0.7412280720748666
5301,55.0,0.28365603440874254,0.2593458466264844,0.7467574791571701
5301,56.0,0.2849323735827782,0.2604127008609894,0.7510971272114959
5301,57.0,0.28483310991689936,0.26024561742858426,0.7519386713898203
5301,58.0,0.2848293504802241,0.26018771027610854,0.7530885758707336
5301,59.0,0.2859132331883153,0.2611513692865861,0.7551103452598722
5301,60.0,0.28841216938711944,0.26344127806915885,0.7589786901914121
5301,61.0,0.2894765010082259,0.2643727868859836,0.7618913747683639
5301,62.0,0.29078624369070855,0.26554183709107326,0.7645859778288605
5301,63.0,0.29176758572133293,0.26642899834671874,0.7659839905585357
5301,64.0,0.29381761010526336,0.26832256565055085,0.768948405881498
5301,65.0,0.2944662723958879,0.2688809727218313,0.7710245369466868
5301,66.0,0.29462639914581445,0.2689849038284664,0.7731821397721679
5301,67.0,0.2953259752581418,0.2696124443848648,0.7755559982487897
5301,68.0,0.2967215650352332,0.27086150973673445,0.7800994047959472
5301,69.0,0.2968991521154074,0.27101356088738465,0.7811264616144173
5301,70.0,0.2980060768678078,0.2720551394061348,0.7842256313429631
5301,71.0,0.29921709379320377,0.27322457129515626,0.7868612474340018
5301,72.0,0.3003763298146366,0.2743403929458083,0.7892919268395637
5301,73.0,0.30045978916459837,0.2744212987959216,0.7914130182860027
5301,74.0,0.3004031483911361,0.27437203274593963,0.7924129771893231
5301,75.0,0.30079587629332194,0.2747515784951595,0.7941304603139563
5301,76.0,0.30184457431791545,0.2757884785710664,0.796281904755541
5301,77.0,0.3037039336062686,0.2776038927955137,0.7992373907886384
5301,78.0,0.30434464889665924,0.27823940987283896,0.8004835428900645
5301,79.0,0.30515151342225244,0.2790207329053804,0.8023163862294558
5301,80.0,0.30555387265679934,0.27942258216146093,0.8032875157802332
5301,81.0,0.30550613333951937,0.27936821785252647,0.8048054892442114
5301,82.0,0.3062249346491193,0.2800215570191551,0.8080050811820055
5301,83.0,0.3070780508527705,0.2808373570446776,0.8104257336750212
5301,84.0,0.3080017498893219,0.28177098656095073,0.81244217490157
5301,85.0,0.3087111822848234,0.2824840102161889,0.8143081751029453
5301,86.0,0.3096452683205409,0.2834335486419495,0.8158713515940825
5301,87.0,0.31001329973800507,0.28385586354640463,0.8166568179117334
5301,88.0,0.31120258948364476,0.28503926352662806,0.8183795862251049
5301,89.0,0.31167234680937506,0.28549667043677807,0.8196720335220776
5301,90.0,0.3122842915301647,0.28611834876529935,0.8213316161119347
5301,91.0,0.31256846617437295,0.2864683768763504,0.8218400632972631
5301,92.0,0.31256834274891787,0.28653019061306156,0.822104130814884
5301,93.0,0.3130911127649681,0.28710263642846306,0.8228462930373449
5301,94.0,0.31328049803768326,0.2873481287100795,0.8230558092683294
5301,95.0,0.3138235253585107,0.28797640271356056,0.8238064055724295
5301,96.0,0.3139451967331986,0.2881808248462526,0.8240732785597815
5301,97.0,0.31392996398798334,0.2881950268890541,0.8247975371541685
5301,98.0,0.31429519743008283,0.288634278365182,0.8254665786794416
5301,99.0,0.31468457786978565,0.2890983023689108,0.8258306771827512
5301,100.0,0.31501429591918384,0.28951529039561247,0.8264057438617265
5302,0.0,2.9066038639870517,5.408116675855963,6.564657815288973
5302,1.0,0.6286553649465428,0.6969152359412304,1.6265074533514592
5302,2.0,0.5875229257611074,0.6374629894046531,1.5037136431284512
5302,3.0,0.5616171798412196,0.5940459270883411,1.3892971617467549
5302,4.0,0.5407981969869892,0.5671111694559705,1.324550216291646
5302,5.0,0.5292034173516506,0.548176974112528,1.280291213430146
5302,6.0,0.5094129528021322,0.5223007913008416,1.2278756191648135
5302,7.0,0.4915288536518283,0.4992976502021201,1.1790938498412498
5302,8.0,0.4781494764130347,0.4815533190518474,1.1406648250168199
5302,9.0,0.4726006477756319,0.47230961749070155,1.1113295520380286
5302,10.0,0.46210536703827165,0.4583311890847508,1.0856361661412133
5302,11.0,0.45474877849411266,0.44728234577102766,1.0581824522756718
5302,12.0,0.4513786370821079,0.4411445049348694,1.033620351627574
5302,13.0,0.45029025529166605,0.43609962736851193,1.0128582495352925
5302,14.0,0.4421619357522785,0.426151113653421,0.9899812735612582
5302,15.0,0.43186696431650096,0.4149721754402623,0.9658107067604741
5302,16.0,0.4229647520503903,0.4054966947991192,0.9470865784860961
5302,17.0,0.4184834850974571,0.3996097788042333,0.9283822012478409
5302,18.0,0.4141759820993304,0.3938995536400014,0.90495709551743
5302,19.0,0.4092835478758695,0.3877454864698038,0.8902755769426165
5302,20.0,0.4050755717870678,0.3829092510322806,0.8756954800687524
5302,21.0,0.40775760962154267,0.38425895194252724,0.8667258993847251
5302,22.0,0.4113415811617356,0.38679718649390554,0.862729803821262
5302,23.0,0.41134258513636374,0.3861479297936335,0.8565185968770195
5302,24.0,0.4108715493714464,0.3851423145157066,0.8544803234104145
5302,25.0,0.4094280084973169,0.3830656701616781,0.853980739136434
5302,26.0,0.41005745471148214,0.38324918220642296,0.852806871359403
5302,27.0,0.410869911443543,0.38369967660510435,0.8504882018681866
5302,28.0,0.40954128235917714,0.3820727207087942,0.8494249021477533
5302,29.0,0.4103438466022494,0.3824861575594045,0.8516746396556931
5302,30.0,0.41065494459576574,0.3825056316386549,0.8550763062486523
5302,31.0,0.4076446777787154,0.3795389818952331,0.8526066156480416
5302,32.0,0.40607824539430937,0.3778117641626179,0.8518287682001673
5302,33.0,0.4051479706627676,0.3767008009091085,0.8524692414777256
5302,34.0,0.40514174389292185,0.37651468353634415,0.8525402788477371
5302,35.0,0.40512764476518437,0.3763638593202261,0.8538222837314572
5302,36.0,0.4041078126649849,0.3753062397309677,0.8548921511496917
5302,37.0,0.40320140420295664,0.3744076208362763,0.8557218712919857
5302,38.0,0.40157885674604343,0.37287880200422313,0.8541793834747093
5302,39.0,0.40111996476402767,0.37260465165986195,0.8546105387288458
5302,40.0,0.403447145652003,0.3748935554020475,0.8589054833763577
5302,41.0,0.4033262516596999,0.37480563995929583,0.8602113356786378
5302,42.0,0.4031420072587462,0.3747448494070824,0.8612109076538482
5302,43.0,0.4026421427593966,0.37430505032381256,0.8627612705845602
5302,44.0,0.4022148734533276,0.3741202062298556,0.8609519263085932
5302,45.0,0.4024527054501376,0.37454406644933147,0.8606231708971024
5302,46.0,0.4025726573125271,0.37493550035268525,0.859875061827361
5302,47.0,0.4042879736163281,0.37675465837738825,0.863085439728672
5302,48.0,0.40544442177118484,0.37811007460069085,0.864391077655294
5302,49.0,0.407192602700747,0.38005736436057774,0.866415319290127
5302,50.0,0.4081800803680004,0.38125921439736415,0.8677332606668812
5302,51.0,0.4068493360304531,0.38001029418638366,0.8683072368229708
5302,52.0,0.40649357316861523,0.37975636588873285,0.8697385252081706
5302,53.0,0.4060060870698154,0.3794443865357023,0.8698652670120703
5302,54.0,0.4067024416121481,0.3803479820198953,0.8714175499681777
5302,55.0,0.40738768764213695,0.3811754146195858,0.8736018584274553
5302,56.0,0.4086952124744222,0.3824786995269556,0.8767402271491833
5302,57.0,0.40910920588773925,0.38303268056420975,0.8775990836068656
5302,58.0,0.41021631487228144,0.38437337240095926,0.8791676139712309
5302,59.0,0.40934648759340125,0.3836932612747599,0.8784420298638241
5302,60.0,0.408958380893181,0.38343360658790426,0.8792088577210057
5302,61.0,0.41046484800762806,0.38505243432899633,0.8803468861397035
5302,62.0,0.41057519106825835,0.38524849713818443,0.8814263353230857
5302,63.0,0.41011249499054075,0.3846620082341721,0.8820098389776927
5302,64.0,0.40991099447273416,0.38448644188817765,0.8826756677324367
5302,65.0,0.40881742531254406,0.38345237545258254,0.8818410099869869
5302,66.0,0.4095144661323589,0.3842625124613384,0.883543702680496
5302,67.0,0.4108252655546028,0.3857487288912245,0.8856297834639535
5302,68.0,0.4132809356734194,0.38822538647181665,0.8886742519893169
5302,69.0,0.41359383476989137,0.3884856631993283,0.8905607631955115
5302,70.0,0.41439665941703857,0.38930517526378844,0.8923720133004243
5302,71.0,0.4150821144386218,0.3900500651151225,0.8936914754121474
5302,72.0,0.41535222831987045,0.39029522356067026,0.8954587606397462
5302,73.0,0.4152645031572668,0.3901356113779957,0.8974960626036386
5302,74.0,0.4154975683373706,0.39037525888062397,0.8983743303671171
5302,75.0,0.41492698331637246,0.3897734595171368,0.8984189493204454
5302,76.0,0.4155726394752958,0.3903902512664077,0.8995937573552273
5302,77.0,0.4155407740967881,0.39039950866285883,0.9007937077514505
5302,78.0,0.41633632506520274,0.39121613271583555,0.9024088234207757
5302,79.0,0.4163090183060312,0.3911807377400506,0.9035928252771651
5302,80.0,0.4158029531789267,0.3906660459420662,0.90384767202462
5302,81.0,0.41577116826104216,0.3906031537131453,0.9051513298297202
5302,82.0,0.4165457624749063,0.39146350295414284,0.9066844117223586
5302,83.0,0.4165458168810098,0.39145321526347854,0.9073829344777977
5302,84.0,0.4160657031538623,0.39096805637101595,0.9079052033380955
5302,85.0,0.4164255968111583,0.39138516347158203,0.9081071938047186
5302,86.0,0.4165977832663913,0.3915690838748278,0.9089781656814112
5302,87.0,0.4154898615354378,0.39048536534197664,0.9093292544117735
5302,88.0,0.41568380029491897,0.3907519768925256,0.9100503880604074
5302,89.0,0.41556354263796413,0.39071732128612713,0.9108889907430924
5302,90.0,0.41605064502121375,0.391342665320903,0.9111950739347848
5302,91.0,0.4157899332591415,0.39120948608620776,0.9111632402101552
5302,92.0,0.4166410949885491,0.39219071374116,0.9123129520622896
5302,93.0,0.4170533188387907,0.3927681891809748,0.9129788347721148
5302,94.0,0.41735867874525434,0.393227562483565,0.9135055068425424
5302,95.0,0.41726386113674613,0.39324183950749747,0.9138356404745923
5302,96.0,0.4171375765924005,0.39318450208970407,0.9139409096512073
5302,97.0,0.41667879574530503,0.3928068381398406,0.9135481242434798
5302,98.0,0.41634394735211566,0.39253666622827416,0.9135876922692031
5302,99.0,0.41589673240840425,0.39217622805176255,0.9136552202229882
5302,100.0,0.41532252848169104,0.39168963391278394,0.9135209290698005
5303,0.0,2.9066038639870517,5.408116675855963,6.564657815288973
5303,1.0,0.618442801756258,0.6833763438200565,1.5743141134073846
5303,2.0,0.5820361491441101,0.6484427824152483,1.4859239361610714
5303,3.0,0.5385574637583356,0.5973348220035528,1.4129248350805452
5303,4.0,0.5108590072064358,0.559489820482277,1.3742426224016138
5303,5.0,0.47387511908507335,0.5172530041878163,1.306770525545741
5303,6.0,0.45518268320522476,0.49092482118631126,1.2749685883768302
5303,7.0,0.43257984595604976,0.46524092197056527,1.2255141465234722
5303,8.0,0.4119989480794616,0.44189159784494175,1.177695686742734
5303,9.0,0.4012927210948566,0.4272009240756372,1.147875142888623
5303,10.0,0.38354985236890715,0.4058785595918939,1.1061792084171975
5303,11.0,0.37148800940540705,0.3906404366938608,1.0767472708950294
5303,12.0,0.3622024656069894,0.37800144445152517,1.0535869277151289
5303,13.0,0.3514898057250276,0.3668497686241858,1.025226344731476
5303,14.0,0.3412606934386912,0.35383308342818903,0.9981759934687432
5303,15.0,0.3323409134498455,0.3437203119879585,0.9745255147150743
5303,16.0,0.32050694402484114,0.3327861000549881,0.9440383591118773
5303,17.0,0.31144236600412006,0.32333572815095235,0.9184898575609524
5303,18.0,0.30437631455996866,0.315057089952538,0.8975797267200506
5303,19.0,0.29571122917734294,0.30481048594936977,0.8735843333203301
5303,20.0,0.28643951355759995,0.2941338817104867,0.8480038280721764
5303,21.0,0.27928882013098194,0.2866574627411728,0.8275047989714602
5303,22.0,0.2729401071561099,0.2792553758777024,0.8101098337701799
5303,23.0,0.2679505377897801,0.2724944183851218,0.7956089799588395
5303,24.0,0.2625155449836388,0.26655522473654014,0.7794565791409438
5303,25.0,0.2574073465100504,0.2608299432123578,0.7637049093358449
5303,26.0,0.25275421495456213,0.25619079197771655,0.7492235306946494
5303,27.0,0.2462765603673245,0.24992153436653752,0.7298999481920043
5303,28.0,0.24157084497442902,0.24484371528137264,0.7161354032471547
5303,29.0,0.23522632849706915,0.2372642551762284,0.6971681131013292
5303,30.0,0.230986968508568,0.23127617423431288,0.6849518870368876
5303,31.0,0.22966673866802398,0.22948270855722958,0.6813284561437256
5303,32.0,0.2294919551749264,0.22841530200125498,0.6809788067387625
5303,33.0,0.22989360988965377,0.22838371981186728,0.6816973275117215
5303,34.0,0.22974236670252024,0.22751631064157507,0.6812674722093048
5303,35.0,0.22937554862959342,0.22504389035772873,0.680911048215654
5303,36.0,0.2314562452986664,0.22499903860766937,0.6866546994164688
5303,37.0,0.23419972516331145,0.22656188515143566,0.6945689106882414
5303,38.0,0.23641922070159585,0.22750326034854348,0.7001113479813058
5303,39.0,0.23901557577794857,0.22916924986206233,0.7077239546283932
5303,40.0,0.24153788733795067,0.2303422074036695,0.7139429414606514
5303,41.0,0.24248649644589015,0.23091247306254606,0.7163109538585755
5303,42.0,0.24371636188934542,0.23150132536363607,0.7189004766152884
5303,43.0,0.2455953766208626,0.23268992564365737,0.7237997826532588
5303,44.0,0.24765816940226118,0.23429507117187529,0.7284360575930033
5303,45.0,0.24782282014499735,0.23384423052360584,0.7276927311398298
5303,46.0,0.24906610905812468,0.23445140649363894,0.730772227302554
5303,47.0,0.2507094804415171,0.23549952392883383,0.7345208421538417
5303,48.0,0.25209758867753357,0.2363853006332281,0.7376075946028251
5303,49.0,0.2535115024533282,0.2370599702696734,0.7406134185238445
5303,50.0,0.2561009994670769,0.2390539868230957,0.7471178999635063
5303,51.0,0.2585866838962759,0.2408930244766311,0.7528777822305971
5303,52.0,0.2605214865108339,0.2424125768982069,0.758216255330409
5303,53.0,0.26162920381847904,0.243216557214788,0.7612656387424521
5303,54.0,0.2631185052786289,0.24428401588828674,0.765267262298188
5303,55.0,0.26462322397662746,0.24552198712469772,0.7684125588444037
5303,56.0,0.26559642342075157,0.24618278450428335,0.7700275723865408
5303,57.0,0.2679311423261237,0.2479917432364601,0.7752754261743395
5303,58.0,0.2692910495490332,0.24894403805577195,0.7784662018749522
5303,59.0,0.27066655649035515,0.24990074992162722,0.7814746487265058
5303,60.0,0.27264564445816314,0.2514299300555104,0.7860352568740087
5303,61.0,0.2740621138416049,0.2526416870603345,0.7894609649704725
5303,62.0,0.275667811472534,0.2539506462206864,0.7932507122104351
5303,63.0,0.2774108743015246,0.2554081540479335,0.7968444686730886
5303,64.0,0.278378759443439,0.25623825419157,0.7988249903359462
5303,65.0,0.27991150038046186,0.2577017736930824,0.8023804512541373
5303,66.0,0.2809114536381404,0.25860418305159516,0.804317077451329
5303,67.0,0.28159935782878787,0.25909011214002503,0.8053664048893117
5303,68.0,0.28173576694098723,0.25919143327490585,0.8054826334815142
5303,69.0,0.28222083367513884,0.25951324156040634,0.8063808580964452
5303,70.0,0.282499945429598,0.25959855485205113,0.8070921759982863
5303,71.0,0.28345232811195153,0.26041163487307306,0.8088378566535401
5303,72.0,0.2844529038797331,0.2612072209561069,0.8108866178330086
5303,73.0,0.2853162260345473,0.26193418842194394,0.8125298367643411
5303,74.0,0.2866328524208699,0.2631367026278452,0.8156395052380357
5303,75.0,0.28712996786660594,0.26351772656612255,0.8169063924239066
5303,76.0,0.2887736776008193,0.2649573356491036,0.8206361906078072
5303,77.0,0.2902085509460725,0.26624906021847455,0.8239791594235121
5303,78.0,0.2913139798785403,0.26719002801495595,0.8264177576144011
5303,79.0,0.2922285414451726,0.26803563260015106,0.8284187081097193
5303,80.0,0.2929162551791738,0.2687050186340483,0.8300690607064698
5303,81.0,0.2936954596416152,0.26941840138417694,0.8319111262963671
5303,82.0,0.2942981358635831,0.2699887961177893,0.833439797909135
5303,83.0,0.2953210323904825,0.2709115500715617,0.8359928398888493
5303,84.0,0.296129920194644,0.2716931585267122,0.8379413655786586
5303,85.0,0.2969682014077626,0.27251372046813005,0.8396608228560776
5303,86.0,0.29744676881190324,0.2729712341232775,0.840562627467474
5303,87.0,0.29752839675277437,0.273084530532586,0.8408958730399404
5303,88.0,0.2979222351248157,0.27346503401333594,0.8417063295254148
5303,89.0,0.29807059413207593,0.2736513537650373,0.8420276786735691
5303,90.0,0.2981369856754972,0.2737661939032405,0.8421393497423214
5303,91.0,0.29800546012146056,0.2736900438289947,0.8420918975441251
5303,92.0,0.2978978277733001,0.27359118255931125,0.841929585123622
5303,93.0,0.2979677927384013,0.2736831555366228,0.8422420258814217
5303,94.0,0.2980045551516427,0.27372825010278057,0.8423931841713518
5303,95.0,0.2982315148982263,0.273968634698043,0.8429852358734784
5303,96.0,0.2980675192391833,0.2738240073962994,0.8423021831503079
5303,97.0,0.2978453825862363,0.27364929557729106,0.8416727742869798
5303,98.0,0.29779770669487426,0.27365323967591204,0.8414290221327771
5303,99.0,0.29746771343877443,0.273375198434702,0.8403618245211852
5303,100.0,0.29703220785675294,0.2730178208868974,0.8388540299774312
5304,0.0,2.9066038639870517,5.408116675855963,6.564657815288973
5304,1.0,0.5432437466736506,0.6662802939234624,1.360727457514172
5304,2.0,0.4658572876504475,0.5744022434344008,1.218047327716943
5304,3.0,0.4341907723694291,0.5384891553479451,1.1408547765408061
5304,4.0,0.40146301806170726,0.5039158462172648,1.0690874066061948
5304,5.0,0.3758733382502948,0.47124906436518166,1.0216096448033531
5304,6.0,0.34639656741640307,0.4386441691220295,0.9527450722297236
5304,7.0,0.3226385054766017,0.4055322640871257,0.9144008782129112
5304,8.0,0.30774288703643726,0.38444543874282433,0.887304500817671
5304,9.0,0.2930611640259803,0.36610949774375423,0.8537333116255891
5304,10.0,0.28157360889522065,0.3500130343896401,0.8267932093208598
5304,11.0,0.268634768584937,0.33283440823392224,0.793614974675525
5304,12.0,0.2558213981897081,0.31559366998364,0.7619697702708362
5304,13.0,0.24711139218593733,0.3022675541938609,0.7427922707961047
5304,14.0,0.24042219130525866,0.29082108413380964,0.725741206552732
5304,15.0,0.23428760100489135,0.2799948970112956,0.7087312513153179
5304,16.0,0.22509441474412725,0.2653591024876323,0.6811557687414052
5304,17.0,0.21587761123460536,0.25298157157820705,0.6551543438289598
5304,18.0,0.20662307971492924,0.2403392378421619,0.6262465589009685
5304,19.0,0.19981539570075726,0.23157696790935342,0.606931701588815
5304,20.0,0.19359399284912926,0.221417955940111,0.5852678196716526
5304,21.0,0.1870680053838953,0.2137549707665309,0.5678326915757671
5304,22.0,0.1813721118554133,0.20671473940558246,0.5508977427873344
5304,23.0,0.1763329713917588,0.19945410040617473,0.534919120679614
5304,24.0,0.17172831772244798,0.19352692038827887,0.5189959373946768
5304,25.0,0.168060109136504,0.18890355950749113,0.5086603943360536
5304,26.0,0.16492713799804692,0.18223384475172322,0.4951506466612017
5304,27.0,0.16118213301743506,0.17588182307286435,0.479738941556822
5304,28.0,0.15798326011607106,0.17125303653361257,0.4689737069451889
5304,29.0,0.15499487899179148,0.16650774278549546,0.4580998968814522
5304,30.0,0.15179397660110017,0.16238739913754974,0.44713106640146716
5304,31.0,0.14980998463426712,0.159487987787926,0.44183518689154383
5304,32.0,0.14838574172336336,0.15765446217351703,0.44317894615668213
5304,33.0,0.1484300238305336,0.15634019827730777,0.4438471519948786
5304,34.0,0.14966240048870832,0.1557430552684366,0.44657065531788825
5304,35.0,0.15000728488775736,0.15472881783863326,0.4470467987385263
5304,36.0,0.15130485861340087,0.1548021156762515,0.45069059736168776
5304,37.0,0.1532145617873489,0.1542590715142438,0.4525584511627152
5304,38.0,0.15476984721090145,0.1541486042986484,0.4566688482379411
5304,39.0,0.15692400820132027,0.15440842766668053,0.46123936224660067
5304,40.0,0.16084391896369668,0.15600209333709567,0.4687477360706699
5304,41.0,0.1632772178634104,0.15707932423255092,0.47401423567059403
5304,42.0,0.16565427480532977,0.15804343216943667,0.47774320845699625
5304,43.0,0.16793682283371134,0.1593023799371002,0.4824487783551675
5304,44.0,0.16979264303492575,0.1602837972975324,0.4865608371858951
5304,45.0,0.17160807984419205,0.16140357877613945,0.49186189655332796
5304,46.0,0.17275081457473324,0.16193352790184437,0.4961410831405989
5304,47.0,0.17263383234203758,0.16165054284594949,0.49850439923408474
5304,48.0,0.17349516666090667,0.16200515511159455,0.5009792709192941
5304,49.0,0.17488192905471062,0.16273110335715413,0.5049024891303239
5304,50.0,0.17426184726864674,0.16199977272066443,0.5053184886025898
5304,51.0,0.17475881010972788,0.16214766304091444,0.5063809787120876
5304,52.0,0.17477796480318908,0.16189417846802756,0.5060444351383048
5304,53.0,0.17674480110692148,0.1632174043801898,0.5101439152924068
5304,54.0,0.17827718610698776,0.164246824966434,0.5141100157992412
5304,55.0,0.1797737314232609,0.16530192401628976,0.517461820248633
5304,56.0,0.17994935359181016,0.16529317474090913,0.5191427900270916
5304,57.0,0.18057268979212238,0.16568321852704004,0.5212991434880847
5304,58.0,0.18131386307953265,0.16618838294755384,0.5233067885954314
5304,59.0,0.18193324303080793,0.16666502391626775,0.527051364617731
5304,60.0,0.18311481463925214,0.1676199451418461,0.5307875665934341
5304,61.0,0.1858663686775539,0.16995535884118998,0.535915948641292
5304,62.0,0.18650985989437138,0.170463680774424,0.5373449519945801
5304,63.0,0.18718787908648346,0.17102070018340418,0.5394598026722459
5304,64.0,0.18771889164397776,0.17145218818231933,0.5413208111160203
5304,65.0,0.18884716698896853,0.17240552911190093,0.5440630616014334
5304,66.0,0.18996747504124648,0.1733506461765578,0.5470058428988115
5304,67.0,0.19023994137523054,0.17356840850460784,0.5487849232161945
5304,68.0,0.1912022012995025,0.1744190203254004,0.5526190284934657
5304,69.0,0.19197000536775619,0.17508702991319616,0.5550475353611414
5304,70.0,0.19337492933019643,0.17633565249673727,0.5584921994616694
5304,71.0,0.19522639971274106,0.17799062864524562,0.5627742143479877
5304,72.0,0.1963916636465156,0.17903691190494667,0.566475776613634
5304,73.0,0.19703952574630737,0.17962709025723256,0.5686391243537045
5304,74.0,0.1987866305494175,0.18121533963006395,0.5728554282570494
5304,75.0,0.20054147068743775,0.18281175235204064,0.5761272242716743
5304,76.0,0.2017755310824202,0.18393998356094246,0.5790183808439491
5304,77.0,0.20294073830000603,0.185010149886038,0.582836878404972
5304,78.0,0.20374473033089677,0.18574995164168828,0.5849532949560468
5304,79.0,0.20430627455075437,0.18627129025538006,0.5863108065944427
5304,80.0,0.2053626498538359,0.18723911358230652,0.5889421224094971
5304,81.0,0.20678025129562355,0.1885490987485012,0.5922279020372133
5304,82.0,0.2084803691954424,0.1901264083153478,0.5958383390951315
5304,83.0,0.20981723174427286,0.19137084513563335,0.5994061602542559
5304,84.0,0.21097112514608884,0.19244046712772123,0.6024169748641734
5304,85.0,0.2121973610965293,0.19358739581005852,0.6050796383697037
5304,86.0,0.21328431797379832,0.1946070594839112,0.6076759467607706
5304,87.0,0.2144029046946251,0.19565301156194637,0.610776965724393
5304,88.0,0.2155995049986923,0.19678315444099706,0.6133345773757276
5304,89.0,0.21657697038792434,0.1977057023404493,0.616258502567133
5304,90.0,0.2172927430864879,0.19838830615123554,0.618510508481058
5304,91.0,0.21835784919463255,0.1993924645782076,0.6211861580209046
5304,92.0,0.21932074220233677,0.20030692646901402,0.6237850668159374
5304,93.0,0.21999986395088325,0.20096932377638538,0.6253962059896756
5304,94.0,0.22079705158575452,0.20173890361292066,0.6272512901294592
5304,95.0,0.220988031835234,0.20190908383661826,0.6291124892891855
5304,96.0,0.2214092329402341,0.20231150763670397,0.630646221218804
5304,97.0,0.22153288417435335,0.2024445728150155,0.6314596329111948
5304,98.0,0.22165445311705861,0.20257820407137936,0.6323288741559152
5304,99.0,0.22226814798792563,0.2031747779176892,0.6337193169549029
5304,100.0,0.22289923542417095,0.20377605662431858,0.6348970609229851
5305,0.0,2.9066038639870517,5.408116675855963,6.564657815288973
5305,1.0,0.7088144932429381,0.733926140574225,1.8262952449482772
5305,2.0,0.6563206456630619,0.6730988549392375,1.736998507194703
5305,3.0,0.6308500331876398,0.6352447212838563,1.6719773577120163
5305,4.0,0.6137900266256989,0.610215151356007,1.629038232935747
5305,5.0,0.6029533637481663,0.592229790577648,1.5927603961413799
5305,6.0,0.5879799904873984,0.5722170893144141,1.5438856399671537
5305,7.0,0.5676573923587556,0.549797245799957,1.4966868666626745
5305,8.0,0.5539698098563334,0.5343617143608363,1.4637093992647559
5305,9.0,0.5353672976060685,0.5161165821184128,1.4208115760536373
5305,10.0,0.5241370676677205,0.5040500594637577,1.392759763369722
5305,11.0,0.5109646231741846,0.4887221791981228,1.3535216457015862
5305,12.0,0.501124643441901,0.47712541522057994,1.3213577993106307
5305,13.0,0.4934767481741451,0.4678691436631091,1.297128428608867
5305,14.0,0.48564784437688463,0.45836190398619214,1.272753955316145
5305,15.0,0.47775431383824946,0.449648463593164,1.24890771705315
5305,16.0,0.47064732876198584,0.44207272405746595,1.2301235232240835
5305,17.0,0.46301312345574397,0.4342329253713817,1.2077091915005531
5305,18.0,0.45484236798771066,0.42480763528683313,1.1797882865132747
5305,19.0,0.44492800798771115,0.4149104111686958,1.1561533759569709
5305,20.0,0.43699982111012814,0.40699099170936276,1.1365017173496852
5305,21.0,0.4289135266145055,0.398836616323072,1.1128293176214514
5305,22.0,0.419760224097304,0.38993310950537435,1.0900898635127703
5305,23.0,0.4146511647777796,0.3844023178895327,1.073235367919176
5305,24.0,0.40921876256818035,0.3783573376477873,1.0534187727650062
5305,25.0,0.40124050286069807,0.3703468409248352,1.0287652098263909
5305,26.0,0.3956353496440622,0.3645655950067219,1.0096957037444692
5305,27.0,0.39259138450406195,0.36123791718339504,0.9957713790404551
5305,28.0,0.38867355784151997,0.35722576813205287,0.9790297872178652
5305,29.0,0.3842369777889048,0.3528092063772682,0.9632127859917504
5305,30.0,0.37629914473317433,0.34535216137017527,0.9433674101045318
5305,31.0,0.3667959147539525,0.33658576982761274,0.9216600700663127
5305,32.0,0.3603223262916306,0.33051525279615485,0.9005178422752169
5305,33.0,0.3548610041788089,0.3253498553257789,0.8824381667152046
5305,34.0,0.34823927582697023,0.31914983985215334,0.8623160274149752
5305,35.0,0.3457670059786032,0.31671934813202834,0.8495958780909073
5305,36.0,0.3415382446364051,0.3127367324668649,0.8334327818307977
5305,37.0,0.33486907728740545,0.30651001859006183,0.8184832981442088
5305,38.0,0.33323022670051683,0.30482968185235176,0.8142024774021095
5305,39.0,0.3341351563306128,0.3056004778397265,0.812637975564758
5305,40.0,0.33466768948303305,0.3060504721551687,0.8138733292427554
5305,41.0,0.33305857739337247,0.3044672037356671,0.8145124289343763
5305,42.0,0.3344351014628585,0.3057250129025867,0.8182982449405928
5305,43.0,0.3377643679351115,0.3089068800626744,0.8213419804020947
5305,44.0,0.34077499524836574,0.3119398464184415,0.8207826896122559
5305,45.0,0.34210948738416486,0.31322920838440677,0.8244998031101544
5305,46.0,0.343201791476194,0.31429597123809516,0.8282333503227223
5305,47.0,0.3417934446522023,0.31294600866178207,0.8280756258101248
5305,48.0,0.34130205598810287,0.3125752359104786,0.827149283919775
5305,49.0,0.3410888560991643,0.3124082191769572,0.8274595055391135
5305,50.0,0.33904851094774374,0.3104673906942338,0.825531159398477
5305,51.0,0.33875182169021256,0.31023098686338607,0.8255474418365194
5305,52.0,0.33970582665140925,0.3111611630615815,0.828142204189422
5305,53.0,0.34014249744416053,0.3116612166544202,0.8279896739706979
5305,54.0,0.34190728284367744,0.31348093811162947,0.829034443238159
5305,55.0,0.3419325394394772,0.31357882221977895,0.829296962177445
5305,56.0,0.34202465740653526,0.3137431585419714,0.8302590126924065
5305,57.0,0.3439345103332979,0.3156829532888847,0.8335779456373151
5305,58.0,0.3449765518153853,0.31690119139679696,0.8338804223173673
5305,59.0,0.34510255757482733,0.317086580099204,0.8335786824056974
5305,60.0,0.3460711178050583,0.3181089911983448,0.8348411856484371
5305,61.0,0.34761155295092316,0.3195973518123295,0.8381570377724549
5305,62.0,0.3487337785667428,0.32069513871600724,0.8420501631836597
5305,63.0,0.3479138566912859,0.31986161701841587,0.8445040605522592
5305,64.0,0.3495783879287754,0.32152400769335304,0.8481147250094274
5305,65.0,0.350944393425646,0.3229739975235735,0.8500153647579042
5305,66.0,0.3512137045851237,0.32336954427534764,0.8508302665035261
5305,67.0,0.3511256159887108,0.3233898222771096,0.8516698706791278
5305,68.0,0.35240512373069205,0.3246805834315102,0.8552891956884959
5305,69.0,0.35364614092621116,0.3259508600044478,0.8571637931381725
5305,70.0,0.354638440222797,0.3269490764719436,0.8594241574328858
5305,71.0,0.35483205986740457,0.3271739695063575,0.8612703730835038
5305,72.0,0.3557096462006541,0.3281215881646382,0.8632559042400071
5305,73.0,0.3565027751990908,0.32898850203853897,0.8643909828020739
5305,74.0,0.3580978937974956,0.33061776884639643,0.8670762928177022
5305,75.0,0.3594365449897788,0.33206586769161167,0.8679959950223982
5305,76.0,0.35944029117651993,0.3322011920090119,0.8677272737890781
5305,77.0,0.3608382218654816,0.3336433555721351,0.8698418637441822
5305,78.0,0.36134338808035676,0.3342058471333546,0.8703421018647374
5305,79.0,0.36148785474524786,0.3344530905406847,0.8696907567876566
5305,80.0,0.3615069739916205,0.33454128497121893,0.8696306767734683
5305,81.0,0.3620647001665759,0.3352253472436986,0.8708146239498572
5305,82.0,0.3627650219617551,0.33608897981384905,0.872655033681627
5305,83.0,0.3631465799419566,0.3365671649349157,0.8737970698233751
5305,84.0,0.36398300908253794,0.33751552489526515,0.8748529889714325
5305,85.0,0.3643835941681553,0.33797515079062507,0.8763085989949783
5305,86.0,0.3645106617981296,0.33818807199846185,0.8773489302806592
5305,87.0,0.36450156783128423,0.3383038403625457,0.8780270199426418
5305,88.0,0.36468700493505546,0.33861904064314363,0.8782062456420118
5305,89.0,0.36499289133330565,0.33906183382154226,0.878439706226653
5305,90.0,0.36457066137162064,0.33877632498374044,0.8777109285391085
5305,91.0,0.3644844943200081,0.338854810071431,0.877837664463348
5305,92.0,0.36376110418687563,0.3382967653762936,0.8770055816201565
5305,93.0,0.36335393753752665,0.3380035582704094,0.8763550532291862
5305,94.0,0.36291141465761995,0.3376286676455364,0.8757100622846169
5305,95.0,0.3634438187946086,0.33830996368786054,0.8756058968178504
5305,96.0,0.36384637950979076,0.338839751798782,0.8754158644227682
5305,97.0,0.3634356875167718,0.33851663292019174,0.8751874386077082
5305,98.0,0.36281232495706695,0.33801074364892375,0.8746986048165963
5305,99.0,0.36290314937139384,0.3382863616028471,0.8745119980059386
5305,100.0,0.3626303580186136,0.33820364573376527,0.8738944432296715
5306,0.0,2.9066038639870517,5.408116675855963,6.564657815288973
5306,1.0,0.6514823509057311,0.7171387754706398,1.6907899986588883
5306,2.0,0.5854959949942545,0.6443436206952643,1.5565572061479072
5306,3.0,0.5516804662026856,0.6000029239520133,1.478845418581427
5306,4.0,0.5189657204531739,0.5610496763627775,1.4133156805178266
5306,5.0,0.48943472491744744,0.5251652454891903,1.3482724139697027
5306,6.0,0.4675220674353939,0.5002155234639792,1.2987538474001115
5306,7.0,0.4478000146909521,0.47947701222834976,1.2532384766899864
5306,8.0,0.43017209443267573,0.46330341162013583,1.2107435888641733
5306,9.0,0.4156541512244081,0.4475303828651629,1.1748627043717907
5306,10.0,0.40054016787929925,0.42953508699104015,1.1374669184493438
5306,11.0,0.3876770539556279,0.41098186741135,1.1070796935867688
5306,12.0,0.37429300883622113,0.3961962100893881,1.07474092194514
5306,13.0,0.36361392996041675,0.38534305615759223,1.0482057985417086
5306,14.0,0.3532376804116918,0.372059138229498,1.0212894437921454
5306,15.0,0.34373351251191997,0.358561288853882,0.9947910448154654
5306,16.0,0.3358685085279523,0.34942499749349004,0.9744001068895619
5306,17.0,0.32984835198478135,0.34385219870792405,0.959909143755373
5306,18.0,0.321783238210185,0.33343134401386193,0.9375251416268879
5306,19.0,0.3151632285060418,0.3246553062139315,0.9178487669189697
5306,20.0,0.3075958305782024,0.3142821009993313,0.8949840568644861
5306,21.0,0.30021119470235036,0.30583923249346945,0.8753924911681238
5306,22.0,0.2937708129084315,0.2986434516847945,0.8586906875316096
5306,23.0,0.2846264381455534,0.2904746052951923,0.8350886498111765
5306,24.0,0.2793744535870949,0.2846309340752437,0.8198771150585691
5306,25.0,0.2759020957070092,0.27834545496746493,0.8079095942937053
5306,26.0,0.2686360318360591,0.26951016060852595,0.7865714420647747
5306,27.0,0.26277309753818706,0.2617703600831102,0.7680741602461276
5306,28.0,0.2584606691144045,0.256166424147006,0.7548182356372686
5306,29.0,0.25404380572406204,0.2504204997456115,0.7417992360898114
5306,30.0,0.2501446333260073,0.24597473616245222,0.7313286568637535
5306,31.0,0.24894322493327173,0.24330634047632613,0.7274514402467247
5306,32.0,0.24940230443467754,0.24146889021018517,0.7258155095416814
5306,33.0,0.25093913839106896,0.24089924156676382,0.7264633087125456
5306,34.0,0.25288809944212515,0.24132695318583583,0.7305443148163471
5306,35.0,0.2573913503366551,0.2439448883125485,0.7412207004791154
5306,36.0,0.26043051703514924,0.2455108060628096,0.7484885227547919
5306,37.0,0.26272476539240214,0.24686497970555785,0.7541482879367853
5306,38.0,0.26616135173880434,0.24957634434014686,0.7637932547262686
5306,39.0,0.2678261513393617,0.25063711331303995,0.7688350222455342
5306,40.0,0.2687420573287912,0.2511376316114323,0.7727020358920375
5306,41.0,0.26943063524487554,0.2512839241998263,0.7749104662939479
5306,42.0,0.2709483994639415,0.25225345183603015,0.7795567161202855
5306,43.0,0.2737122915868636,0.25395924847473333,0.7859782047536015
5306,44.0,0.276368392477931,0.25560843912636366,0.7919213393747966
5306,45.0,0.27871021155890885,0.257399056490087,0.7983387841999446
5306,46.0,0.281753212103735,0.2597908404744439,0.8056140482660401
5306,47.0,0.2844837858406896,0.26203825621571813,0.8125477302805348
5306,48.0,0.28686861135002734,0.2637693411531313,0.8174309057115687
5306,49.0,0.28910518240430905,0.2656083924973116,0.822721900873709
5306,50.0,0.2918060883213315,0.26787412894566687,0.8289547873614347
5306,51.0,0.293675287912624,0.26938195562176104,0.833167608056555
5306,52.0,0.2953852717586408,0.27074416265557166,0.8370695044432831
5306,53.0,0.29646838105145396,0.2715454312316725,0.8395161286492749
5306,54.0,0.298797614494511,0.27349541747323625,0.8444839076540256
5306,55.0,0.30003794211599927,0.27455143825364786,0.8475628447316835
5306,56.0,0.3021050652717952,0.27630257761476573,0.8519453467128674
5306,57.0,0.30261733785328526,0.27672130717909305,0.8532603560488534
5306,58.0,0.3042750331477509,0.27813420464353317,0.856638665327797
5306,59.0,0.30506670853151646,0.27882204320693416,0.8582631183113998
5306,60.0,0.3064418408009916,0.2799690806885749,0.8600985264237904
5306,61.0,0.30793718697717065,0.28129945501685427,0.8633133086497978
5306,62.0,0.30966608259833983,0.28278729440897094,0.865881239615357
5306,63.0,0.31057325904688554,0.28361092410773664,0.8669954920055939
5306,64.0,0.31147171513876126,0.2844504649797024,0.8689217301447391
5306,65.0,0.31288400412397765,0.2857270752219498,0.8716387013795054
5306,66.0,0.31513383312824295,0.28782126737028396,0.8771582887644052
5306,67.0,0.3165302548392004,0.2891016832086535,0.8798441710464884
5306,68.0,0.31723141942521454,0.289765505899641,0.8820063900146167
5306,69.0,0.3177080063076057,0.2901832623397271,0.883243793103008
5306,70.0,0.31828884113027234,0.29072089471051443,0.8842933946456267
5306,71.0,0.31912974927782267,0.291489599979542,0.8857518667855636
5306,72.0,0.3197354808069902,0.2920279345479535,0.8858035457844072
5306,73.0,0.32051508157314174,0.29278339376050316,0.887499189734236
5306,74.0,0.32130864877539633,0.2935429452510997,0.8889634328541348
5306,75.0,0.322171086715415,0.2943638653532885,0.8906306408064733
5306,76.0,0.32286974509748073,0.2950590532450512,0.8924994259811025
5306,77.0,0.32372601683328944,0.2958785346858581,0.8942023241627723
5306,78.0,0.3249420213639426,0.2970316569903096,0.8970032447071277
5306,79.0,0.3259066283528531,0.2979384926526469,0.8988656133005852
5306,80.0,0.32678015786827014,0.29875787565081885,0.9000210489266609
5306,81.0,0.3278762904090973,0.2998109985975617,0.9016786381702724
5306,82.0,0.3286317952270233,0.3005564498705872,0.9031342793601915
5306,83.0,0.3291934433723667,0.3011179296199599,0.904423445613755
5306,84.0,0.3296425939130198,0.3015673609745478,0.9052348197246552
5306,85.0,0.3297019524471284,0.30167579983413423,0.905070616833619
5306,86.0,0.33015734232375055,0.3021397534956676,0.9058257358472944
5306,87.0,0.33023282769095863,0.30226303939821453,0.9058524034126798
5306,88.0,0.33020830295888925,0.30229486093759855,0.9060760576510571
5306,89.0,0.3303356908654459,0.30246120729472786,0.9063860497990266
5306,90.0,0.3303276587526545,0.3025064636455658,0.9061153535939196
5306,91.0,0.3302625112769071,0.30251509833694745,0.9056077843008241
5306,92.0,0.33053206477318764,0.30282976542867035,0.9052050638175348
5306,93.0,0.33039388740937886,0.3027680643821722,0.9050136720365206
5306,94.0,0.33071691567953876,0.30313937857088114,0.9054779762825701
5306,95.0,0.3309289486122801,0.30337099053746697,0.9063177434709921
5306,96.0,0.33102369090786926,0.30349367000648425,0.9066796417796374
5306,97.0,0.3314793412801437,0.30397203917526006,0.9074105088576409
5306,98.0,0.3314697494892992,0.3040085348713827,0.9074266692013596
5306,99.0,0.33133637234267194,0.3039268166627171,0.9074064356586644
5306,100.0,0.3310289277651164,0.30372631804483885,0.9068433869287742
5307,0.0,2.9066038639870517,5.408116675855963,6.564657815288973
5307,1.0,0.6561851974121751,0.7484852067422492,1.724336258533175
5307,2.0,0.6047958593690154,0.6738667192145249,1.6030341287642433
5307,3.0,0.571208929339323,0.6266247608180432,1.535517504617537
5307,4.0,0.5446795720230223,0.5913415517829304,1.4727224103987546
5307,5.0,0.5238422584016564,0.5651375461690519,1.4255120184286318
5307,6.0,0.5088002615249791,0.543488946767321,1.3821869618140805
5307,7.0,0.49256045953329025,0.5223442222660798,1.334960962147004
5307,8.0,0.476212562431968,0.4999255934654717,1.2844307118121236
5307,9.0,0.46768904028565095,0.48550780991208803,1.2585189880670409
5307,10.0,0.45258520747632336,0.4696960535448817,1.2249822991209285
5307,11.0,0.44265859414468917,0.457592991809158,1.1987628079360655
5307,12.0,0.4302018467406958,0.4430868903340953,1.1690924679280268
5307,13.0,0.4223938736989575,0.43234680315155366,1.146942691242839
5307,14.0,0.4139570967515038,0.42183869533259427,1.1204190422819662
5307,15.0,0.4060346303790286,0.41066517352664084,1.0975837564009658
5307,16.0,0.39855446583890636,0.39983914898907824,1.070335739393019
5307,17.0,0.39445685160447497,0.3937402890445966,1.0539200678233773
5307,18.0,0.38893725996378636,0.3856211349572254,1.0324559935733066
5307,19.0,0.384534291961376,0.3798212354416008,1.018874493025671
5307,20.0,0.37962776143373606,0.3736603216679714,1.0040880996272847
5307,21.0,0.3721863700906954,0.3648642903098328,0.9820869709057878
5307,22.0,0.3642671011522723,0.3565641886411509,0.9638755716525895
5307,23.0,0.35777695130267434,0.34913578750929003,0.9444516627114824
5307,24.0,0.35060566395752685,0.3423342192847762,0.927033036108029
5307,25.0,0.34534793251833956,0.33623211671153586,0.9097443808288866
5307,26.0,0.3408202364671602,0.3301946648334249,0.8921465340116377
5307,27.0,0.3353527912970496,0.3234428389859591,0.8745946932578649
5307,28.0,0.33135600451835706,0.31830451267107557,0.859982416722519
5307,29.0,0.32734641378034784,0.31346226784687703,0.846912639108443
5307,30.0,0.32465974206533954,0.3096883217612479,0.8355068531027121
5307,31.0,0.3239495412416418,0.30763034887360075,0.8289543301995531
5307,32.0,0.32198964802977326,0.30468426207546,0.8218306824788455
5307,33.0,0.32224430779430874,0.30369108252526167,0.8200725769542683
5307,34.0,0.32050151569643076,0.301399822873796,0.8165623737894758
5307,35.0,0.31869553201402007,0.2992209327330922,0.8160916026171343
5307,36.0,0.31729233716083277,0.297277149121476,0.8123137501154055
5307,37.0,0.31797373868920226,0.297247958341208,0.8164417380981911
5307,38.0,0.3169751451055141,0.2955029991258965,0.8163824807330764
5307,39.0,0.31614088033949833,0.2941670362801132,0.8155151034812198
5307,40.0,0.3147771273340309,0.29253584573934793,0.8160978569587006
5307,41.0,0.3139779030940802,0.2913685076202766,0.8169040397289409
5307,42.0,0.3149969844528378,0.29193840668690785,0.8186574059582697
5307,43.0,0.3159852588456911,0.29221732898652514,0.8203235227815431
5307,44.0,0.31677039640892607,0.29239337493420614,0.8233616733979515
5307,45.0,0.3173172393945519,0.29247433157925046,0.8258190106201656
5307,46.0,0.3176419592826891,0.2923357982344504,0.8288447130618439
5307,47.0,0.3185161530922783,0.2927465856710815,0.8312889637402981
5307,48.0,0.31992171627305727,0.29370422185532163,0.8334852981336093
5307,49.0,0.32123583024929375,0.29457847665226133,0.8365367130759281
5307,50.0,0.3216563820042299,0.2947844664051415,0.8375628565267812
5307,51.0,0.3219641201599712,0.29491015952380734,0.8387683603561615
5307,52.0,0.3238231593449769,0.2964529902577999,0.8410404026556961
5307,53.0,0.3246248131956622,0.29706545023968756,0.8431194578420913
5307,54.0,0.32456104855865264,0.29695313968078235,0.8428038679765423
5307,55.0,0.3245757627346363,0.2968802341407991,0.8425646041274215
5307,56.0,0.32501476572920524,0.2971838370659341,0.8428719183803332
5307,57.0,0.32504474200465644,0.2971083281483719,0.8436268235438509
5307,58.0,0.32550132655656755,0.2974863299010262,0.8429978381790081
5307,59.0,0.32672568169026595,0.2985913818670187,0.8444134747383606
5307,60.0,0.32693142588740554,0.2988150052553412,0.8430058412195761
5307,61.0,0.32818328451909234,0.2999822127153099,0.8446885409166113
5307,62.0,0.3289360008551834,0.3006616168320513,0.846906030676822
5307,63.0,0.3296084566651914,0.30135924077065407,0.8459213382311285
5307,64.0,0.32997797028633735,0.30173870399278635,0.845947367820952
5307,65.0,0.3299510603490859,0.30171182776169697,0.846353951888607
5307,66.0,0.32999829246784607,0.30176586041248943,0.8464411501690459
5307,67.0,0.3303718235167046,0.30210731717906275,0.8473830636369624
5307,68.0,0.3302874570945543,0.30197654536851093,0.8492032301328707
5307,69.0,0.33115236654735847,0.3027846586581547,0.851340405536183
5307,70.0,0.3324421400539156,0.30404230609837757,0.852691618417436
5307,71.0,0.33340745868590704,0.30501422771541425,0.8529220884640315
5307,72.0,0.3338930171714445,0.3055342283695003,0.853035855582549
5307,73.0,0.33464022560088863,0.3062418775892731,0.8549991176397529
5307,74.0,0.3352507832616588,0.3068372330168159,0.8570023580601257
5307,75.0,0.3352509773902585,0.30684214904340734,0.8578759991942798
5307,76.0,0.33503729179921576,0.30671089628301706,0.8569892109293993
5307,77.0,0.3353517374997076,0.30707868098544355,0.8566767503266529
5307,78.0,0.3360725224071004,0.30783031677682315,0.857942212421383
5307,79.0,0.3371909162858698,0.3089432504290961,0.8595286792207747
5307,80.0,0.3375619124742079,0.3093769201898543,0.8599376636289335
5307,81.0,0.3376487477388262,0.309496259821916,0.8604267227635622
5307,82.0,0.33777508500492964,0.30963487881638235,0.8615302009860956
5307,83.0,0.33819112748598,0.31006433867358213,0.8623981965071146
5307,84.0,0.33879429824587454,0.3107089659561605,0.86352740576233
5307,85.0,0.3394579024385191,0.31140639521339647,0.8647605602997799
5307,86.0,0.3399333456977424,0.3118812518866443,0.865885187408852
5307,87.0,0.34048121729249975,0.31246371670173045,0.8668941578848993
5307,88.0,0.3409964212104803,0.31304617892742004,0.8675953258580023
5307,89.0,0.34115630683020975,0.31331129479970643,0.8678682164146228
5307,90.0,0.3415924197068781,0.31387806867773144,0.8682157704355787
5307,91.0,0.3419165282008204,0.3143220469814614,0.8686429977908909
5307,92.0,0.34183478898080855,0.3143783814522015,0.8685692975245849
5307,93.0,0.34225581700115565,0.31490941160622477,0.8688264988494954
5307,94.0,0.34220921161392304,0.31490198051653345,0.8694246699917804
5307,95.0,0.34222357122362557,0.3149765745106907,0.86929296509365
5307,96.0,0.34204571484613766,0.31487689919126083,0.8693462736339029
5307,97.0,0.3416057742699265,0.314505469343037,0.8689416804389635
5307,98.0,0.34177594050648064,0.31477645020707323,0.8688364975325492
5307,99.0,0.34172330011708457,0.3147980420319277,0.8689742017583126
5307,100.0,0.34161039450735686,0.3147922486254934,0.8689767690532997
