seed,arm,e_F_final,e_F_full_final,e_Fprime_final,e_F_integrated,ancestor_ess_final,n_replacements,gamma_final,tau_final
5200,A2,0.2109893884734392,0.20270603396208098,0.38091835691273657,37.02469129866141,256.0,0,"[0.0020843505016412893, 0.001827278919162601, 0.002192939637636315, 0.003240985552551073, 0.003016263056042567, 0.002303881648594953, 0.0019455080540010724, 0.0012846834768883892, 0.0011271002997187073, 0.001059155288788146, 0.001212404230637882, 0.0016291326380437864, 0.008767220496669689, 0.07977964093967614, 0.05510311228892839, 0.004843281288886206, 0.0031055721270868866, 0.021369100742404036, 0.08113158068843848, 0.03280038565198439, 0.00401591055294786, 0.0014996832724560017, 0.0010516469204267637, 0.0012409383728264009, 0.002307427121953188, 0.003917527042717977, 0.008302170336655066, 0.008220828128422161, 0.005175580477185183, 0.0036069572454941034, 0.0029137602440830568, 0.002493656524689656]","[0.012417813805308162, 0.009082815091929966, 0.010976167749200285, 0.014537848385317022, 0.013881900365340321, 0.011236253093485032, 0.01132143110558898, 0.007171725809547041, 0.008738654572246235, 0.011160647704786737, 0.010506348506311054, 0.008393954040101674, 0.021225548234268136, 0.030682294201862862, 0.02397519302713088, 0.02819052958782915, 0.02699084399768835, 0.017756733230638564, 0.02018598944276198, 0.021621683686733846, 0.011790388486702691, 0.012870017908580365, 0.010212071876815785, 0.00784578953938437, 0.012114559012605157, 0.012775380154538453, 0.019586322274844074, 0.016743237987126333, 0.01324177573789799, 0.014010723809101695, 0.014835476143739547, 0.013612909958800134]"
5201,A2,0.17273174257190949,0.16318059123442313,0.3525935088940705,27.646242469679393,256.0,0,"[0.0018254199591845413, 0.0018508476656958995, 0.0023215002686101703, 0.0028922732009614184, 0.0035070680627600354, 0.0025567212675106036, 0.0015531258495546335, 0.0013069887661819493, 0.0009864943111161338, 0.000902458324042807, 0.0009772970550532116, 0.0016870684877871014, 0.01024800218142226, 0.06277006587371149, 0.043541531144830455, 0.0030313220261433535, 0.0022188194834812528, 0.029443190703215702, 0.12537060705576336, 0.023718911334249797, 0.003244966144345966, 0.0009697865239656728, 0.0009330324333452172, 0.0012170180871808073, 0.0016786098828978713, 0.003549479770612638, 0.005480784268577685, 0.007325752179922609, 0.0047497412805631465, 0.0029974290908587444, 0.0016476059697002367, 0.001947596512970915]","[0.011343530942895586, 0.010889504708524605, 0.012511276880835118, 0.013563440299655906, 0.01707922165925567, 0.01491769881759958, 0.009486700415020095, 0.012137479482367377, 0.010318150536014961, 0.009701175848865373, 0.00707643687694461, 0.010512677346714756, 0.020758539035511416, 0.022177394191808652, 0.019915501248342866, 0.014516832054574338, 0.014992188125317489, 0.020039314023124002, 0.032155932469005936, 0.021140892008792593, 0.014937777602934256, 0.004736529444893593, 0.010843894850221041, 0.013276393930025096, 0.009442856985017588, 0.013867733115710695, 0.014608346544365025, 0.017368679150328782, 0.012736552208242503, 0.011466660421847453, 0.01014107393956486, 0.009904503764216862]"
5202,A2,0.12604668340404968,0.11691687728694979,0.2728473355330183,25.136154097177876,256.0,0,"[0.002361634345428825, 0.0019508453053021708, 0.002115484228992929, 0.003486876650444838, 0.003833482238644232, 0.0032533448506671583, 0.0018456970446717028, 0.0015205890242845634, 0.0011574899083451593, 0.001075137724731865, 0.0012168922606758377, 0.002438314798786816, 0.013946222643559226, 0.05994587940729139, 0.07581635207258157, 0.004997853118976698, 0.003318633969778378, 0.05582994937472184, 0.12920155170114703, 0.028968990219185992, 0.0026971477027120314, 0.0012905959356397782, 0.0010985249932329317, 0.001344784939806008, 0.001995928827715953, 0.0035742131870781916, 0.006837115613852569, 0.009488894289048231, 0.005548081931949746, 0.0029053264041370317, 0.001928900238870349, 0.0018160993409432127]","[0.015279554705131787, 0.008754285180130298, 0.009534801108639137, 0.015967607063056763, 0.01787209556090355, 0.018357957359872033, 0.011383128130453939, 0.013111443573641496, 0.010266514072723823, 0.01095239846080008, 0.009880987101750081, 0.014595494966777376, 0.02229517543923149, 0.021234093130962438, 0.03296068260644714, 0.025268910381483992, 0.019580341471175666, 0.03178587894614696, 0.03507258477190998, 0.028816049558654813, 0.01161556031095436, 0.01067330980780083, 0.012266915015847, 0.012150677479708506, 0.011375309702903534, 0.013176918783904559, 0.016121170294995903, 0.01917939648655605, 0.013500496469390142, 0.009550418872152449, 0.007748734495746926, 0.007206245686948248]"
5203,A2,0.11624041171796418,0.11109577729497756,0.31727556817386043,27.728018187001783,256.0,0,"[0.0019536375866532085, 0.0014510882067476135, 0.0023270333342728174, 0.002975146352433015, 0.003077856748090029, 0.0022874242038574202, 0.0023004504987437033, 0.001444653277203998, 0.0011968314605608544, 0.0009985903250993335, 0.0011231436220805456, 0.0024736782273997505, 0.01642262661124556, 0.1046708596743869, 0.04562924872986656, 0.002379193612855121, 0.003532334016206351, 0.05452989706231526, 0.08302838928884036, 0.029265186225706917, 0.0029022284601603623, 0.0012912687387977456, 0.0010176408550092312, 0.0012156675618320376, 0.001813511264841961, 0.004030075406857702, 0.006991889374761065, 0.006704959560312139, 0.005411151895721886, 0.0025545520009513235, 0.0022999287771905035, 0.0020601355503222524]","[0.01297533895296057, 0.012669837952056924, 0.012303809604246043, 0.014284434434148232, 0.014491428524019134, 0.01149766844655474, 0.017469702844624548, 0.012302144532435286, 0.015711580324243517, 0.009620800225263506, 0.007807426117364328, 0.012393393878169052, 0.0157368702153036, 0.027213986191647437, 0.02573077889355197, 0.013308604719896857, 0.02011331223270473, 0.028611382935381863, 0.023571378778886022, 0.029579533496833687, 0.011595311274764871, 0.010813482532693066, 0.009891719373244404, 0.009284785149211229, 0.009380074672898892, 0.015248653424350967, 0.017404341397291547, 0.013996060151594922, 0.013310229044628632, 0.008439818576639514, 0.011308957894411246, 0.010452026881146772]"
5204,A2,0.12133298663818812,0.11292999158768975,0.26605816249512715,27.1932997132923,256.0,0,"[0.0019492274410450347, 0.002234411066489207, 0.0028256941800549155, 0.0033223314352264395, 0.003625715402866077, 0.0027932999154423603, 0.001927028515369582, 0.0013123657790064893, 0.001101892370217453, 0.00102624944958129, 0.0011925496056581367, 0.0022646349045522002, 0.020587066834861494, 0.07188690293366555, 0.04626384143791716, 0.0028736756631670256, 0.0034163969138468007, 0.04359679379181054, 0.0709826974913756, 0.0283898000483211, 0.003256705935107193, 0.0012447231861605589, 0.0009696171655630399, 0.0011431649077063744, 0.0020188739837670527, 0.004165482282524262, 0.005743968206801016, 0.007593677269954834, 0.0042199437910317205, 0.0027838224356771016, 0.002301444398805022, 0.002617539850754386]","[0.011853066874263709, 0.013572749130767479, 0.014759973981653017, 0.014378989566479356, 0.015464025271379078, 0.014003674577730694, 0.012384112277484892, 0.008759532177917835, 0.00971708156279368, 0.011905710798938485, 0.010430508136067426, 0.010463315230485402, 0.025841234501276716, 0.02350440626369026, 0.020549135729305848, 0.013375821567698565, 0.023428933317177873, 0.02575991797714529, 0.01858478319167342, 0.025718567863974823, 0.013574418488897413, 0.009685426506298535, 0.004968133018468927, 0.007367003621888904, 0.011751986983890753, 0.016097246991045706, 0.014153327534089013, 0.016950227361219976, 0.011019343267639568, 0.01025330431329012, 0.009168469069811669, 0.014419773542555738]"
5205,A2,0.12612775507315038,0.11519860689913806,0.31699285771857877,27.123219421729967,256.0,0,"[0.0019789196350381813, 0.0014417852787684178, 0.0022472230229942597, 0.0031252301799235033, 0.004166600832508026, 0.0028856338794234016, 0.0018150388436417187, 0.0013919381457218366, 0.001181517249470975, 0.0010632263921590687, 0.001253965081527292, 0.002111203248632805, 0.012126140044303332, 0.07220201500489992, 0.05476677486322635, 0.0031990640709728276, 0.0034193379506852026, 0.06035120320499883, 0.07299625040755403, 0.024602796755866692, 0.0031462435262916704, 0.0013385206633236913, 0.001062503051872335, 0.0014124013722299955, 0.0025126962352115144, 0.004232869510802923, 0.007645248730923451, 0.010259237963651474, 0.008092645215895072, 0.0031234473497165896, 0.002469997228876689, 0.002066439686911539]","[0.012071147937978833, 0.010737335894814425, 0.010423887295073488, 0.013362883574823202, 0.018311606229785934, 0.014995550551344662, 0.010750480739084713, 0.010142041252521463, 0.012014049417803463, 0.010603099214147496, 0.010484482926069443, 0.011247172316384287, 0.018003614676379783, 0.022845311006861456, 0.02494414535767364, 0.016122159571489835, 0.02246491432812928, 0.032992732593123984, 0.01848458804703994, 0.021612441895666242, 0.01220582255003203, 0.011234770870989744, 0.009716880329855121, 0.013886360464233777, 0.015049638774677748, 0.013515748712028503, 0.01505900257452482, 0.017488384921208407, 0.018365468354241698, 0.009440790766772582, 0.011258620459150992, 0.009032614581220216]"
5206,A2,0.09248423260321169,0.09141865225997096,0.25463089169011904,24.938700988205703,256.0,0,"[0.001773564393459626, 0.0015907727013670242, 0.00264110228172249, 0.003489634080362319, 0.00367937171156515, 0.0030831787950069607, 0.0021973352911906154, 0.0014916529254316458, 0.0011623400289278605, 0.0010356407200263471, 0.0013357421964112304, 0.0025815098519736826, 0.02422220438742533, 0.10101164725341086, 0.05042437690666522, 0.002867737696320265, 0.003061220737453898, 0.048336620116401524, 0.0770365432796738, 0.015463794436500311, 0.002702392791603012, 0.0012346360747435797, 0.001091310500344655, 0.0013608298954228806, 0.001907356136700256, 0.004446306762791345, 0.007092030467977611, 0.010708947491433637, 0.006089395462299935, 0.0026218976525530287, 0.0021471624362484985, 0.0023088518848093393]","[0.009451074355564195, 0.013268589472282667, 0.014324668790997733, 0.01606112352180815, 0.016554835781363023, 0.015818180173708254, 0.014970697962856399, 0.012165903554441483, 0.010940232202432218, 0.008155997025232826, 0.011614342367887567, 0.012654347474975451, 0.02632435340877101, 0.028632136680482465, 0.025343463573174657, 0.014957468233712886, 0.017578678952202744, 0.022967689997219917, 0.023259210223219383, 0.021083383427373144, 0.014440916774685212, 0.00934405324596044, 0.012557790484967224, 0.013065316204943835, 0.010822769898112641, 0.016976017934637606, 0.016189663260229747, 0.019726607433510207, 0.014535342728253778, 0.008777538039809876, 0.00898909183136933, 0.012241815257015476]"
5207,A2,0.13027312230052313,0.12105359421769764,0.30144607129513573,27.022850166722886,256.0,0,"[0.002021260042598594, 0.002103306010304977, 0.002551595272028239, 0.0030509735600581537, 0.0036769205210977606, 0.002757433371525543, 0.00210824389283259, 0.0014431977703813943, 0.0010667183100069465, 0.000955128461706899, 0.0011808173135998013, 0.0018156260676530438, 0.012772967118570953, 0.06759138710526828, 0.0462041224889396, 0.002820774102660653, 0.002939690957474742, 0.02984334408575026, 0.09286623661133928, 0.019676828876634904, 0.0030146739999673926, 0.001201551225013676, 0.0009473385738725414, 0.0009810247970708005, 0.0017359355099314543, 0.00266120830845715, 0.006946286366591066, 0.007395497367022916, 0.005213788626777564, 0.003066592854261254, 0.002355311451320977, 0.0024871253302985595]","[0.01390502155314232, 0.010287721048700502, 0.01479295796444209, 0.01469728691138976, 0.018383122577776898, 0.015313350048973488, 0.01598545054430379, 0.012557996970503717, 0.010179260067473581, 0.008916399397711088, 0.011521500969765095, 0.00946993997172876, 0.0204589402582574, 0.02217444203397377, 0.02113096147470068, 0.014280410301851364, 0.01980336628762188, 0.017595669759878033, 0.023751792704320027, 0.01812172681356734, 0.013662160858614072, 0.010510721286474437, 0.007889822173691694, 0.00424187956333228, 0.01169268212288311, 0.011619146008514013, 0.022099172119980963, 0.017762824076485315, 0.014284860570230349, 0.011794357145155152, 0.010686463047068365, 0.014728194613137425]"
5208,A2,0.21105570354598593,0.20556970316155762,0.3651255881218158,32.004535109970774,256.0,0,"[0.0018150104267668538, 0.0017318904140250432, 0.002243226561537674, 0.0029789631654835065, 0.003430360796908241, 0.0034968461153622025, 0.002318138343102147, 0.001468555450375911, 0.001036266366321206, 0.000972490669778123, 0.001069490144925914, 0.0018328434805034762, 0.009197103082048555, 0.07163537070583566, 0.05290336253416647, 0.0032292792581088427, 0.0030978455979794287, 0.02116026792357839, 0.09018584398155066, 0.026958875993417515, 0.003063018311336124, 0.0012710602983041098, 0.0010047390399138471, 0.0012207794474446553, 0.0018598559899756393, 0.004530715492055854, 0.007195788668259777, 0.007649438153836398, 0.004493361723900979, 0.0033081400246777084, 0.0013845766463452442, 0.0021198277197573894]","[0.011020332342224182, 0.009360465265458053, 0.011886543825386866, 0.014117288840741177, 0.01670003213582464, 0.019539289226356036, 0.01672283764260788, 0.01281535945887509, 0.008842092552162869, 0.010569432575598798, 0.008373141284530568, 0.011375588614097548, 0.020848841482959617, 0.028523906053479382, 0.02038831823174314, 0.014658952734909221, 0.02144293377959513, 0.016530278396164996, 0.0211543977072408, 0.02020587900412676, 0.011779585227213516, 0.010827419484554972, 0.011081384519271487, 0.009943606279645719, 0.008964298838695086, 0.016091027870886617, 0.018548757352652538, 0.02018022221075285, 0.014175570940159952, 0.014955837602401233, 0.007578595624684902, 0.011358768078921517]"
5209,A2,0.14326712664278182,0.13154093592585414,0.34924733671102826,28.207784850197726,256.0,0,"[0.002146631804717252, 0.0016846961708915859, 0.001994568492551499, 0.00290112623917536, 0.0033905966567584667, 0.0033901995809963825, 0.0022018746324862504, 0.0013581170891176506, 0.0011656589326670662, 0.001024989822411262, 0.0012090421201907224, 0.00196053442834659, 0.01243674502422576, 0.0677337466838064, 0.044192322756577335, 0.002856134252689967, 0.002853811258877224, 0.04297163913546531, 0.09207234574496012, 0.037825059579757764, 0.003111755899498142, 0.0013148928301497278, 0.0010859255168185107, 0.0013512778264320063, 0.0022015440878930376, 0.004483392107717597, 0.005890858600004999, 0.007162843679841664, 0.00628668909020918, 0.002933382067002534, 0.002402325120332554, 0.001970997119722783]","[0.013590786710022848, 0.012875199675350547, 0.007562027236307774, 0.011462548197613491, 0.013559731797577485, 0.017341984879169693, 0.013460154084478577, 0.008941511878916729, 0.012006395925817863, 0.009542837928409919, 0.010745350712705251, 0.011831213585391478, 0.02162042660625865, 0.0200652684599323, 0.022327087222748836, 0.016715843040541547, 0.0220396708064038, 0.02818101880508348, 0.023260706416999927, 0.03178494143192639, 0.011214510970509569, 0.01076273122577727, 0.013023315711216475, 0.010851753056429608, 0.011543275677048144, 0.015360458558056398, 0.013502735196231755, 0.01505419830533187, 0.01571176639949585, 0.010085380249197685, 0.009887701214017301, 0.009268087383338529]"
5210,A2,0.10614218634212551,0.09689995919812737,0.28302203806474063,23.456804190917346,256.0,0,"[0.0017337538180561486, 0.001935921073201022, 0.002185845814251377, 0.0034289154844060086, 0.0033666086609002556, 0.003370959240220269, 0.002099634420348538, 0.0014712176454225183, 0.0010963845220041226, 0.0009524982871113395, 0.0010352000792434445, 0.0017218956798232417, 0.009912979220312326, 0.08233518896122462, 0.04101345972656165, 0.0025976204049454658, 0.0024667799419347165, 0.03907494549254648, 0.10617106124790306, 0.014984606007770601, 0.002242399763180093, 0.0012382060326437266, 0.0010108645479871244, 0.0011731759850295371, 0.0018482369543118976, 0.003097321330883497, 0.005658360805751052, 0.0073965117493989575, 0.004931455748691258, 0.0032464070340104886, 0.0026357416057139404, 0.0019691183975811123]","[0.01013962865379533, 0.012001875703068751, 0.012416076654434276, 0.01782131088020623, 0.015608259924208006, 0.017853640157074052, 0.01330296492330982, 0.013151135826471188, 0.012039974153944732, 0.008957197617486607, 0.006539439894038233, 0.010018771870193186, 0.018606303750892356, 0.027043654872153617, 0.019360732743163155, 0.012736789758678833, 0.014244664395242496, 0.02072882897526408, 0.02954922280702744, 0.016107696896151186, 0.009232375392565632, 0.011459947654755883, 0.013329271973812583, 0.009423315231962118, 0.011113579772893557, 0.011933010047510862, 0.015490379460429292, 0.01803651302936365, 0.013919629371504667, 0.013564102458381409, 0.013061683573073331, 0.01077007106915526]"
5211,A2,0.26124868623311304,0.25709458937567276,0.3444489410341514,47.538761272066694,256.0,0,"[0.002583648446652092, 0.0018544208530115267, 0.002871932161295535, 0.004177448143049092, 0.003497580498959484, 0.0037964948180472004, 0.0020807513188229954, 0.001478009515291624, 0.001217901466746065, 0.0011379523330319655, 0.0013676810300041315, 0.001991758185040227, 0.007105533868348803, 0.034792637095848594, 0.07432160685957075, 0.006104787267341653, 0.0029186285395081616, 0.027880948365059575, 0.12392372113009696, 0.03445462226035496, 0.005782009321713389, 0.001533424625918833, 0.0011262394061450792, 0.0015831780188200234, 0.0028199659379698236, 0.004320658726716255, 0.006055632907143888, 0.007324895661976467, 0.007004908120744845, 0.0031665311261279616, 0.0019867314214959473, 0.002639088408274642]","[0.015608480514288986, 0.00791089324304468, 0.014120063899335655, 0.019448974468943944, 0.014730315639888027, 0.020386411020497656, 0.012310328161038392, 0.009049497687699833, 0.008995776805750415, 0.008673395467137072, 0.011638070959818177, 0.012199646524010475, 0.025793395768319828, 0.02156975827708711, 0.029086124896188476, 0.022559458089471164, 0.019517990000520635, 0.02056660655104214, 0.03054919779384065, 0.01944101713747555, 0.014211321875477393, 0.010204711091849615, 0.00853099018312704, 0.013749030145746681, 0.014374098419118738, 0.012480793668636943, 0.011761451093193933, 0.013658042282466537, 0.016706346310625977, 0.010010949354272141, 0.010563659413197283, 0.014403996036238629]"
5212,A2,0.26898807106998196,0.26439411702561766,0.4499968651356222,44.93475923325215,256.0,0,"[0.0018760562545896797, 0.0016105976210364884, 0.0021573279634743737, 0.002628221034342808, 0.0032327204442506377, 0.0029440606903516652, 0.001633613578869608, 0.0014163590252113038, 0.0009530731332792545, 0.0009645618622863097, 0.001126665337924731, 0.0017893485919939153, 0.005869136639369697, 0.05326133870304478, 0.056285613149145576, 0.0030198110400443817, 0.0022912559779696786, 0.014863763616762962, 0.12931717808245263, 0.044549730132876095, 0.00460447539914324, 0.001327674724484539, 0.0009542699963012056, 0.0011279466686041997, 0.002050349288976619, 0.0036723779698822332, 0.0071018264655058954, 0.008364180548039963, 0.0036109745526284646, 0.0033433655664386512, 0.0023710279350956528, 0.0018964663191442088]","[0.010497727800052993, 0.012631770804557137, 0.010017199149119877, 0.009926247953181927, 0.01174948385193339, 0.013855433106451548, 0.008612459300176808, 0.01277711572547257, 0.0052585565108473654, 0.010904940535801284, 0.011303807295030908, 0.011439567790687815, 0.017333828065729532, 0.02286742379625219, 0.024763686460428654, 0.01593147225983473, 0.015748846307524964, 0.013429722782055578, 0.030723189254516947, 0.024003715821943196, 0.013955114265482628, 0.01238390339792272, 0.00952821707511652, 0.008819438471179055, 0.013587886566530233, 0.015469707741788574, 0.021098703901730832, 0.020423804982900435, 0.009413418833631094, 0.01477977808976145, 0.011738987195533946, 0.010160839690579094]"
5213,A2,0.1237813484153807,0.11285474963746348,0.3305203300603689,25.96016618887093,256.0,0,"[0.002056169074599279, 0.0015783196402235954, 0.002336366791057954, 0.0035286635868568513, 0.003697484201993322, 0.002691609180483592, 0.0019710267647287793, 0.0011976091355499828, 0.0011272796085905568, 0.0009852511285342192, 0.0011693097411746378, 0.0021165015125094605, 0.010233479191678921, 0.10078218540839334, 0.03791281303024138, 0.002836661386839875, 0.0030059345284112454, 0.03956236814675844, 0.0971363329737377, 0.029138272138542955, 0.002853751946089776, 0.0012346266777922212, 0.001014171384652575, 0.0011321232262343904, 0.0019943044044535272, 0.004583137915921959, 0.007390370857220506, 0.008544664930192252, 0.006490453968555756, 0.0027456931386952267, 0.002253498730792349, 0.002563138444722806]","[0.013537532905597454, 0.007573478583352195, 0.011992589974238998, 0.016505093300705577, 0.017641704838419342, 0.013878668150448506, 0.012804504513715018, 0.006572495884283063, 0.01194494165821454, 0.008122499336767812, 0.009912822559005227, 0.013196594617092753, 0.01591192104231975, 0.030885093870847164, 0.019313524872409286, 0.015466639908023445, 0.018874210566294066, 0.02313132407597073, 0.02512421322497529, 0.025711713343670714, 0.010733764070564434, 0.009855563826794294, 0.009900688950161642, 0.0069188845670597535, 0.010210355660013288, 0.01587457620789112, 0.01720324869450974, 0.016944362892612565, 0.01546346637657148, 0.008754114922081158, 0.009057499360980338, 0.014613726298180692]"
5214,A2,0.12415995599859384,0.11398204609424914,0.2955764344857021,26.867564352688845,256.0,0,"[0.0018038830990540877, 0.001230814412035949, 0.0025368780324565516, 0.0040535415592764835, 0.004218228394772709, 0.0037573354632713224, 0.0018901120285865706, 0.0013515377438471094, 0.0010865551607027542, 0.0009987984901999648, 0.0012657006452203529, 0.002011699737545278, 0.014543283374214348, 0.052106910574157735, 0.06224331405008216, 0.004971822457989192, 0.0028698387208591276, 0.05176201273891377, 0.07089512564613115, 0.021792712095132335, 0.003305065608106761, 0.0012230501231166493, 0.0009785591032818932, 0.0012475300072256144, 0.001890540919078262, 0.003128379281665047, 0.006070572412905352, 0.005792371588612093, 0.004345469834070817, 0.0031433835142700914, 0.0023097130085332467, 0.0022278982952843975]","[0.010492282070056707, 0.006777212665133587, 0.013415760907580374, 0.020154532388364534, 0.01915724493729609, 0.019308315355933633, 0.011438885233771161, 0.010228718700253877, 0.010100379004384047, 0.010688753214875437, 0.014602582800587668, 0.011475959300201417, 0.020978308135360512, 0.01572955626560129, 0.028051852237658662, 0.02564180666673971, 0.017144865761411405, 0.029841551968621413, 0.018426244992081606, 0.019269265941061584, 0.014427680870034968, 0.011072163797628647, 0.0073381503350642445, 0.012134535944237208, 0.012373822766745876, 0.013855690079892858, 0.019626494269160515, 0.013706969405369559, 0.011107904521949886, 0.011611560924801515, 0.011250660436448947, 0.010945101497853467]"
5215,A2,0.19020247842293067,0.18303000618167317,0.336883559128442,35.52997051174515,256.0,0,"[0.0018245725886384943, 0.001551719990836658, 0.0023481814693986566, 0.0036841516414044904, 0.0030089003051414686, 0.0023483496063255727, 0.0021447253950199587, 0.0012465438489057384, 0.001033768790436435, 0.0009192693502112458, 0.0009596901027620182, 0.0018276987379702591, 0.0063075899475874084, 0.058931382411065464, 0.05297632931962412, 0.003886703359637313, 0.0025545638698524415, 0.031766687728950825, 0.10868680648875832, 0.03182347048064037, 0.00433397274603101, 0.0013080751053290724, 0.0009128305640693822, 0.0011726897105533095, 0.0021969772227303933, 0.0033640729884001994, 0.0066213510831988715, 0.006033023916690917, 0.003698419839176673, 0.0029770417896989735, 0.0016225103218130803, 0.0021993958921679613]","[0.011177855414120662, 0.007945781783934049, 0.01214916227335527, 0.016643271343250898, 0.012449550875426334, 0.01094156345759152, 0.01465723120528702, 0.008834991596857258, 0.010132901141422197, 0.007735070020491698, 0.005078993280608134, 0.013739291332602552, 0.017123747694392007, 0.02433488812779706, 0.022385452038497004, 0.018414462033248244, 0.018502290563568696, 0.020717439357200853, 0.02817419334525129, 0.022726864650719433, 0.014241175897643966, 0.011621820316615584, 0.0069639035607359165, 0.010520027783843575, 0.012883084470312002, 0.01111571457421451, 0.017054758717298193, 0.013805480516396098, 0.009547914886286804, 0.012120985785365176, 0.011175977310218075, 0.011559939869115538]"
5216,A2,0.10668852181438854,0.09749378060654651,0.2860280781076888,24.080177488098478,256.0,0,"[0.0017769750189586403, 0.002065495254744902, 0.0021527532952988642, 0.0029907538867303936, 0.004022873946151844, 0.002643795592267254, 0.002063068394656627, 0.0014490326483962397, 0.0010750452194531078, 0.0009843053663896944, 0.0011279363154657511, 0.0025214292350106433, 0.01729856505253963, 0.08945644461974686, 0.0699283622307049, 0.003431310611077541, 0.003086878327183365, 0.04303219311616757, 0.05811200044200282, 0.01869013117741867, 0.0026758691059561458, 0.001323255101748163, 0.0009711705483122961, 0.0012004879201875692, 0.0016993901038170741, 0.0026053927247879118, 0.005658504202128517, 0.006981544026777328, 0.0047899022865874365, 0.002256494185196321, 0.002396786631027592, 0.001984541492088942]","[0.010645791798615188, 0.01067234600503634, 0.011502612135970704, 0.014104280632887791, 0.019807129147423046, 0.014423196430822302, 0.015172155584317604, 0.012722996907846965, 0.009925323873311147, 0.010200361135563366, 0.008919448421700846, 0.015515186569244492, 0.023961857135501873, 0.02656628422827144, 0.033490955861335124, 0.021307229127593818, 0.01936641321152011, 0.02307622239589094, 0.016224999335497127, 0.021173648501783302, 0.012392909461099551, 0.013867081578565832, 0.008133982840824621, 0.01138320400549061, 0.011125852529572098, 0.011231606225723858, 0.019304455636135566, 0.018547568963494385, 0.014591693809323167, 0.0074729181313437365, 0.010744913560675322, 0.010699137871646438]"
5217,A2,0.1138234534620917,0.11738902547248706,0.2836152611337266,27.911954432361874,256.0,0,"[0.0018946342937573993, 0.0014095274353739238, 0.0028231473605461336, 0.0037250884618727784, 0.003521585515954326, 0.0022385160846853996, 0.0020363111464549817, 0.0014113664175920372, 0.0011590625177504996, 0.0010755105143641377, 0.0012344858250788236, 0.0026751925559158466, 0.024743438877128453, 0.09837305757837722, 0.048153959884827714, 0.00296291754093092, 0.004883808698971758, 0.08088538796027274, 0.0704867811341242, 0.018262584750431965, 0.0021568397767951046, 0.001164191717510627, 0.0010573385438184995, 0.0013327718658038457, 0.002469480396785464, 0.006231309747247067, 0.009045863868840405, 0.00664937495873003, 0.00519767258761881, 0.0033701650334390584, 0.0018263988706967319, 0.002327651845073201]","[0.011180047180145881, 0.009425870977633406, 0.014972440206352543, 0.01770612686879781, 0.016733504042225934, 0.010194205023200502, 0.013405997098444975, 0.010769281506390489, 0.010939129688628264, 0.012508678569654626, 0.011001833482809012, 0.016142635935563962, 0.02655840206744553, 0.025787458238669902, 0.02378608939305165, 0.017975769875537694, 0.026378536400908384, 0.03674905086454709, 0.023793899269444058, 0.029984230109531697, 0.009572983884420218, 0.006540509702781661, 0.009135285411186302, 0.010384993809539176, 0.012058038059735208, 0.016146276190196113, 0.0149229752551685, 0.012254996640164587, 0.013560927426661942, 0.012618214184436545, 0.009623127687499787, 0.012799595764993558]"
5218,A2,0.23649863569780072,0.23094253388122715,0.4116741741442839,35.58322156552147,256.0,0,"[0.0021075376079007693, 0.002219452671942373, 0.0021431188089020003, 0.0027997778677240517, 0.003957962913433984, 0.0032564850135147995, 0.002384255007287198, 0.001381121488107494, 0.0011408650193968522, 0.0009928233701549784, 0.0011444804883569346, 0.002181699394840145, 0.011201907778222737, 0.06323048622082897, 0.04186543341801259, 0.0047018014172912565, 0.002694879843419543, 0.02606195465526359, 0.10096659890375681, 0.03863703576360256, 0.003870144384242298, 0.0011524071943355024, 0.000986719091033181, 0.001316695083819699, 0.002178247085061008, 0.0031880897814769737, 0.005334736462597717, 0.0052735680651631815, 0.0035727675578752487, 0.002607962099426598, 0.002596357698290004, 0.00249417411213496]","[0.013763648964194027, 0.012157417805568971, 0.01073173005819124, 0.012687491681183128, 0.02009133669733355, 0.019546727787018527, 0.018428253026144283, 0.01227960388073368, 0.013420475446795007, 0.009282290606327511, 0.009148331384317235, 0.011915610254787335, 0.01769431307700029, 0.022807738124379397, 0.01696578967832838, 0.022924530266898314, 0.019402931255615843, 0.022914685048392544, 0.022789273993423488, 0.02451234247766485, 0.01470643914438981, 0.006888598770803044, 0.007321717590234105, 0.012415146543818876, 0.013871936986829122, 0.011911310288500142, 0.01567922960783653, 0.013803079369662798, 0.010354337328650208, 0.010043063825259206, 0.014468836667201538, 0.014284521898768282]"
5219,A2,0.15147572667915954,0.13995148298613078,0.3937352507230997,27.802640182747343,256.0,0,"[0.001924396437016179, 0.0012757905091370823, 0.0023711321698767027, 0.0034190578552700385, 0.0038353628046518327, 0.0033127800415028935, 0.002276466312080893, 0.0013460687998210954, 0.0011289739712358534, 0.0009443748605937879, 0.0010127803292151313, 0.001863951902872793, 0.016926222127846145, 0.08118236050272247, 0.044988918830130536, 0.0034462900694302487, 0.002283214352066524, 0.01879631618426539, 0.10050268468026825, 0.022234103805083918, 0.002843696255476558, 0.0011370368389668497, 0.0009410718231100538, 0.001168567420854975, 0.0017697389856791215, 0.003014768016616922, 0.0046843460457047055, 0.007434992991406625, 0.005532394717281644, 0.0023538218813266526, 0.001967489229454182, 0.002346470127214877]","[0.011956141501420988, 0.008259981338576191, 0.012303594127022486, 0.015350951657509316, 0.0165987257221051, 0.016147888852160678, 0.014054387358498538, 0.010182241803746456, 0.01482292187878931, 0.010001543248048857, 0.00660407690341191, 0.010746696487406738, 0.023233474334452102, 0.02328999679008788, 0.022069350777706696, 0.02241414753988803, 0.01571157169266972, 0.013040088580425881, 0.0251676025823708, 0.01896427546869954, 0.0115765280621041, 0.008662992962506822, 0.008791814528763113, 0.011211706733252745, 0.01044278862207122, 0.01095871065849009, 0.011455786869190498, 0.016565494795367494, 0.016830456405848, 0.00848448232343286, 0.0094040556152913, 0.013697682903479603]"
5220,A2,0.10914672980905046,0.10012454409755275,0.2839547730307553,25.96414141262426,256.0,0,"[0.0016917975461422387, 0.001825298412425741, 0.0024093872190773403, 0.0030235982861095694, 0.0026239209440985073, 0.0025208797646376476, 0.0020581748380276185, 0.001393327341028025, 0.0011115049588577052, 0.0009758959885809432, 0.0010554230688030978, 0.0016945795702256864, 0.017256689748224387, 0.08076969482557161, 0.04776063946646608, 0.0038182961480933016, 0.001976084662067742, 0.06268705601899151, 0.07436454537780554, 0.04125447784009108, 0.0025950703030139044, 0.0013246252639510423, 0.0009713517223524481, 0.0011063895923345336, 0.0019281706464306845, 0.0040291934888513955, 0.008320533679636559, 0.01061626921588481, 0.008320663329529328, 0.0027508262921755, 0.0017226958897731282, 0.0018665646823563704]","[0.009248002345365809, 0.009958472687301823, 0.013134726986493402, 0.014380183659838569, 0.0120920366168793, 0.014329692426905984, 0.01534640920306169, 0.011903128020748346, 0.012557692620446773, 0.009199295090564732, 0.007179413235228107, 0.009211468700422928, 0.026678122819215885, 0.02585448615218758, 0.022207774754540034, 0.02205572402762748, 0.009673795127541233, 0.03276924533918876, 0.019677337157461464, 0.039470583712986444, 0.010811536205246297, 0.014520171253283871, 0.00794637982732427, 0.007584507584187057, 0.01132823183373028, 0.013365439794471223, 0.016311775240036405, 0.016957999730657796, 0.018038011289279236, 0.009231816826379703, 0.009714995042917349, 0.00899910412336188]"
5221,A2,0.10057282818649389,0.09345628035804557,0.2101644883225987,27.229470105915038,256.0,0,"[0.0020761905745078496, 0.0021460332949217458, 0.002763239032836973, 0.002746118552304168, 0.004110237020868694, 0.0035648161128252467, 0.0028937952025515387, 0.0014157332904361167, 0.001106779982529368, 0.00100600262818419, 0.001012060969724833, 0.0018284752348798638, 0.00834979294424433, 0.06652995489314492, 0.08001633429259261, 0.003224695661360895, 0.0029517534810904983, 0.037587463010780094, 0.10226072581276187, 0.024534055716189693, 0.003637839227319587, 0.0013101408633979842, 0.0010101589837321634, 0.001294644551620159, 0.0022310086890232382, 0.0036655763387434697, 0.005862027914809501, 0.007044748869848714, 0.004739644055168651, 0.00316786734852718, 0.00219076045859159, 0.0023098120990618044]","[0.011908292634691767, 0.0128234972511732, 0.014446393017304363, 0.011609797606016077, 0.017292667564407723, 0.01643966236068587, 0.01836131926813076, 0.00971820897988896, 0.009226844299595728, 0.008348709684644143, 0.0035980569641188647, 0.009794584398603633, 0.016133716281467245, 0.025599039616079955, 0.034132606527514854, 0.013890919046338813, 0.016503273765682606, 0.018223246574569963, 0.028072190711518098, 0.02055699498692913, 0.011922754900709298, 0.009481953953618201, 0.008162375859091601, 0.011364248338604666, 0.013201868537619118, 0.013761312680774001, 0.015743107150132357, 0.015435067045383524, 0.011936139834321426, 0.011228810613748776, 0.009784738278469362, 0.012170078636689004]"
5222,A2,0.10957271360714158,0.11008729328274118,0.2733519930307335,25.787287554704697,256.0,0,"[0.0022320984510481212, 0.0019152967320790113, 0.0025696379907829666, 0.0030945788586453455, 0.003113955556227613, 0.002433924718054679, 0.0022828467969354, 0.001474431021232266, 0.0011159650942238978, 0.0010125464814245313, 0.0011996038742389543, 0.0024737177756550075, 0.017271580038848884, 0.10217264605981166, 0.041195749351758015, 0.0030663025962609784, 0.0033413127970399453, 0.05867748388110947, 0.08266821854070076, 0.01946910580661981, 0.00224471256265809, 0.0011860939245278502, 0.001043238636503394, 0.0011957426189946557, 0.002162891309485572, 0.003557302143403583, 0.007663731023401527, 0.010453084136950069, 0.004673504482201309, 0.0035919268494143284, 0.00174702689163199, 0.002418695430018959]","[0.014715178537206525, 0.009472686763861836, 0.013491876078354604, 0.013203373127583152, 0.01310198128835265, 0.01150192781590971, 0.01643991202698513, 0.013051041546518066, 0.010717803405457733, 0.008877219137949465, 0.009971389325098374, 0.014762721838758128, 0.018638859452130615, 0.02702215352593919, 0.021738690506244582, 0.016015172199219028, 0.017509417082172407, 0.025382715413538603, 0.026403757913607523, 0.025100727629872432, 0.010144981781977503, 0.008818237344603021, 0.011233874432621893, 0.00936445162722007, 0.01510212605126902, 0.014306968253038026, 0.019352391306873426, 0.0210932841615271, 0.011134463194388556, 0.014129915447320516, 0.011061492335692851, 0.013056747052116329]"
5223,A2,0.2093772866616966,0.19496046549825596,0.5200198962895887,32.6220729886925,256.0,0,"[0.0021887900562091475, 0.002519310670043155, 0.002679178522885907, 0.0031761528496293593, 0.0038672917398592257, 0.0030503317854781204, 0.0025087646972790766, 0.0014846459268051098, 0.0012085767297198827, 0.0010615721120298147, 0.0012210867588164436, 0.002236817443723945, 0.012489235696334847, 0.09275544664954435, 0.03764092040267745, 0.002400345350020986, 0.0017407988205576487, 0.020243881379041418, 0.12437857603708913, 0.0340279720038526, 0.004301609465823183, 0.0013200847894955195, 0.0010683708548589659, 0.0013971766165800656, 0.002508784978753903, 0.006197166254899983, 0.008976459225006334, 0.01010291136441929, 0.00488816759534226, 0.003185222601934019, 0.0015973919505173247, 0.0025384377724946895]","[0.013389733890038873, 0.013283293274967483, 0.013058751391819542, 0.01439579969792158, 0.01690756282993104, 0.013560611368475011, 0.016654988417540078, 0.011255837407289969, 0.012709489629057918, 0.009625171600467726, 0.009945683336775162, 0.012038058478147866, 0.014956224908086131, 0.024418321121297035, 0.02120884028965151, 0.016839215683709656, 0.011376125491763716, 0.018137002203357882, 0.028892991029150078, 0.022501909175010854, 0.01611625341551825, 0.009735644731746637, 0.009169912979206891, 0.011606413573405621, 0.012721348267641302, 0.016664190000128195, 0.016731240956670307, 0.022230036649723308, 0.015050154589055275, 0.013904257454988102, 0.009401157639738636, 0.015940388874786212]"
5224,A2,0.12416290529352114,0.1133193548065326,0.3316160157779985,24.18365506753849,256.0,0,"[0.0015791305009686413, 0.002115059517069476, 0.0022812619915074553, 0.0030703326256844195, 0.0036622794236528095, 0.0026464037582843367, 0.001793510053290808, 0.0013761671793951385, 0.001025914318002817, 0.0009752813468244129, 0.0011832994819506767, 0.001968230549455221, 0.00977155657803007, 0.06757004103997166, 0.03437420621404396, 0.0031798658345117627, 0.002401255001762595, 0.029406481187342338, 0.0999755518306978, 0.018082726097964553, 0.0027989180771736803, 0.0012236763549462043, 0.000990605420225478, 0.001093664453493736, 0.0020269967722130826, 0.003542656036321415, 0.006963650129037757, 0.008196436744047799, 0.005955479204222921, 0.0038024196567905924, 0.0025038999463695526, 0.0022175579847253457]","[0.008159110248191232, 0.010514696568328525, 0.012189173894097228, 0.015103626610701776, 0.018529362081684687, 0.015323391277952503, 0.011935204568668542, 0.011764718054687113, 0.00794963810730985, 0.010359550330360193, 0.01088125740284161, 0.011532672510048197, 0.01728372521096909, 0.021759453356384188, 0.016040344206672295, 0.018912432525608334, 0.016815367541834676, 0.017453007009771135, 0.02716512412579621, 0.01901080538973805, 0.015038334630526904, 0.010814889591157544, 0.010641967762373663, 0.006872240288860822, 0.01227319761003808, 0.013180278741363367, 0.01793010377901705, 0.017521360494175884, 0.017328558011363914, 0.01582087256509017, 0.013319030411624291, 0.012519405917596031]"
5225,A2,0.12809289676851954,0.11812969388309896,0.2806398143664125,27.725825171328548,256.0,0,"[0.0021957198129004783, 0.0022392094521985263, 0.0023667962431840176, 0.003975405124359152, 0.004175197888321066, 0.0035319681623222046, 0.0024899037257553433, 0.0014929798429615033, 0.0011855974241656883, 0.001135444593963654, 0.0013021979937543992, 0.002429883068798137, 0.015907762460361387, 0.07358059686909574, 0.05232077155192509, 0.002998542098748632, 0.004214435846248442, 0.043317242213909646, 0.10162796012515433, 0.023865320977360535, 0.0036764546924435686, 0.0011810528139717218, 0.0011026490917571696, 0.001289541929085234, 0.002299504979426187, 0.005893912231668245, 0.008554152975018757, 0.008339078156802439, 0.006615745831838294, 0.0025553233812470877, 0.002024315680515999, 0.0023610113981563565]","[0.013362830103797399, 0.010990663908017513, 0.011434089158865924, 0.0190982293909326, 0.018926238262841285, 0.017557321692627394, 0.017335610788707413, 0.010812832781653656, 0.009330425304947617, 0.013431454516374031, 0.010468912439737505, 0.01273246300024743, 0.02379236014510624, 0.024401449892533823, 0.022256911512300376, 0.01328720638485658, 0.026230826443128796, 0.02411040221532363, 0.027152249240330977, 0.02052759537561715, 0.014017575192908579, 0.004716419413133005, 0.009091705481684151, 0.007678887952181722, 0.010817107748509087, 0.018879918335450514, 0.017058152719061127, 0.014321971025171803, 0.017405905521613762, 0.008540363782118298, 0.012735342881106228, 0.011755404253947006]"
5226,A2,0.21621385626649434,0.20700878495182112,0.4176433846051902,35.51155133623675,256.0,0,"[0.002014912556009557, 0.0014331943248682738, 0.0024073984801635208, 0.0026528165859081654, 0.0038081808548908426, 0.0029821925034041108, 0.0019633152858775345, 0.0014206655736960973, 0.0011509826971120949, 0.0010232518947677386, 0.0012630839004570745, 0.0025487365031915585, 0.009837126899810629, 0.061640283020043554, 0.050084340385401424, 0.0037406231628510254, 0.002202736305417427, 0.036083794610216754, 0.08716850006127358, 0.036028743871894496, 0.004228940005856183, 0.0013762332666402866, 0.0010440972016185688, 0.0012159371306781526, 0.001947191333682516, 0.006106517586684477, 0.008196900783890765, 0.007770558324474292, 0.004310826214666168, 0.0029752255008719383, 0.0027165609048752457, 0.002468975807409587]","[0.011852610079073076, 0.009548398295328293, 0.011651340875307042, 0.011109905932158815, 0.017848336844777345, 0.014787884342907042, 0.012883698859200605, 0.012422185482760669, 0.011588559628893096, 0.00922158955175824, 0.01095781651888721, 0.014939784659155948, 0.015535715545409548, 0.020563754191116217, 0.02219663342126091, 0.019819866719715466, 0.01689529578561794, 0.029525238047636352, 0.019821260223588016, 0.022040193321099716, 0.013611669983774069, 0.011434517502637447, 0.009627247110846969, 0.008223398660018637, 0.00895525094675309, 0.019283569875577423, 0.01583433855423453, 0.01568338647466886, 0.011209180908136844, 0.011728934865928105, 0.012730060830932288, 0.014371425987229734]"
5227,A2,0.15847596204026101,0.1460597630820852,0.369162165652863,30.21799068395176,256.0,0,"[0.0025626715245424285, 0.0022014693733145947, 0.002565787036102271, 0.003120978128929001, 0.0036036730297121598, 0.004259560905934143, 0.0021249671731612893, 0.0012683865498488588, 0.0011480970380971505, 0.001063901505150354, 0.0012726403482495442, 0.0022240323456054543, 0.010894244422420181, 0.06084913729382327, 0.05580139658887572, 0.0037052484446212126, 0.0027051430529689805, 0.03949324562116521, 0.13199819961651407, 0.031157753865436597, 0.002853608010351483, 0.0014283410727160516, 0.0010841515268894119, 0.0014098572697027146, 0.002416314426591199, 0.005160389130310035, 0.00811696833395087, 0.00808050777327161, 0.004213220917168459, 0.003619879792436704, 0.002139231191218384, 0.0020772387000840345]","[0.01704542881582309, 0.010028187274317195, 0.011894454403186233, 0.01267505564481979, 0.014654981596970859, 0.024789029193260318, 0.014433381399068091, 0.006385085887178199, 0.00916861695238068, 0.008832307356245685, 0.012295577223061823, 0.013551856292236817, 0.016372765298276862, 0.018771247058435764, 0.026110828587424192, 0.01937899558715448, 0.01741636947868295, 0.024348507701764867, 0.030951917842461697, 0.023409141974641924, 0.009801598728859686, 0.012343396434187639, 0.00919310782898134, 0.01093276329698633, 0.01103488026854951, 0.013911597553924784, 0.0147731888222956, 0.014360656492275541, 0.009213213722334994, 0.012619677335999403, 0.013777301971107228, 0.009915335903770466]"
5228,A2,0.07297382670595548,0.0721676008234344,0.19470917925499134,25.554799481832855,256.0,0,"[0.0016735030167923403, 0.001463549492090787, 0.0017772257824693917, 0.0025068223079262853, 0.002871153678719858, 0.0026197262061648887, 0.002187606864000942, 0.0013643722032954818, 0.0010565825706208556, 0.0009543664990415144, 0.0011872193455493732, 0.002860794527428653, 0.020170344374967147, 0.06076959319466979, 0.05182031649852454, 0.003133521065292278, 0.003016607176705384, 0.04593623225090737, 0.06446350733448232, 0.02731565425147932, 0.0031546677910292273, 0.0012370888291367804, 0.0009449834194749619, 0.0012068757826367827, 0.0018331465885038823, 0.004032964448430234, 0.006890183666562226, 0.009487678967006584, 0.006413688080310655, 0.0020435842800124206, 0.0026221117946116277, 0.0022789915918228097]","[0.009402228577295065, 0.012919638795197396, 0.008121673913070641, 0.011367039195906772, 0.01463165336463934, 0.015067978543331494, 0.01789958577871428, 0.01191008652373758, 0.009522537828921311, 0.007737558765302163, 0.009819067032617356, 0.011744349423657572, 0.0219638000436497, 0.01869931229636551, 0.024356054097526895, 0.014995092255439064, 0.014264928032873497, 0.021826287449635464, 0.019607140868507136, 0.026744712359916895, 0.011440351322755431, 0.009196370945875696, 0.005969164682048531, 0.010050876367772351, 0.00962167533310598, 0.01341555262781635, 0.014829021703549074, 0.018164109659866808, 0.01659335797810966, 0.006029214585682035, 0.014056000950768895, 0.012753403636321855]"
5229,A2,0.17333292314566168,0.15975790652224012,0.4100386874271742,32.11568480073865,256.0,0,"[0.001847203620981827, 0.00207401051020305, 0.0022642573410343505, 0.0025509825823656486, 0.0031298305989114375, 0.0033386416781290363, 0.0022139312013488835, 0.0015998898740493372, 0.0011466518732472883, 0.0010814620664405584, 0.0012275328567377208, 0.0020574216209354474, 0.016336558332709965, 0.05964224832455067, 0.04553803418747901, 0.0030438508335264756, 0.0028333423071324414, 0.04425181405886744, 0.08740422603839641, 0.025208296711706255, 0.0035947219654277503, 0.001520918070264558, 0.0011691933786941214, 0.0015059819120413131, 0.002873259223952228, 0.006256774586252114, 0.007940177315638413, 0.008228163513894405, 0.0067690870772095305, 0.0030617809764522286, 0.0025376655422315927, 0.0023598710789389694]","[0.009453035472194574, 0.010572595212095803, 0.010039511408733335, 0.009449995991875163, 0.012609488538574437, 0.01706424621742832, 0.015028361556491609, 0.013450624160050164, 0.00831504088744526, 0.009097151192989024, 0.009745471230696546, 0.012385143224478784, 0.02546829941771609, 0.017807096577273668, 0.021962127791210158, 0.016930157221634975, 0.020166332535722482, 0.031784263176080726, 0.020018293317461897, 0.017712945371823132, 0.011858758974462346, 0.01298373979028211, 0.014729702992641383, 0.012250436274361705, 0.014166368451306643, 0.017614487853213436, 0.013562282190791912, 0.013679666970066123, 0.01683198346766319, 0.01014237388678199, 0.009517494183823971, 0.012027976170200126]"
5230,A2,0.16550178467758828,0.1520574835278051,0.43866994592499503,27.752537367854707,256.0,0,"[0.0020030761202253517, 0.0016596550823991451, 0.0027785486956290913, 0.002882461032997904, 0.003707234068454351, 0.0033160035217792002, 0.0015497586915083272, 0.0013641671846847951, 0.0010501186889396092, 0.0009608602563399301, 0.0011304215372713456, 0.0019155155233968964, 0.011388019149744561, 0.07635778956747147, 0.03556049591802364, 0.002193618126332849, 0.0030146552503244276, 0.026624767467810576, 0.1120452456189081, 0.01418067317449774, 0.0028151552509704013, 0.0012037873529040252, 0.0009680356308552052, 0.0010997658085905293, 0.0015455609576187305, 0.004029883134628574, 0.006145289563919962, 0.007926040310316285, 0.004289143778955047, 0.003540032305202799, 0.0017578064072177816, 0.002712349301857339]","[0.013578328857602424, 0.007927894033850101, 0.016151043555088968, 0.01206860615627311, 0.016282478674138023, 0.017703918204087097, 0.008592238972983638, 0.012307375686832189, 0.011077456317611081, 0.011181702564750066, 0.010781628314979702, 0.011809162797134561, 0.018779750447151657, 0.021302160790215834, 0.021432379843605624, 0.01373996785619029, 0.0286397248437708, 0.01891237375425547, 0.02836885209182697, 0.012358634464524043, 0.01276303612154026, 0.01090864080746045, 0.010460983468607686, 0.007922904881567308, 0.007597992788330152, 0.015221493376218222, 0.014320202842124022, 0.01628158591273937, 0.012055160146934116, 0.014204755804185447, 0.005967869169377913, 0.017114443207890122]"
5231,A2,0.19516879337960813,0.18342604625516468,0.40465447469461097,32.46156141512612,256.0,0,"[0.002362741235467189, 0.002284240651119483, 0.0022270684925622068, 0.0030060381924484716, 0.0030913220740191255, 0.003015988539845247, 0.0018710203710562072, 0.0015315880444520646, 0.0011551964608460072, 0.0010289225546683235, 0.0011819122839005665, 0.0020426586254421466, 0.01439936274051832, 0.09335975539696857, 0.06507858764256182, 0.0030372917287414787, 0.0025240447899936903, 0.02927009769599382, 0.08501099491928187, 0.03705878165244638, 0.003259816985144428, 0.001072959269012877, 0.0010348878285562101, 0.0013041218837829484, 0.001685098370846706, 0.004190957456073907, 0.008079062100513545, 0.012216211449915696, 0.0047458085054648816, 0.003455085184693618, 0.0016309942290103764, 0.0022820444331164863]","[0.01656773138055109, 0.014086765806301693, 0.010343620906282134, 0.012720398640040438, 0.013102533395021362, 0.016235056175470164, 0.011409563867908017, 0.014787901646168148, 0.012482727602353973, 0.011071794379453395, 0.009649318444946745, 0.009538351704324375, 0.02059841648905095, 0.02938149105044352, 0.030641695432695584, 0.015708104898850016, 0.01702208734172547, 0.022546430169885365, 0.019798063377594266, 0.026209606762870062, 0.011212262716190455, 0.003993467298858153, 0.009703824872093415, 0.010488981829077107, 0.006744651541154746, 0.013477043575162662, 0.01832411341496925, 0.02452144246421533, 0.010818770876379651, 0.012364185760511195, 0.0085496680904118, 0.012418700435314201]"
