init,seed,PRIMARY_dI_raw,PRIMARY_dF_raw,S1_dI_raw,S1_dF_raw,S2_dI_raw,S2_dF_raw,S3_dI_raw,S3_dF_raw,S4_dI_raw,S4_dF_raw,S5_dI_raw,S5_dF_raw,S6_dI_raw,S6_dF_raw,V_F0_dI_raw,V_F0_dF_raw,V_T0_dI_raw,V_T0_dF_raw,V_Fc_dI_raw,V_Fc_dF_raw,V_Tc_dI_raw,V_Tc_dF_raw,V_Pc_dI_raw,V_Pc_dF_raw,S7_dI_raw,S7_dF_raw,PRIMARY_dI_0.0175,PRIMARY_dF_0.0175,S1_dI_0.0175,S1_dF_0.0175,S2_dI_0.0175,S2_dF_0.0175,S3_dI_0.0175,S3_dF_0.0175,S4_dI_0.0175,S4_dF_0.0175,S5_dI_0.0175,S5_dF_0.0175,S6_dI_0.0175,S6_dF_0.0175,V_F0_dI_0.0175,V_F0_dF_0.0175,V_T0_dI_0.0175,V_T0_dF_0.0175,V_Fc_dI_0.0175,V_Fc_dF_0.0175,V_Tc_dI_0.0175,V_Tc_dF_0.0175,V_Pc_dI_0.0175,V_Pc_dF_0.0175,S7_dI_0.0175,S7_dF_0.0175,PRIMARY_dI_raw,PRIMARY_dF_raw,S1_dI_raw,S1_dF_raw,S2_dI_raw,S2_dF_raw,S3_dI_raw,S3_dF_raw,S4_dI_raw,S4_dF_raw,S5_dI_raw,S5_dF_raw,S6_dI_raw,S6_dF_raw,V_F0_dI_raw,V_F0_dF_raw,V_T0_dI_raw,V_T0_dF_raw,V_Fc_dI_raw,V_Fc_dF_raw,V_Tc_dI_raw,V_Tc_dF_raw,V_Pc_dI_raw,V_Pc_dF_raw,S7_dI_raw,S7_dF_raw
left,800,-46.917,-9.621,-4.121,13.473,-44.636,-20.352,-21.512,-78.312,-56.156,-83.368,-80.303,-12.241,-64.423,10.183,-39.369,-76.655,-4.974,17.850,-56.546,-82.726,-58.337,-80.399,-84.540,-80.967,-28.330,-26.005,-46.339,-1.115,-4.335,10.891,-43.907,-10.827,-22.894,-79.602,-57.448,-83.235,-80.093,-2.225,-64.510,9.646,-39.478,-72.074,-2.764,20.316,-56.749,-81.810,-58.624,-79.829,-84.650,-80.056,-28.537,-34.864,-46.917,-9.621,-4.121,13.473,-44.636,-20.352,-21.512,-78.312,-56.156,-83.368,-80.303,-12.241,-64.423,10.183,-39.369,-76.655,-4.974,17.850,-56.546,-82.726,-58.337,-80.399,-84.540,-80.967,-28.330,-26.005
left,801,-34.727,-7.381,-18.799,2.252,-19.615,-9.421,-33.363,-75.925,-59.445,-82.845,-73.448,-1.973,-66.969,8.223,-43.885,-74.954,7.252,29.975,-46.434,-78.193,-56.504,-77.702,-82.306,-76.400,-4.542,-12.933,-33.893,4.577,-18.882,12.195,-18.505,-6.790,-34.863,-77.432,-60.213,-82.238,-72.766,9.823,-66.582,17.824,-42.889,-69.049,8.225,32.877,-46.917,-78.964,-56.940,-76.399,-82.261,-75.215,-7.051,-32.034,-34.727,-7.381,-18.799,2.252,-19.615,-9.421,-33.363,-75.925,-59.445,-82.845,-73.448,-1.973,-66.969,8.223,-43.885,-74.954,7.252,29.975,-46.434,-78.193,-56.504,-77.702,-82.306,-76.400,-4.542,-12.933
left,802,-36.936,-13.953,0.046,7.372,-36.965,-19.861,-24.917,-74.965,-58.189,-84.199,-77.601,-17.238,-64.466,3.273,-30.251,-45.996,13.250,36.331,-52.671,-79.937,-52.650,-78.458,-83.182,-79.281,-32.144,-62.850,-36.552,-4.072,-1.425,2.621,-35.635,-6.522,-26.378,-77.555,-59.710,-84.624,-76.690,-4.013,-63.785,2.684,-28.887,-42.013,15.938,40.030,-52.613,-79.019,-53.288,-78.469,-82.839,-78.455,-33.364,-63.817,-36.936,-13.953,0.046,7.372,-36.965,-19.861,-24.917,-74.965,-58.189,-84.199,-77.601,-17.238,-64.466,3.273,-30.251,-45.996,13.250,36.331,-52.671,-79.937,-52.650,-78.458,-83.182,-79.281,-32.144,-62.850
left,803,-20.022,-10.947,-9.299,28.322,-11.822,-30.602,-41.837,-76.554,-50.909,-80.516,-71.284,-7.143,-67.434,33.804,-32.767,-46.308,-5.241,7.160,-48.713,-83.729,-53.482,-79.121,-83.298,-78.229,-23.717,-69.696,-19.975,3.714,-9.720,19.860,-11.358,-13.471,-40.958,-78.864,-51.586,-80.108,-71.033,7.919,-67.321,24.720,-31.196,-43.741,-2.408,10.198,-47.664,-81.711,-52.751,-78.079,-82.897,-77.190,-23.935,-67.492,-20.022,-10.947,-9.299,28.322,-11.822,-30.602,-41.837,-76.554,-50.909,-80.516,-71.284,-7.143,-67.434,33.804,-32.767,-46.308,-5.241,7.160,-48.713,-83.729,-53.482,-79.121,-83.298,-78.229,-23.717,-69.696
left,804,-8.929,7.091,-26.435,15.266,23.796,-7.092,-45.036,-79.495,-61.929,-81.851,-64.788,-12.668,-71.556,-6.001,-9.106,-50.161,31.480,20.990,-31.957,-80.950,-49.944,-78.042,-80.646,-82.093,-25.140,-61.776,-7.525,19.967,-25.345,16.624,23.869,2.866,-45.596,-80.680,-62.452,-81.290,-64.339,-0.633,-71.210,-3.401,-9.500,-46.588,33.991,23.876,-32.610,-80.126,-49.690,-76.822,-80.599,-80.802,-25.536,-62.792,-8.929,7.091,-26.435,15.266,23.796,-7.092,-45.036,-79.495,-61.929,-81.851,-64.788,-12.668,-71.556,-6.001,-9.106,-50.161,31.480,20.990,-31.957,-80.950,-49.944,-78.042,-80.646,-82.093,-25.140,-61.776
left,805,-27.551,-24.489,-16.482,14.069,-13.254,-33.803,-34.999,-72.407,-52.374,-78.917,-72.562,-25.122,-68.370,13.113,-26.161,-67.853,-1.121,-1.175,-43.615,-81.734,-52.908,-79.164,-82.165,-79.339,-23.638,-43.180,-26.525,-16.482,-15.174,10.229,-13.383,-24.233,-35.373,-73.945,-52.991,-78.545,-72.101,-13.454,-67.791,14.226,-25.100,-62.513,1.012,1.424,-44.022,-80.259,-52.516,-78.240,-81.970,-77.451,-25.263,-47.339,-27.551,-24.489,-16.482,14.069,-13.254,-33.803,-34.999,-72.407,-52.374,-78.917,-72.562,-25.122,-68.370,13.113,-26.161,-67.853,-1.121,-1.175,-43.615,-81.734,-52.908,-79.164,-82.165,-79.339,-23.638,-43.180
left,806,-34.287,-5.265,-19.736,2.737,-18.128,-7.789,-19.243,-76.784,-56.834,-83.593,-75.266,10.711,-69.789,20.062,-25.320,-66.635,22.940,34.051,-33.883,-78.592,-46.932,-78.006,-80.026,-74.297,-11.466,-35.838,-32.971,9.275,-19.452,9.075,-16.783,0.183,-22.417,-78.870,-57.660,-83.198,-74.527,22.580,-69.390,22.357,-26.627,-62.453,22.822,37.418,-35.438,-78.831,-47.997,-76.910,-80.237,-74.099,-12.009,-43.622,-34.287,-5.265,-19.736,2.737,-18.128,-7.789,-19.243,-76.784,-56.834,-83.593,-75.266,10.711,-69.789,20.062,-25.320,-66.635,22.940,34.051,-33.883,-78.592,-46.932,-78.006,-80.026,-74.297,-11.466,-35.838
left,807,-41.435,-8.696,-20.680,6.917,-26.166,-14.603,-30.714,-81.084,-62.444,-84.362,-76.455,-7.431,-68.111,8.398,-37.961,-79.081,8.044,10.440,-48.844,-83.846,-59.423,-82.729,-83.687,-82.490,-17.541,-22.781,-36.381,-1.567,-18.002,2.631,-22.414,-4.091,-32.985,-82.852,-62.533,-84.782,-74.956,8.285,-67.721,12.903,-36.307,-77.451,13.792,10.913,-48.006,-83.554,-57.366,-83.121,-83.216,-81.432,-18.367,-27.066,-41.435,-8.696,-20.680,6.917,-26.166,-14.603,-30.714,-81.084,-62.444,-84.362,-76.455,-7.431,-68.111,8.398,-37.961,-79.081,8.044,10.440,-48.844,-83.846,-59.423,-82.729,-83.687,-82.490,-17.541,-22.781
left,808,-40.787,-2.611,-2.295,12.161,-39.396,-13.170,-26.815,-81.871,-52.270,-81.282,-80.312,-2.228,-67.513,12.601,-41.533,-76.185,-9.208,-5.671,-55.647,-84.258,-56.665,-82.344,-85.591,-82.274,-24.140,-33.900,-40.482,15.874,-5.406,11.279,-37.080,4.130,-26.521,-83.922,-53.583,-80.803,-79.901,13.186,-68.056,8.697,-39.919,-73.990,-5.781,-2.951,-53.768,-83.258,-56.267,-81.369,-85.232,-81.802,-23.050,-35.631,-40.787,-2.611,-2.295,12.161,-39.396,-13.170,-26.815,-81.871,-52.270,-81.282,-80.312,-2.228,-67.513,12.601,-41.533,-76.185,-9.208,-5.671,-55.647,-84.258,-56.665,-82.344,-85.591,-82.274,-24.140,-33.900
left,809,-36.862,-1.419,-19.051,14.403,-22.003,-13.830,-20.707,-78.392,-55.862,-81.264,-76.882,-3.987,-70.361,11.423,-36.270,-72.969,13.426,13.690,-38.154,-81.380,-49.936,-78.699,-81.669,-79.254,-2.956,-31.117,-34.481,19.777,-20.573,18.744,-17.511,0.870,-24.597,-81.190,-57.362,-80.509,-75.291,15.611,-70.045,14.614,-34.128,-68.452,15.864,15.591,-37.801,-81.026,-50.597,-77.470,-81.369,-78.253,-5.577,-39.858,-36.862,-1.419,-19.051,14.403,-22.003,-13.830,-20.707,-78.392,-55.862,-81.264,-76.882,-3.987,-70.361,11.423,-36.270,-72.969,13.426,13.690,-38.154,-81.380,-49.936,-78.699,-81.669,-79.254,-2.956,-31.117
left,810,-20.916,-6.421,-14.180,12.080,-7.849,-16.507,-42.112,-82.674,-56.968,-81.772,-68.891,-4.827,-66.241,13.990,-36.952,-78.115,6.386,-11.049,-46.656,-85.534,-54.220,-83.786,-81.991,-83.510,-15.391,-33.899,-19.460,1.489,-13.692,7.726,-6.684,-5.790,-43.024,-83.520,-57.482,-81.644,-68.672,5.732,-66.429,12.230,-36.606,-75.920,7.927,-8.882,-46.833,-84.474,-54.112,-83.274,-82.151,-82.575,-16.132,-35.524,-20.916,-6.421,-14.180,12.080,-7.849,-16.507,-42.112,-82.674,-56.968,-81.772,-68.891,-4.827,-66.241,13.990,-36.952,-78.115,6.386,-11.049,-46.656,-85.534,-54.220,-83.786,-81.991,-83.510,-15.391,-33.899
left,811,-31.528,-18.421,-4.188,-0.832,-28.535,-17.737,-31.151,-75.223,-57.515,-84.574,-77.320,-22.532,-68.264,-5.829,-32.432,-61.632,10.963,31.032,-50.797,-79.618,-52.858,-79.787,-84.385,-80.806,-27.180,-46.877,-31.245,-3.106,-5.525,1.736,-27.224,-4.759,-31.651,-77.942,-57.811,-84.182,-77.227,-7.279,-68.709,-2.646,-32.648,-59.755,11.385,35.118,-50.259,-78.992,-53.007,-78.627,-84.435,-79.547,-26.147,-47.799,-31.528,-18.421,-4.188,-0.832,-28.535,-17.737,-31.151,-75.223,-57.515,-84.574,-77.320,-22.532,-68.264,-5.829,-32.432,-61.632,10.963,31.032,-50.797,-79.618,-52.858,-79.787,-84.385,-80.806,-27.180,-46.877
left,812,-38.067,-9.334,-15.345,11.994,-26.841,-19.043,-32.701,-78.372,-58.021,-83.386,-79.186,-8.899,-71.549,12.530,-38.743,-50.808,-0.714,18.026,-50.765,-82.491,-58.320,-80.391,-85.992,-80.297,-19.626,-64.407,-38.583,1.435,-16.676,2.554,-26.291,-1.091,-32.669,-80.537,-58.738,-83.800,-78.869,9.797,-71.332,11.008,-38.152,-47.495,0.219,21.866,-50.371,-80.749,-58.647,-80.257,-85.773,-78.630,-19.757,-63.335,-38.067,-9.334,-15.345,11.994,-26.841,-19.043,-32.701,-78.372,-58.021,-83.386,-79.186,-8.899,-71.549,12.530,-38.743,-50.808,-0.714,18.026,-50.765,-82.491,-58.320,-80.391,-85.992,-80.297,-19.626,-64.407
left,813,-44.851,-8.084,-20.553,25.476,-30.585,-26.746,-26.676,-73.945,-58.069,-75.823,-77.350,-18.365,-67.370,11.440,-47.763,-59.711,-3.563,-0.943,-49.102,-80.914,-59.563,-76.051,-83.392,-78.730,-2.563,-52.627,-42.167,-2.402,-18.884,14.744,-28.703,-14.943,-27.588,-74.911,-58.092,-76.013,-76.265,-8.977,-66.709,7.014,-44.320,-54.547,-0.071,2.082,-48.372,-78.660,-58.122,-75.514,-82.813,-77.163,-7.277,-53.050,-44.851,-8.084,-20.553,25.476,-30.585,-26.746,-26.676,-73.945,-58.069,-75.823,-77.350,-18.365,-67.370,11.440,-47.763,-59.711,-3.563,-0.943,-49.102,-80.914,-59.563,-76.051,-83.392,-78.730,-2.563,-52.627
left,814,-40.146,-16.772,-17.045,-3.337,-27.848,-13.899,-35.358,-74.134,-61.621,-84.010,-76.891,-22.713,-67.971,-10.237,-50.060,-53.758,0.813,34.629,-53.359,-77.729,-61.309,-78.472,-85.062,-80.009,-6.606,-51.839,-36.697,-5.057,-16.667,-1.369,-24.036,-3.739,-38.906,-76.572,-62.672,-84.048,-75.032,-5.858,-67.131,-2.201,-48.900,-50.156,3.608,39.443,-53.591,-77.448,-61.325,-77.756,-84.746,-77.944,-9.180,-54.754,-40.146,-16.772,-17.045,-3.337,-27.848,-13.899,-35.358,-74.134,-61.621,-84.010,-76.891,-22.713,-67.971,-10.237,-50.060,-53.758,0.813,34.629,-53.359,-77.729,-61.309,-78.472,-85.062,-80.009,-6.606,-51.839
left,815,-20.326,-9.178,-14.767,9.124,-6.522,-16.772,-35.750,-78.898,-58.219,-84.027,-70.912,-14.102,-68.882,3.208,-26.794,-64.224,22.520,19.990,-39.940,-82.437,-48.810,-80.835,-81.311,-81.874,-17.958,-50.908,-19.930,-1.425,-15.333,10.172,-5.430,-10.526,-35.130,-79.486,-57.994,-83.501,-71.403,-5.855,-69.761,5.221,-27.943,-61.254,23.652,22.564,-38.653,-81.645,-48.059,-79.778,-81.449,-80.687,-14.863,-52.628,-20.326,-9.178,-14.767,9.124,-6.522,-16.772,-35.750,-78.898,-58.219,-84.027,-70.912,-14.102,-68.882,3.208,-26.794,-64.224,22.520,19.990,-39.940,-82.437,-48.810,-80.835,-81.311,-81.874,-17.958,-50.908
left,816,-30.988,-11.976,6.331,9.116,-35.097,-19.330,-35.015,-72.345,-60.121,-80.920,-76.185,-9.644,-63.306,12.008,-31.726,-55.769,12.459,27.585,-57.823,-77.691,-55.153,-75.657,-84.524,-75.012,-38.224,-49.562,-32.365,-4.971,5.047,5.600,-35.615,-10.011,-33.489,-74.513,-61.051,-81.365,-76.480,-0.921,-63.470,10.101,-29.766,-53.763,15.495,29.971,-57.177,-77.064,-55.016,-75.780,-84.357,-74.747,-39.028,-50.395,-30.988,-11.976,6.331,9.116,-35.097,-19.330,-35.015,-72.345,-60.121,-80.920,-76.185,-9.644,-63.306,12.008,-31.726,-55.769,12.459,27.585,-57.823,-77.691,-55.153,-75.657,-84.524,-75.012,-38.224,-49.562
left,817,-37.762,4.241,-20.552,18.951,-21.662,-12.367,-24.931,-81.776,-57.086,-82.526,-77.544,-3.917,-71.335,9.642,-50.520,-76.855,8.873,8.716,-41.192,-84.030,-53.278,-81.003,-83.143,-82.490,18.852,-30.999,-34.255,14.174,-18.263,9.301,-19.565,4.459,-25.859,-83.639,-57.558,-83.186,-76.652,10.542,-70.973,5.824,-48.647,-74.263,14.848,11.101,-40.364,-82.909,-51.256,-81.320,-82.690,-81.914,16.129,-33.594,-37.762,4.241,-20.552,18.951,-21.662,-12.367,-24.931,-81.776,-57.086,-82.526,-77.544,-3.917,-71.335,9.642,-50.520,-76.855,8.873,8.716,-41.192,-84.030,-53.278,-81.003,-83.143,-82.490,18.852,-30.999
left,818,-32.996,-5.582,1.081,-1.470,-33.713,-4.173,-30.474,-78.036,-53.925,-82.482,-76.174,-1.681,-64.056,2.601,-24.356,-55.293,1.108,18.382,-53.913,-78.953,-53.415,-79.262,-83.435,-78.405,-39.074,-52.922,-30.802,-0.825,-0.355,-10.212,-30.555,10.455,-31.783,-79.226,-54.476,-83.062,-75.023,12.137,-64.034,1.523,-17.856,-52.545,3.692,21.636,-52.627,-77.055,-52.795,-79.398,-82.962,-76.705,-42.329,-51.648,-32.996,-5.582,1.081,-1.470,-33.713,-4.173,-30.474,-78.036,-53.925,-82.482,-76.174,-1.681,-64.056,2.601,-24.356,-55.293,1.108,18.382,-53.913,-78.953,-53.415,-79.262,-83.435,-78.405,-39.074,-52.922
left,819,-43.303,0.344,-20.958,18.103,-28.270,-15.036,-17.851,-77.494,-57.944,-81.675,-77.797,-7.134,-69.047,9.301,-31.165,-72.762,10.748,23.240,-41.075,-80.878,-53.424,-77.417,-81.761,-79.100,-14.396,-29.798,-41.736,12.639,-22.964,11.316,-24.367,1.189,-20.268,-79.533,-59.037,-81.744,-76.937,8.579,-69.507,7.303,-29.130,-69.490,13.407,26.277,-39.697,-79.290,-53.545,-76.946,-81.612,-77.777,-14.911,-32.120,-43.303,0.344,-20.958,18.103,-28.270,-15.036,-17.851,-77.494,-57.944,-81.675,-77.797,-7.134,-69.047,9.301,-31.165,-72.762,10.748,23.240,-41.075,-80.878,-53.424,-77.417,-81.761,-79.100,-14.396,-29.798
left,820,-26.040,-3.467,-12.339,7.681,-15.630,-10.353,-35.706,-81.049,-52.646,-79.969,-74.671,-0.671,-69.979,10.800,-38.234,-68.608,0.418,-8.671,-45.755,-83.011,-52.448,-81.706,-83.715,-81.176,-12.177,-45.882,-26.601,7.729,-11.349,9.323,-17.204,-1.457,-35.482,-82.101,-53.603,-79.394,-74.681,8.340,-69.420,9.942,-38.419,-64.855,2.066,-6.423,-46.582,-82.362,-52.644,-80.717,-83.665,-80.608,-13.256,-49.813,-26.040,-3.467,-12.339,7.681,-15.630,-10.353,-35.706,-81.049,-52.646,-79.969,-74.671,-0.671,-69.979,10.800,-38.234,-68.608,0.418,-8.671,-45.755,-83.011,-52.448,-81.706,-83.715,-81.176,-12.177,-45.882
left,821,-46.123,1.613,-19.024,9.785,-33.465,-7.444,-25.244,-82.341,-54.117,-81.368,-80.930,9.207,-71.339,17.989,-38.087,-71.792,-12.219,-3.694,-50.262,-83.656,-59.724,-82.056,-85.744,-80.716,-19.664,-42.058,-45.106,14.238,-17.540,7.193,-33.430,6.572,-26.094,-84.071,-54.975,-81.566,-80.683,25.732,-70.983,17.978,-38.461,-70.700,-9.895,-1.286,-50.801,-83.024,-59.430,-81.803,-85.724,-79.972,-20.053,-42.062,-46.123,1.613,-19.024,9.785,-33.465,-7.444,-25.244,-82.341,-54.117,-81.368,-80.930,9.207,-71.339,17.989,-38.087,-71.792,-12.219,-3.694,-50.262,-83.656,-59.724,-82.056,-85.744,-80.716,-19.664,-42.058
left,822,-19.612,-7.309,-16.854,5.207,-3.317,-11.896,-42.095,-81.505,-54.534,-82.027,-74.042,-12.638,-73.151,-0.842,-23.989,-68.715,2.381,-4.618,-44.016,-83.705,-53.451,-82.857,-84.969,-83.842,-26.347,-47.915,-17.330,-1.528,-17.458,5.752,0.154,-6.884,-43.306,-81.869,-55.306,-81.701,-73.418,-6.667,-73.459,0.232,-23.323,-67.868,4.866,-2.433,-43.218,-83.117,-53.131,-82.146,-84.930,-83.078,-25.947,-47.458,-19.612,-7.309,-16.854,5.207,-3.317,-11.896,-42.095,-81.505,-54.534,-82.027,-74.042,-12.638,-73.151,-0.842,-23.989,-68.715,2.381,-4.618,-44.016,-83.705,-53.451,-82.857,-84.969,-83.842,-26.347,-47.915
left,823,-43.847,-10.148,-13.252,8.282,-35.269,-17.020,-22.927,-77.978,-54.525,-79.662,-81.918,-15.235,-72.065,2.151,-38.560,-69.219,-4.830,-2.710,-50.110,-81.726,-56.721,-80.213,-86.063,-81.333,-18.798,-40.634,-43.051,4.320,-14.619,7.097,-33.300,-2.592,-23.561,-79.951,-55.953,-79.518,-80.958,7.936,-71.452,10.809,-36.124,-65.240,-1.172,2.114,-49.015,-80.471,-56.469,-79.085,-85.445,-78.360,-20.181,-43.816,-43.847,-10.148,-13.252,8.282,-35.269,-17.020,-22.927,-77.978,-54.525,-79.662,-81.918,-15.235,-72.065,2.151,-38.560,-69.219,-4.830,-2.710,-50.110,-81.726,-56.721,-80.213,-86.063,-81.333,-18.798,-40.634
left,824,-35.803,3.234,-4.230,38.251,-32.967,-25.328,-30.297,-77.349,-56.952,-80.630,-76.826,-20.422,-65.429,6.571,-32.292,-48.428,3.950,20.721,-53.276,-83.086,-55.252,-76.616,-83.847,-81.975,-30.992,-67.204,-35.063,12.736,-5.067,28.640,-31.597,-12.363,-31.447,-79.697,-58.181,-81.408,-75.989,-1.050,-64.898,12.910,-30.770,-47.068,6.451,23.111,-53.108,-82.207,-55.484,-77.111,-83.540,-79.910,-32.266,-66.385,-35.803,3.234,-4.230,38.251,-32.967,-25.328,-30.297,-77.349,-56.952,-80.630,-76.826,-20.422,-65.429,6.571,-32.292,-48.428,3.950,20.721,-53.276,-83.086,-55.252,-76.616,-83.847,-81.975,-30.992,-67.204
left,825,-36.504,-28.116,10.698,13.049,-42.641,-36.414,-34.252,-74.198,-59.972,-82.617,-73.829,-20.543,-54.374,24.960,-39.967,-72.659,4.296,6.702,-62.287,-83.594,-58.253,-81.453,-82.793,-79.499,-37.180,-39.992,-35.932,-21.668,11.753,9.364,-42.670,-28.375,-35.378,-75.831,-60.930,-82.740,-73.178,-13.240,-53.215,21.131,-38.802,-70.853,5.969,9.690,-62.952,-82.689,-58.598,-81.068,-82.667,-79.031,-39.463,-40.608,-36.504,-28.116,10.698,13.049,-42.641,-36.414,-34.252,-74.198,-59.972,-82.617,-73.829,-20.543,-54.374,24.960,-39.967,-72.659,4.296,6.702,-62.287,-83.594,-58.253,-81.453,-82.793,-79.499,-37.180,-39.992
left,826,-39.299,-16.482,-2.518,32.214,-37.731,-36.831,-32.722,-77.335,-57.347,-82.893,-80.783,-31.715,-69.138,8.099,-43.423,-65.193,-4.256,10.653,-58.107,-85.683,-59.162,-81.071,-87.071,-84.523,-25.954,-58.866,-38.521,-8.043,-1.119,29.086,-37.826,-28.763,-33.445,-79.019,-58.391,-82.973,-80.390,-18.904,-68.459,13.840,-42.712,-63.789,-1.663,13.310,-58.620,-85.054,-59.083,-80.707,-86.948,-82.985,-27.769,-58.725,-39.299,-16.482,-2.518,32.214,-37.731,-36.831,-32.722,-77.335,-57.347,-82.893,-80.783,-31.715,-69.138,8.099,-43.423,-65.193,-4.256,10.653,-58.107,-85.683,-59.162,-81.071,-87.071,-84.523,-25.954,-58.866
left,827,-36.624,-22.175,-7.124,9.117,-31.763,-28.678,-31.738,-73.291,-58.269,-84.032,-76.559,-22.352,-65.647,8.869,-37.421,-63.349,3.669,30.177,-53.420,-80.951,-56.738,-79.214,-83.998,-79.261,-25.566,-48.025,-35.490,-8.923,-9.494,4.562,-28.723,-12.896,-33.691,-76.058,-59.927,-83.844,-75.870,-9.440,-66.146,3.968,-35.888,-61.151,6.745,34.967,-52.737,-79.146,-57.224,-78.195,-83.999,-78.318,-26.281,-46.320,-36.624,-22.175,-7.124,9.117,-31.763,-28.678,-31.738,-73.291,-58.269,-84.032,-76.559,-22.352,-65.647,8.869,-37.421,-63.349,3.669,30.177,-53.420,-80.951,-56.738,-79.214,-83.998,-79.261,-25.566,-48.025
left,828,-37.450,2.380,-22.705,42.232,-19.077,-28.019,-27.524,-78.908,-58.282,-79.797,-75.461,-17.177,-69.676,15.061,-35.481,-74.568,8.667,6.886,-41.350,-84.817,-54.666,-78.406,-82.215,-82.531,-9.097,-40.302,-35.084,18.892,-22.131,40.761,-16.634,-15.536,-29.683,-81.388,-59.295,-79.647,-74.739,-2.523,-69.698,15.407,-36.110,-71.511,12.141,8.725,-41.380,-84.279,-54.353,-77.872,-82.237,-81.857,-8.248,-44.818,-37.450,2.380,-22.705,42.232,-19.077,-28.019,-27.524,-78.908,-58.282,-79.797,-75.461,-17.177,-69.676,15.061,-35.481,-74.568,8.667,6.886,-41.350,-84.817,-54.666,-78.406,-82.215,-82.531,-9.097,-40.302
left,829,-28.081,-10.825,-32.151,-1.592,5.999,-9.383,-37.332,-79.464,-59.516,-81.802,-73.623,-11.179,-75.116,-1.982,-22.925,-60.305,11.327,0.634,-33.573,-81.391,-54.930,-81.687,-83.470,-81.760,-13.814,-53.119,-27.321,-3.751,-34.407,-0.644,10.803,-3.127,-41.426,-80.407,-62.435,-81.660,-72.081,0.346,-74.803,3.585,-23.816,-58.071,13.326,2.825,-35.098,-81.020,-57.429,-81.142,-83.647,-80.339,-14.809,-54.733,-28.081,-10.825,-32.151,-1.592,5.999,-9.383,-37.332,-79.464,-59.516,-81.802,-73.623,-11.179,-75.116,-1.982,-22.925,-60.305,11.327,0.634,-33.573,-81.391,-54.930,-81.687,-83.470,-81.760,-13.814,-53.119
left,830,-27.427,9.043,-18.856,24.431,-10.562,-12.367,-30.396,-78.388,-55.187,-81.190,-72.454,20.028,-69.201,36.966,-21.072,-49.618,12.720,25.282,-37.748,-81.061,-49.486,-76.434,-80.827,-74.060,-21.128,-62.409,-28.029,24.185,-20.146,19.065,-9.871,4.300,-31.086,-79.925,-56.202,-80.458,-72.151,33.209,-69.101,27.717,-20.932,-47.798,13.242,27.569,-37.889,-79.062,-50.402,-75.070,-80.808,-73.258,-21.446,-59.890,-27.427,9.043,-18.856,24.431,-10.562,-12.367,-30.396,-78.388,-55.187,-81.190,-72.454,20.028,-69.201,36.966,-21.072,-49.618,12.720,25.282,-37.748,-81.061,-49.486,-76.434,-80.827,-74.060,-21.128,-62.409
left,831,-38.719,-11.526,-6.409,0.707,-34.523,-12.147,-22.939,-77.298,-59.687,-82.691,-76.729,-17.044,-64.460,-5.574,-28.901,-65.766,17.141,16.043,-49.543,-80.055,-52.777,-79.914,-82.067,-81.167,-29.033,-41.741,-37.836,9.723,-7.559,5.288,-32.752,4.212,-23.634,-80.453,-60.378,-82.128,-76.022,7.099,-64.343,2.770,-28.482,-61.293,19.814,20.003,-48.646,-79.630,-52.528,-78.553,-81.689,-79.066,-28.193,-47.374,-38.719,-11.526,-6.409,0.707,-34.523,-12.147,-22.939,-77.298,-59.687,-82.691,-76.729,-17.044,-64.460,-5.574,-28.901,-65.766,17.141,16.043,-49.543,-80.055,-52.777,-79.914,-82.067,-81.167,-29.033,-41.741
one_right,800,-29.608,-8.832,1.521,2.908,-30.663,-11.408,-43.003,-80.528,-62.288,-82.446,-72.585,-5.098,-60.462,7.123,-41.508,-55.033,6.388,1.130,-60.480,-82.749,-59.878,-82.248,-84.374,-81.520,-32.435,-61.636,-30.177,-2.860,-1.092,7.385,-29.406,-9.541,-43.689,-81.274,-64.366,-82.385,-70.705,5.519,-58.502,16.649,-39.397,-51.965,10.339,3.269,-60.248,-83.061,-60.682,-81.810,-83.504,-80.240,-34.405,-64.735,-29.608,-8.832,1.521,2.908,-30.663,-11.408,-43.003,-80.528,-62.288,-82.446,-72.585,-5.098,-60.462,7.123,-41.508,-55.033,6.388,1.130,-60.480,-82.749,-59.878,-82.248,-84.374,-81.520,-32.435,-61.636
one_right,801,-40.205,-4.411,17.414,2.413,-49.074,-6.663,-32.814,-81.585,-57.732,-81.958,-76.895,-8.977,-54.630,-2.479,-43.250,-53.242,-4.955,-2.436,-65.785,-82.812,-59.826,-82.398,-84.477,-83.239,-39.708,-63.241,-40.336,4.173,10.316,4.048,-45.915,0.120,-34.693,-82.391,-60.784,-81.706,-74.758,0.889,-53.330,0.768,-41.666,-50.064,-0.640,0.268,-64.679,-82.370,-61.035,-81.657,-83.516,-82.235,-39.450,-64.696,-40.205,-4.411,17.414,2.413,-49.074,-6.663,-32.814,-81.585,-57.732,-81.958,-76.895,-8.977,-54.630,-2.479,-43.250,-53.242,-4.955,-2.436,-65.785,-82.812,-59.826,-82.398,-84.477,-83.239,-39.708,-63.241
one_right,802,-15.490,-10.621,11.141,3.272,-23.962,-13.453,-53.172,-79.449,-67.630,-82.448,-62.497,-15.250,-50.678,-2.076,-25.138,-73.206,22.257,4.645,-64.393,-82.214,-60.426,-81.632,-82.438,-82.583,-52.436,-33.619,-8.533,-4.650,13.427,-1.638,-19.361,-3.062,-56.061,-80.514,-68.326,-82.717,-59.349,-10.760,-49.589,-7.940,-26.054,-70.675,26.887,7.506,-64.568,-81.111,-59.810,-81.420,-82.138,-82.610,-52.084,-35.586,-15.490,-10.621,11.141,3.272,-23.962,-13.453,-53.172,-79.449,-67.630,-82.448,-62.497,-15.250,-50.678,-2.076,-25.138,-73.206,22.257,4.645,-64.393,-82.214,-60.426,-81.632,-82.438,-82.583,-52.436,-33.619
one_right,803,-34.276,-2.575,-3.664,10.208,-31.776,-11.599,-33.999,-79.766,-62.129,-81.950,-74.104,-4.753,-62.043,7.744,-38.664,-63.216,14.543,9.211,-54.971,-82.113,-56.621,-80.287,-82.909,-80.728,-26.587,-51.373,-32.239,5.884,-0.933,10.949,-31.601,-4.565,-35.368,-81.810,-62.808,-82.725,-73.186,8.960,-60.797,14.172,-39.298,-59.756,17.753,11.497,-55.792,-82.640,-56.205,-80.739,-82.669,-80.180,-27.173,-56.863,-34.276,-2.575,-3.664,10.208,-31.776,-11.599,-33.999,-79.766,-62.129,-81.950,-74.104,-4.753,-62.043,7.744,-38.664,-63.216,14.543,9.211,-54.971,-82.113,-56.621,-80.287,-82.909,-80.728,-26.587,-51.373
one_right,804,-35.175,-8.087,1.723,17.890,-36.273,-22.035,-41.481,-74.493,-68.140,-83.186,-65.822,-4.788,-46.368,22.120,-22.026,-48.207,19.066,39.430,-62.708,-80.114,-62.066,-76.556,-79.999,-75.715,-52.174,-61.605,-30.436,0.271,1.168,7.414,-31.239,-6.650,-44.290,-75.999,-69.602,-83.097,-61.643,0.453,-44.218,7.609,-16.130,-44.712,27.490,42.374,-61.693,-77.596,-61.246,-75.934,-78.632,-75.891,-54.326,-59.477,-35.175,-8.087,1.723,17.890,-36.273,-22.035,-41.481,-74.493,-68.140,-83.186,-65.822,-4.788,-46.368,22.120,-22.026,-48.207,19.066,39.430,-62.708,-80.114,-62.066,-76.556,-79.999,-75.715,-52.174,-61.605
one_right,805,-33.803,-9.822,14.369,7.558,-42.120,-16.158,-35.856,-78.441,-58.900,-80.649,-73.747,-3.160,-54.642,15.503,-43.891,-76.827,3.312,0.464,-62.873,-81.925,-57.539,-80.559,-83.160,-79.123,-33.832,-21.998,-33.435,3.311,3.077,3.044,-35.422,0.259,-36.727,-80.894,-60.764,-80.852,-72.051,15.088,-56.720,14.791,-42.237,-73.628,7.342,3.084,-59.140,-80.844,-57.883,-80.261,-82.316,-78.011,-29.262,-27.363,-33.803,-9.822,14.369,7.558,-42.120,-16.158,-35.856,-78.441,-58.900,-80.649,-73.747,-3.160,-54.642,15.503,-43.891,-76.827,3.312,0.464,-62.873,-81.925,-57.539,-80.559,-83.160,-79.123,-33.832,-21.998
one_right,806,-37.093,-18.363,5.539,6.501,-40.394,-23.346,-35.466,-81.105,-58.167,-82.993,-76.353,-9.415,-60.327,18.173,-44.869,-53.661,-2.954,-9.299,-61.534,-85.516,-59.403,-84.575,-84.739,-82.884,-30.229,-68.744,-36.340,-6.456,6.032,4.624,-39.962,-10.591,-36.050,-82.421,-58.970,-82.280,-75.582,2.438,-59.329,14.571,-46.203,-52.440,-0.778,-7.201,-61.606,-84.282,-59.290,-83.556,-84.385,-81.992,-28.631,-66.953,-37.093,-18.363,5.539,6.501,-40.394,-23.346,-35.466,-81.105,-58.167,-82.993,-76.353,-9.415,-60.327,18.173,-44.869,-53.661,-2.954,-9.299,-61.534,-85.516,-59.403,-84.575,-84.739,-82.884,-30.229,-68.744
one_right,807,-31.476,-24.562,0.855,10.681,-32.057,-31.842,-36.785,-75.059,-64.460,-85.520,-74.239,-27.853,-62.084,5.852,-36.305,-62.646,21.883,29.935,-57.050,-83.001,-56.682,-81.185,-83.715,-82.006,-32.569,-54.491,-30.603,-17.836,3.621,6.696,-33.028,-22.992,-39.022,-76.902,-66.488,-85.687,-72.725,-19.634,-59.273,4.360,-35.333,-61.041,26.275,32.592,-59.162,-82.213,-57.683,-81.022,-83.368,-81.437,-36.848,-54.344,-31.476,-24.562,0.855,10.681,-32.057,-31.842,-36.785,-75.059,-64.460,-85.520,-74.239,-27.853,-62.084,5.852,-36.305,-62.646,21.883,29.935,-57.050,-83.001,-56.682,-81.185,-83.715,-82.006,-32.569,-54.491
one_right,808,-35.462,-16.606,14.586,13.543,-43.678,-26.553,-25.437,-74.321,-58.738,-81.505,-74.896,-13.953,-55.427,17.155,-27.207,-71.542,16.623,15.787,-58.005,-81.139,-51.879,-78.585,-81.282,-77.904,-42.309,-33.725,-33.282,-4.125,14.863,16.711,-41.915,-17.852,-25.358,-75.722,-58.794,-80.593,-73.813,-0.950,-54.915,20.575,-24.251,-67.503,20.855,19.936,-56.644,-80.057,-50.200,-76.724,-80.453,-75.953,-42.764,-38.631,-35.462,-16.606,14.586,13.543,-43.678,-26.553,-25.437,-74.321,-58.738,-81.505,-74.896,-13.953,-55.427,17.155,-27.207,-71.542,16.623,15.787,-58.005,-81.139,-51.879,-78.585,-81.282,-77.904,-42.309,-33.725
one_right,809,-13.663,-10.620,-12.548,33.054,-1.275,-32.824,-52.326,-77.325,-66.348,-80.250,-57.690,-24.175,-57.144,12.875,-28.574,-69.037,22.314,2.617,-52.934,-84.768,-58.839,-79.734,-79.829,-82.807,-34.105,-50.807,-11.894,-1.814,-12.700,23.046,0.923,-20.204,-53.743,-78.914,-67.282,-80.282,-56.695,-17.873,-57.091,2.920,-28.969,-66.372,24.565,5.002,-53.316,-83.174,-59.244,-79.296,-79.968,-82.682,-34.276,-49.964,-13.663,-10.620,-12.548,33.054,-1.275,-32.824,-52.326,-77.325,-66.348,-80.250,-57.690,-24.175,-57.144,12.875,-28.574,-69.037,22.314,2.617,-52.934,-84.768,-58.839,-79.734,-79.829,-82.807,-34.105,-50.807
one_right,810,-32.428,-30.461,-7.231,4.587,-27.161,-33.511,-32.368,-69.739,-57.772,-80.890,-76.131,-28.093,-67.231,8.149,-51.815,-63.352,8.223,10.115,-50.738,-79.879,-54.300,-78.957,-83.857,-78.240,2.235,-45.098,-33.599,-23.323,-12.967,3.600,-23.706,-25.988,-33.960,-70.630,-61.337,-80.399,-74.133,-18.824,-66.096,9.679,-49.793,-59.837,13.419,14.891,-49.615,-78.263,-56.149,-77.480,-82.917,-76.159,0.354,-45.878,-32.428,-30.461,-7.231,4.587,-27.161,-33.511,-32.368,-69.739,-57.772,-80.890,-76.131,-28.093,-67.231,8.149,-51.815,-63.352,8.223,10.115,-50.738,-79.879,-54.300,-78.957,-83.857,-78.240,2.235,-45.098
one_right,811,-29.852,6.477,95.544,29.004,-64.127,-17.463,-31.924,-78.789,-51.742,-78.042,-75.185,5.842,-30.826,28.235,-39.741,-66.392,-1.045,2.851,-75.579,-82.493,-52.246,-77.416,-83.107,-77.550,-59.473,-47.909,-29.155,21.737,105.120,24.008,-65.462,-1.831,-31.380,-80.777,-52.219,-78.017,-75.327,21.766,-28.563,24.038,-41.995,-61.975,1.743,6.449,-76.300,-81.129,-51.387,-76.599,-83.070,-76.593,-59.141,-50.373,-29.852,6.477,95.544,29.004,-64.127,-17.463,-31.924,-78.789,-51.742,-78.042,-75.185,5.842,-30.826,28.235,-39.741,-66.392,-1.045,2.851,-75.579,-82.493,-52.246,-77.416,-83.107,-77.550,-59.473,-47.909
one_right,812,-34.795,-9.270,21.838,18.299,-46.482,-23.304,-29.772,-78.574,-57.961,-80.759,-76.627,-14.206,-56.326,11.863,-39.779,-70.919,8.928,1.034,-62.416,-83.567,-54.208,-80.560,-83.585,-81.618,-37.590,-43.492,-34.817,-6.093,21.974,10.569,-46.560,-15.069,-30.745,-79.131,-59.776,-81.127,-75.564,-6.964,-54.274,9.542,-39.803,-67.546,12.228,3.840,-62.990,-82.276,-54.858,-80.403,-83.077,-80.584,-38.519,-45.386,-34.795,-9.270,21.838,18.299,-46.482,-23.304,-29.772,-78.574,-57.961,-80.759,-76.627,-14.206,-56.326,11.863,-39.779,-70.919,8.928,1.034,-62.416,-83.567,-54.208,-80.560,-83.585,-81.618,-37.590,-43.492
one_right,813,-39.561,5.985,-3.027,26.579,-37.675,-16.270,-28.125,-78.330,-60.207,-82.452,-77.431,-11.811,-63.788,5.325,-39.542,-62.581,9.165,30.881,-55.204,-81.856,-56.560,-77.033,-83.779,-80.889,-25.906,-51.511,-39.420,15.385,-2.133,22.858,-38.099,-6.083,-28.872,-79.291,-62.004,-82.325,-76.101,1.291,-61.391,7.852,-39.622,-60.975,13.405,35.191,-55.971,-80.550,-56.911,-76.105,-83.001,-79.023,-27.078,-50.162,-39.561,5.985,-3.027,26.579,-37.675,-16.270,-28.125,-78.330,-60.207,-82.452,-77.431,-11.811,-63.788,5.325,-39.542,-62.581,9.165,30.881,-55.204,-81.856,-56.560,-77.033,-83.779,-80.889,-25.906,-51.511
one_right,814,-26.380,8.214,-10.059,17.279,-18.147,-7.730,-42.473,-80.187,-63.793,-82.929,-68.558,-1.732,-61.587,6.500,-36.724,-51.641,16.971,25.600,-52.912,-81.718,-57.649,-78.559,-81.912,-80.530,-25.583,-62.195,-25.765,15.463,-17.166,8.148,-10.381,6.763,-44.530,-81.368,-66.584,-83.374,-65.148,13.969,-61.111,6.750,-35.046,-48.557,23.228,29.393,-50.289,-80.108,-58.822,-78.487,-80.668,-78.765,-23.467,-61.331,-26.380,8.214,-10.059,17.279,-18.147,-7.730,-42.473,-80.187,-63.793,-82.929,-68.558,-1.732,-61.587,6.500,-36.724,-51.641,16.971,25.600,-52.912,-81.718,-57.649,-78.559,-81.912,-80.530,-25.583,-62.195
one_right,815,-40.805,-4.110,-7.919,10.405,-35.715,-13.146,-24.734,-77.484,-56.343,-79.189,-77.198,-7.145,-64.529,6.910,-35.080,-52.617,2.053,3.746,-51.615,-80.444,-55.447,-78.409,-82.838,-79.093,-25.470,-58.728,-38.524,8.981,-8.622,13.497,-32.723,-3.979,-26.731,-79.581,-58.378,-79.402,-75.569,4.739,-63.686,9.079,-32.921,-49.028,8.221,8.034,-50.707,-80.393,-54.957,-77.747,-82.100,-78.613,-26.514,-61.534,-40.805,-4.110,-7.919,10.405,-35.715,-13.146,-24.734,-77.484,-56.343,-79.189,-77.198,-7.145,-64.529,6.910,-35.080,-52.617,2.053,3.746,-51.615,-80.444,-55.447,-78.409,-82.838,-79.093,-25.470,-58.728
one_right,816,-31.227,-13.774,-1.580,8.363,-30.124,-20.429,-33.617,-78.216,-61.501,-82.064,-73.806,-13.638,-62.514,8.534,-27.838,-58.922,18.584,4.723,-53.614,-82.666,-54.347,-81.216,-82.612,-81.187,-35.720,-57.803,-23.680,0.149,0.143,18.902,-23.789,-15.772,-37.879,-78.724,-62.085,-80.486,-70.300,-4.704,-61.029,13.141,-25.911,-54.742,25.045,9.190,-52.657,-82.080,-52.590,-78.692,-81.550,-79.725,-36.100,-60.404,-31.227,-13.774,-1.580,8.363,-30.124,-20.429,-33.617,-78.216,-61.501,-82.064,-73.806,-13.638,-62.514,8.534,-27.838,-58.922,18.584,4.723,-53.614,-82.666,-54.347,-81.216,-82.612,-81.187,-35.720,-57.803
one_right,817,-20.864,-4.091,-19.003,29.041,-2.297,-25.676,-44.546,-71.156,-67.438,-81.472,-67.436,-14.132,-66.670,15.532,-32.878,-62.499,34.771,49.308,-45.820,-78.562,-56.116,-72.336,-81.942,-75.233,-19.282,-42.834,-19.456,11.931,-20.922,23.160,1.853,-9.118,-49.702,-74.058,-69.982,-81.121,-65.009,4.652,-65.645,15.151,-35.390,-54.158,34.960,53.799,-48.770,-76.424,-59.488,-70.963,-82.400,-72.852,-20.709,-48.571,-20.864,-4.091,-19.003,29.041,-2.297,-25.676,-44.546,-71.156,-67.438,-81.472,-67.436,-14.132,-66.670,15.532,-32.878,-62.499,34.771,49.308,-45.820,-78.562,-56.116,-72.336,-81.942,-75.233,-19.282,-42.834
one_right,818,-19.522,-5.080,-26.183,25.543,9.024,-24.393,-46.459,-78.721,-67.550,-83.998,-62.212,-14.265,-65.340,13.395,-22.024,-62.345,32.784,26.218,-41.628,-83.912,-56.912,-79.802,-79.768,-81.756,-25.141,-57.274,-15.073,9.583,-25.402,10.710,13.846,-1.018,-50.308,-81.276,-68.890,-84.149,-58.153,8.784,-63.243,9.902,-19.805,-57.717,35.653,29.444,-43.428,-81.466,-57.798,-79.481,-79.206,-79.631,-29.456,-56.167,-19.522,-5.080,-26.183,25.543,9.024,-24.393,-46.459,-78.721,-67.550,-83.998,-62.212,-14.265,-65.340,13.395,-22.024,-62.345,32.784,26.218,-41.628,-83.912,-56.912,-79.802,-79.768,-81.756,-25.141,-57.274
one_right,819,-29.113,-12.232,15.503,6.659,-38.628,-17.712,-35.673,-77.849,-61.774,-83.229,-71.936,-17.231,-54.272,0.585,-36.822,-59.321,19.292,15.918,-60.521,-81.773,-54.400,-80.559,-81.947,-81.666,-37.511,-55.192,-26.934,-8.983,17.004,3.144,-37.553,-11.757,-39.238,-79.096,-63.754,-83.859,-69.488,-7.921,-51.139,4.348,-35.862,-57.784,22.486,17.875,-62.056,-81.554,-55.604,-80.974,-81.460,-80.752,-40.840,-56.305,-29.113,-12.232,15.503,6.659,-38.628,-17.712,-35.673,-77.849,-61.774,-83.229,-71.936,-17.231,-54.272,0.585,-36.822,-59.321,19.292,15.918,-60.521,-81.773,-54.400,-80.559,-81.947,-81.666,-37.511,-55.192
one_right,820,-31.809,-17.710,13.912,14.958,-40.137,-28.418,-33.820,-78.421,-56.916,-79.747,-73.946,-22.505,-56.476,8.260,-35.787,-61.973,4.747,-12.322,-60.383,-84.553,-54.871,-82.242,-82.757,-83.277,-38.303,-59.379,-29.997,-7.151,6.749,6.183,-34.423,-12.557,-37.058,-80.631,-58.673,-79.845,-71.834,-9.620,-57.049,3.359,-32.890,-58.298,6.618,-10.772,-58.724,-83.063,-55.939,-82.016,-82.272,-82.494,-38.495,-59.386,-31.809,-17.710,13.912,14.958,-40.137,-28.418,-33.820,-78.421,-56.916,-79.747,-73.946,-22.505,-56.476,8.260,-35.787,-61.973,4.747,-12.322,-60.383,-84.553,-54.871,-82.242,-82.757,-83.277,-38.303,-59.379
one_right,821,-32.437,-14.952,-16.055,11.463,-19.515,-23.699,-33.960,-71.284,-61.229,-79.018,-71.638,-19.368,-64.761,5.676,-25.314,-26.153,15.083,16.393,-46.847,-78.089,-55.381,-75.578,-81.270,-76.846,-28.832,-70.330,-29.163,-3.701,-15.411,12.591,-16.257,-14.470,-38.463,-74.526,-63.524,-79.389,-68.541,-6.688,-62.434,9.099,-23.127,-23.746,19.505,19.020,-48.467,-78.212,-56.409,-75.469,-80.641,-76.230,-32.964,-71.427,-32.437,-14.952,-16.055,11.463,-19.515,-23.699,-33.960,-71.284,-61.229,-79.018,-71.638,-19.368,-64.761,5.676,-25.314,-26.153,15.083,16.393,-46.847,-78.089,-55.381,-75.578,-81.270,-76.846,-28.832,-70.330
one_right,822,-26.453,-5.289,4.882,22.233,-29.876,-22.516,-37.820,-78.753,-58.606,-82.092,-70.613,1.722,-58.093,31.282,-38.900,-65.837,10.477,12.372,-56.397,-83.537,-54.269,-79.877,-81.727,-78.387,-28.637,-51.811,-26.330,4.391,6.567,11.881,-30.869,-6.694,-37.915,-81.016,-59.823,-82.613,-69.790,11.532,-56.301,19.534,-38.379,-61.552,13.841,13.983,-57.080,-82.286,-54.262,-80.182,-81.244,-78.826,-30.349,-53.929,-26.453,-5.289,4.882,22.233,-29.876,-22.516,-37.820,-78.753,-58.606,-82.092,-70.613,1.722,-58.093,31.282,-38.900,-65.837,10.477,12.372,-56.397,-83.537,-54.269,-79.877,-81.727,-78.387,-28.637,-51.811
one_right,823,-34.078,-3.404,-32.573,5.973,-2.233,-8.848,-40.273,-76.524,-63.049,-83.835,-74.411,-7.049,-73.827,1.974,-41.609,-55.330,6.556,40.290,-41.606,-78.601,-60.627,-77.323,-84.717,-78.178,0.004,-52.095,-33.052,13.096,-34.714,12.629,2.545,0.415,-41.128,-78.740,-65.242,-83.330,-72.031,12.412,-72.725,11.948,-38.979,-51.568,13.394,44.235,-39.629,-78.652,-60.586,-75.956,-83.534,-76.101,-1.065,-55.922,-34.078,-3.404,-32.573,5.973,-2.233,-8.848,-40.273,-76.524,-63.049,-83.835,-74.411,-7.049,-73.827,1.974,-41.609,-55.330,6.556,40.290,-41.606,-78.601,-60.627,-77.323,-84.717,-78.178,0.004,-52.095
one_right,824,-40.036,-15.597,-16.784,5.227,-27.942,-19.789,-35.591,-80.711,-61.063,-85.031,-75.809,-6.621,-66.429,16.417,-54.756,-68.393,-0.809,8.759,-53.588,-84.528,-61.378,-83.720,-84.419,-81.988,2.581,-51.051,-37.624,1.439,-21.432,6.202,-20.609,-4.485,-37.830,-82.783,-63.263,-84.457,-73.056,8.706,-66.061,13.810,-52.485,-64.511,5.558,12.361,-50.642,-83.555,-61.221,-82.535,-83.249,-81.284,3.879,-53.662,-40.036,-15.597,-16.784,5.227,-27.942,-19.789,-35.591,-80.711,-61.063,-85.031,-75.809,-6.621,-66.429,16.417,-54.756,-68.393,-0.809,8.759,-53.588,-84.528,-61.378,-83.720,-84.419,-81.988,2.581,-51.051
one_right,825,-30.583,-5.518,1.208,15.157,-31.411,-17.953,-33.000,-76.380,-59.892,-82.194,-76.316,-14.834,-65.469,3.802,-41.990,-59.822,15.962,25.330,-54.045,-80.621,-53.490,-77.683,-84.131,-79.884,-20.781,-51.766,-26.975,5.801,2.189,13.921,-28.539,-7.127,-35.564,-77.192,-61.747,-81.079,-73.256,1.634,-62.576,9.434,-38.775,-55.827,23.008,27.539,-53.954,-78.817,-52.946,-75.868,-82.768,-76.819,-24.793,-52.046,-30.583,-5.518,1.208,15.157,-31.411,-17.953,-33.000,-76.380,-59.892,-82.194,-76.316,-14.834,-65.469,3.802,-41.990,-59.822,15.962,25.330,-54.045,-80.621,-53.490,-77.683,-84.131,-79.884,-20.781,-51.766
one_right,826,-43.274,-4.334,1.795,18.658,-44.274,-19.377,-27.270,-79.423,-58.669,-82.671,-78.984,-16.994,-62.288,2.956,-43.139,-66.116,-0.178,13.598,-59.470,-83.410,-58.743,-80.315,-84.715,-82.920,-28.721,-51.039,-40.735,14.898,0.047,16.500,-40.763,-1.375,-29.990,-81.939,-60.679,-82.206,-76.433,6.005,-60.216,7.483,-39.688,-63.772,5.520,16.621,-58.528,-82.187,-58.508,-79.248,-83.501,-80.854,-31.238,-50.831,-43.274,-4.334,1.795,18.658,-44.274,-19.377,-27.270,-79.423,-58.669,-82.671,-78.984,-16.994,-62.288,2.956,-43.139,-66.116,-0.178,13.598,-59.470,-83.410,-58.743,-80.315,-84.715,-82.920,-28.721,-51.039
one_right,827,-41.690,-13.691,-22.685,4.025,-24.582,-17.031,-37.696,-76.745,-67.131,-81.471,-74.661,-15.736,-66.403,1.560,-35.509,-55.140,10.526,8.319,-53.012,-80.706,-63.671,-79.929,-84.213,-80.404,-27.140,-56.989,-36.557,-3.076,-25.648,-0.159,-14.671,-2.922,-43.892,-78.656,-69.150,-81.564,-70.048,1.810,-64.898,4.874,-33.613,-51.713,15.389,12.216,-52.123,-79.279,-64.403,-79.312,-83.194,-78.269,-27.883,-57.088,-41.690,-13.691,-22.685,4.025,-24.582,-17.031,-37.696,-76.745,-67.131,-81.471,-74.661,-15.736,-66.403,1.560,-35.509,-55.140,10.526,8.319,-53.012,-80.706,-63.671,-79.929,-84.213,-80.404,-27.140,-56.989
one_right,828,-21.649,-9.993,-7.336,15.741,-15.446,-22.234,-50.135,-77.137,-65.602,-79.537,-69.895,-17.547,-64.396,6.028,-41.193,-64.059,13.580,0.561,-57.837,-82.221,-60.930,-79.422,-84.988,-81.149,-28.303,-50.531,-18.793,-4.586,-5.163,11.136,-14.372,-14.147,-53.379,-77.062,-67.321,-78.534,-67.656,-7.556,-62.228,7.677,-42.653,-57.452,15.851,1.956,-60.080,-80.307,-62.141,-78.114,-84.921,-78.795,-30.388,-53.716,-21.649,-9.993,-7.336,15.741,-15.446,-22.234,-50.135,-77.137,-65.602,-79.537,-69.895,-17.547,-64.396,6.028,-41.193,-64.059,13.580,0.561,-57.837,-82.221,-60.930,-79.422,-84.988,-81.149,-28.303,-50.531
one_right,829,-31.409,2.195,-3.640,6.976,-28.817,-4.469,-39.694,-81.448,-60.743,-81.187,-72.888,-15.013,-61.913,-11.037,-39.828,-53.717,5.369,0.778,-57.073,-82.277,-58.635,-81.040,-83.650,-84.233,-28.659,-61.707,-29.169,5.341,-6.477,1.870,-24.263,3.407,-43.836,-82.970,-63.215,-82.563,-69.870,1.856,-60.217,-1.501,-37.654,-51.242,8.147,2.881,-57.464,-82.390,-60.219,-82.061,-83.078,-82.654,-31.773,-63.883,-31.409,2.195,-3.640,6.976,-28.817,-4.469,-39.694,-81.448,-60.743,-81.187,-72.888,-15.013,-61.913,-11.037,-39.828,-53.717,5.369,0.778,-57.073,-82.277,-58.635,-81.040,-83.650,-84.233,-28.659,-61.707
one_right,830,-14.163,9.431,-30.021,13.036,22.660,-3.189,-46.867,-78.670,-64.455,-79.171,-59.645,6.354,-67.100,9.858,-22.614,-51.087,28.308,12.062,-34.827,-79.350,-54.392,-76.658,-78.558,-77.315,-15.782,-57.782,-11.806,14.706,-31.404,9.824,28.570,4.445,-47.063,-79.453,-65.499,-79.374,-56.930,17.067,-66.501,12.084,-16.259,-48.196,35.322,14.270,-31.939,-78.539,-53.313,-76.431,-77.200,-75.946,-18.724,-58.573,-14.163,9.431,-30.021,13.036,22.660,-3.189,-46.867,-78.670,-64.455,-79.171,-59.645,6.354,-67.100,9.858,-22.614,-51.087,28.308,12.062,-34.827,-79.350,-54.392,-76.658,-78.558,-77.315,-15.782,-57.782
one_right,831,-32.596,-19.612,17.720,3.968,-42.742,-22.680,-45.256,-74.368,-61.845,-82.994,-71.416,-15.472,-50.078,9.322,-51.058,-63.257,-3.291,21.161,-68.655,-80.182,-63.100,-79.395,-84.352,-78.334,-35.954,-46.063,-30.748,-4.594,18.840,2.608,-41.727,-7.019,-46.737,-76.163,-63.327,-81.897,-69.181,-3.997,-47.112,3.251,-50.478,-62.004,0.579,25.624,-68.962,-77.836,-63.114,-77.258,-83.585,-77.116,-37.324,-41.668,-32.596,-19.612,17.720,3.968,-42.742,-22.680,-45.256,-74.368,-61.845,-82.994,-71.416,-15.472,-50.078,9.322,-51.058,-63.257,-3.291,21.161,-68.655,-80.182,-63.100,-79.395,-84.352,-78.334,-35.954,-46.063
