cell,method,metric,n_pairs,abf_med,method_med,delta_med,delta_lo,delta_hi,rel_med,rel_lo,rel_hi,win_rate
butane_b1_s2.3_full_trans,fr_r002,final_l2_F,3,0.2705649877010301,0.2702984452610016,0.0006996361402075713,-0.00026654244002849437,0.0013284449067405002,0.0026161160051188103,-0.0009851327856323356,0.004875004108212906,0.3333333333333333
butane_b1_s2.3_full_trans,fr_r005,final_l2_F,3,0.2705649877010301,0.27111109309952347,0.0005461053984933684,0.00043172883492581526,0.0013353456799977126,0.002018389013055917,0.0016143430134778784,0.004900327926918567,0.0
butane_b1_s2.3_full_trans,fr_r010,final_l2_F,3,0.2705649877010301,0.27457493342759354,0.004009945726563435,0.003053614085075873,0.0043762586350955535,0.014820637957023323,0.011205870212688915,0.016363934908245583,0.0
butane_b1_s2.3_full_trans,fr_r020,final_l2_F,3,0.2705649877010301,0.2737117324584989,0.004883574200056806,0.003146744757468789,0.005852247671948307,0.01826091577139434,0.011630273318829746,0.02147603660360184,0.0
butane_b1_s2.3_full_trans,fr_r040,final_l2_F,3,0.2705649877010301,0.2763695283939627,0.007589838018496886,0.005804540692932625,0.007858952441022304,0.028380318819090738,0.021453406600215944,0.02884005594950696,0.0
butane_b1_s2.3_full_trans,opes_b12_s30,final_l2_F,3,0.2705649877010301,0.4421338767934365,0.17156888909240642,0.16572168158756795,0.17824616354813783,0.6341134178158604,0.6196751692498518,0.6541112658577892,0.0
butane_b1_s2.3_full_trans,opes_b4_s15,final_l2_F,3,0.2705649877010301,0.35464405051557196,0.08721090197069409,0.08339550933578477,0.0876482044857066,0.3216432648258637,0.3082272767233854,0.32610356062894447,0.0
butane_b1_s2.3_full_trans,opes_b8_s15,final_l2_F,3,0.2705649877010301,0.37684810125119667,0.10628311355016656,0.10252223157087437,0.1138331298246611,0.39281916870784356,0.3762265921267882,0.42565078579089755,0.0
butane_b1_s2.3_full_trans,opes_b8_s30,final_l2_F,3,0.2705649877010301,0.4284460183652688,0.16101286982039092,0.15580010998529464,0.16905302323470583,0.6020677342972366,0.5758324878215626,0.6203751307964404,0.0
pentane_b1_s2.3_full_trans,fr_r002,final_l2_F,3,0.2918258309707159,0.29157053503016767,0.0011554103939914184,-0.0002552959405482391,0.0037950725928914686,0.0038309288220192716,-0.0008748229712874784,0.01328512751121814,0.3333333333333333
pentane_b1_s2.3_full_trans,fr_r005,final_l2_F,3,0.2918258309707159,0.29656543540678415,0.0037766499683477006,0.0033660865280516483,0.0047396044360682454,0.012522024459586811,0.011783407996653986,0.016241209423794478,0.0
pentane_b1_s2.3_full_trans,fr_r010,final_l2_F,3,0.2918258309707159,0.3016757347059912,0.009849903735275278,0.005732273500322849,0.01309010336251698,0.03375267947498347,0.020066542211500626,0.04340211453476863,0.0
pentane_b1_s2.3_full_trans,fr_r020,final_l2_F,3,0.2918258309707159,0.31335655905412396,0.021530728083408057,0.014012951567809018,0.02592059250816442,0.07377937728058288,0.04905409417874365,0.08594344091046961,0.0
pentane_b1_s2.3_full_trans,fr_r040,final_l2_F,3,0.2918258309707159,0.3203722981583413,0.02646344561914654,0.019343565083832837,0.02854646718762538,0.08774334823326947,0.06771457524728708,0.09782022068666689,0.0
pentane_b1_s2.3_full_trans,opes_b12_s30,final_l2_F,3,0.2918258309707159,0.5158885943328649,0.21940306864028108,0.21428800406598417,0.24048563510969823,0.7680479547870502,0.7105026017235735,0.8240724760716279,0.0
pentane_b1_s2.3_full_trans,opes_b4_s15,final_l2_F,3,0.2918258309707159,0.41296621361568864,0.1269780773428072,0.1113656233488079,0.13609303089336378,0.44450268271238713,0.36924869162312496,0.4663501871670175,0.0
pentane_b1_s2.3_full_trans,opes_b8_s15,final_l2_F,3,0.2918258309707159,0.4292652927625094,0.13489866073627776,0.12766470249562867,0.1531162917703407,0.4722296781175848,0.42329062546814167,0.5246838200066861,0.0
pentane_b1_s2.3_full_trans,opes_b8_s30,final_l2_F,3,0.2918258309707159,0.5033235111893167,0.201722920922436,0.19996414367914905,0.2257513485616155,0.6999995603312066,0.6688412670012852,0.7735824748984238,0.0
butane_b1_s2.3_full_trans,fr_r002,integrated_l2_F,3,4.370671806395351,4.374618664461018,0.003946858065666525,0.0013501719710973248,0.007321758635896458,0.0009030323576094906,0.00027842558045160356,0.0016929277258568845,0.0
butane_b1_s2.3_full_trans,fr_r005,integrated_l2_F,3,4.370671806395351,4.377759726100341,0.006687607079543412,0.006164057364251185,0.007087919704989787,0.0015463000090018178,0.0012711204841437983,0.0016217002829218257,0.0
butane_b1_s2.3_full_trans,fr_r010,integrated_l2_F,3,4.370671806395351,4.393345231119747,0.027235744282094743,0.022673424724396263,0.028223412118326685,0.005616416332958415,0.005187629208676697,0.006525781478120297,0.0
butane_b1_s2.3_full_trans,fr_r020,integrated_l2_F,3,4.370671806395351,4.415372744647372,0.03444584884839941,0.03330327692885593,0.044700938252020705,0.007700341363116661,0.00710324733816629,0.01022747537040242,0.0
butane_b1_s2.3_full_trans,fr_r040,integrated_l2_F,3,4.370671806395351,4.429942658558126,0.05927085216277472,0.05887550295960953,0.06984836553836793,0.013613118963718536,0.013561039306599758,0.014403773841350193,0.0
butane_b1_s2.3_full_trans,opes_b12_s30,integrated_l2_F,3,4.370671806395351,6.615400694697307,2.290491530491546,1.3680516318938167,2.6513346804651636,0.5296045404718179,0.28211263294721656,0.606619485037888,0.0
butane_b1_s2.3_full_trans,opes_b4_s15,integrated_l2_F,3,4.370671806395351,5.756879063694045,1.3775708051662265,0.9075689934506466,1.7672941847694004,0.31852017068182925,0.18715425087369045,0.4043529834894995,0.0
butane_b1_s2.3_full_trans,opes_b8_s15,integrated_l2_F,3,4.370671806395351,6.041553585474972,1.621627563264541,1.4937039824899374,1.7166444212692111,0.37102478408278267,0.30802402008807095,0.3969203412355276,0.0
butane_b1_s2.3_full_trans,opes_b8_s30,integrated_l2_F,3,4.370671806395351,6.26804660126369,1.9431374370579295,1.1670975640025771,2.1436524942845443,0.4492897684741948,0.2406729095679373,0.4904629286389936,0.0
pentane_b1_s2.3_full_trans,fr_r002,integrated_l2_F,3,6.9282253489387475,6.942355554268492,0.01366744731404168,0.011019541134842825,0.014130205329744072,0.0018812976168039934,0.0016431767818728936,0.0020395129514527858,0.0
pentane_b1_s2.3_full_trans,fr_r005,integrated_l2_F,3,6.9282253489387475,6.991907141844458,0.0342272667650656,0.015186246000708614,0.06368179290571074,0.005103792378204841,0.002090357310540364,0.009191645724321799,0.0
pentane_b1_s2.3_full_trans,fr_r010,integrated_l2_F,3,6.9282253489387475,7.012549171705555,0.06722106355056123,0.03569306092585567,0.08432382276680706,0.009252849032516487,0.00532236399589221,0.012171056586622665,0.0
pentane_b1_s2.3_full_trans,fr_r020,integrated_l2_F,3,6.9282253489387475,7.1022244114462,0.17399906250745278,0.16096948915878428,0.1849284171441914,0.025114521214888837,0.022157138006411312,0.027575565773699035,0.0
pentane_b1_s2.3_full_trans,fr_r040,integrated_l2_F,3,6.9282253489387475,7.156619366669801,0.22839401773105372,0.22064499088784917,0.24924910390311084,0.03296573165970109,0.0329014358789488,0.03430865577083309,0.0
pentane_b1_s2.3_full_trans,opes_b12_s30,integrated_l2_F,3,6.9282253489387475,9.777633290638253,2.777932586432568,2.6200461518102056,3.071391298658091,0.4009587515593855,0.36064427160827334,0.4579899297298094,0.0
pentane_b1_s2.3_full_trans,opes_b4_s15,integrated_l2_F,3,6.9282253489387475,8.8591354046615,1.932320950240534,1.5942310152856365,2.0470596432797707,0.2789056147742832,0.2194428074809941,0.30524690962953643,0.0
pentane_b1_s2.3_full_trans,opes_b8_s15,integrated_l2_F,3,6.9282253489387475,9.745187316419461,2.6771376483859095,2.5214186649775705,2.8169619674807134,0.3992008716040125,0.3470683893190491,0.40659213948810285,0.0
pentane_b1_s2.3_full_trans,opes_b8_s30,integrated_l2_F,3,6.9282253489387475,9.654044057672305,2.753141252082081,2.3891396682964423,2.8879079208726757,0.3973804420931259,0.3288604419612598,0.43062984072544014,0.0
butane_b1_s2.3_full_trans,fr_r002,final_l2_Fp,3,0.2840710793858248,0.2845929594359638,0.0005218800501389786,0.000372874264918166,0.0009814836204394828,0.0018371460103130109,0.001326929715697647,0.0034348360292084487,0.0
butane_b1_s2.3_full_trans,fr_r005,final_l2_Fp,3,0.2840710793858248,0.28545813340423803,0.001387054018413214,-7.536955841042081e-05,0.0014189577884221594,0.004882770964971481,-0.0002682140231258542,0.004965836651880112,0.3333333333333333
butane_b1_s2.3_full_trans,fr_r010,final_l2_Fp,3,0.2840710793858248,0.2878722576300763,0.0035353407305835916,0.00212830592660479,0.0041087604964955005,0.012581047049619137,0.0074482973792334975,0.014463846532279301,0.0
butane_b1_s2.3_full_trans,fr_r020,final_l2_Fp,3,0.2840710793858248,0.28814972323463783,0.004078643848813013,0.003997797954566118,0.004263876437700709,0.014357828532320977,0.01422677133385241,0.014922018164449243,0.0
butane_b1_s2.3_full_trans,fr_r040,final_l2_Fp,3,0.2840710793858248,0.28989054786763835,0.006963599231558537,0.005819468481813528,0.007015446594713037,0.024370066942956528,0.020485958987431933,0.024965532436135345,0.0
butane_b1_s2.3_full_trans,opes_b12_s30,final_l2_Fp,3,0.2840710793858248,0.48752313269978853,0.2034520533139637,0.19844035316617226,0.2067119232267619,0.7162012189126634,0.7061801421654003,0.7234166182501583,0.0
butane_b1_s2.3_full_trans,opes_b4_s15,final_l2_Fp,3,0.2840710793858248,0.3691435151220109,0.08473943341593831,0.08026902895617466,0.08813822862714665,0.29655722513376587,0.28256670524053384,0.31365327580325614,0.0
butane_b1_s2.3_full_trans,opes_b8_s15,final_l2_Fp,3,0.2840710793858248,0.3897534091874335,0.10568232980160869,0.1004176667681107,0.1099860715336331,0.3720277686489554,0.351425344856707,0.3914021437302862,0.0
butane_b1_s2.3_full_trans,opes_b8_s30,final_l2_Fp,3,0.2840710793858248,0.47288989125071434,0.19188460475585012,0.1804629777009339,0.19801683537141254,0.6828505155519808,0.6352740239911202,0.6929869702960604,0.0
pentane_b1_s2.3_full_trans,fr_r002,final_l2_Fp,3,0.3072717376787021,0.3055783338270941,0.0003338842649106555,-0.0016934038516079886,0.0040365529502503494,0.0010612667049859914,-0.005511095372457235,0.01343721603325189,0.3333333333333333
pentane_b1_s2.3_full_trans,fr_r005,final_l2_Fp,3,0.3072717376787021,0.3102776499154867,0.0030059122367845914,0.0029375494436344463,0.003282963738404754,0.009782586122280194,0.009337137884031711,0.01092860505633673,0.0
pentane_b1_s2.3_full_trans,fr_r010,final_l2_Fp,3,0.3072717376787021,0.3149116228013306,0.007639885122628531,0.006304624892112698,0.012496808115723568,0.024863611539233582,0.02098736415155449,0.039721687319901285,0.0
pentane_b1_s2.3_full_trans,fr_r020,final_l2_Fp,3,0.3072717376787021,0.3268633034229948,0.019591565744292716,0.013573334436616291,0.02474436190365098,0.06375973883019007,0.045184054158159535,0.07865110813621484,0.0
pentane_b1_s2.3_full_trans,fr_r040,final_l2_Fp,3,0.3072717376787021,0.3342281238242733,0.025659338697249234,0.020220842034971098,0.02695638614557122,0.08155940453988186,0.06731283502209866,0.0877281664406054,0.0
pentane_b1_s2.3_full_trans,opes_b12_s30,final_l2_Fp,3,0.3072717376787021,0.6424979152237285,0.33208269222717895,0.32705370880888507,0.3352261775450264,1.0887238180459602,1.055540322204528,1.0909762807263281,0.0
pentane_b1_s2.3_full_trans,opes_b4_s15,final_l2_Fp,3,0.3072717376787021,0.4608750327317704,0.15852811711316034,0.1462658366248759,0.16665197847341273,0.5277216930505213,0.4649127820636855,0.5423602565351192,0.0
pentane_b1_s2.3_full_trans,opes_b8_s15,final_l2_Fp,3,0.3072717376787021,0.4574523473278131,0.15123484025516815,0.14284315122091862,0.16834784854980392,0.503443221310152,0.45403361690795885,0.5478793781087555,0.0
pentane_b1_s2.3_full_trans,opes_b8_s30,final_l2_Fp,3,0.3072717376787021,0.6219249057254677,0.3146531680467656,0.3098801241983046,0.3161569053656152,1.024022483889429,1.0049194660482679,1.0315549491318565,0.0
