molecule,method,name,init_mode,beta,sigma,decouple,stage,n_steps,n_replicas,run_id,wall_seconds,seed,final_l2_F,final_l2_Fp,integrated_l2_F,integrated_l2_Fp,early_l2_F,mid_l2_F,n_transitions,n_round_trips,total_replacements,final_ancestor_ess,min_ancestor_ess,final_max_ancestor_frac,final_n_unique_ancestor,fr_score_std,fr_score_absmax,final_frac_T,final_frac_Gp,final_frac_Gm,marginal_l2_uniform,marginal_tv_uniform,marginal_l2_boltzmann,marginal_kl_boltzmann,cell,fr_event_fraction,max_fr_event_fraction,n_fr_applications,deaths_per_application,final_neff_frac,final_n_kernels,final_l2_F_reweight,cond_tv_weighted,cond_kl_weighted,cond_basin_err_weighted,cond_support_fraction,basin_T_T,basin_T_G+,basin_T_G-,basin_G+_T,basin_G+_G+,basin_G+_G-,basin_G-_T,basin_G-_G+,basin_G-_G-,n_basins_visited
butane,abf,abf,trans,1.0,2.3,False,tuning,25000,384,tuning__butane__abf__trans__b1__s2.3__N384__T25000__ns3__262b46715939,530.6283885892481,101,0.2674331485448779,0.2810052864948642,4.849310070243399,8.10212352332986,0.8939369590891924,0.26993739509237197,288201,0,0,,,,384,0.0,0.0,0.4583333432674408,0.2447916716337204,0.296875,0.05929431852048283,0.1623374397936238,0.2612208146624183,1.3762713083297455,butane_b1_s2.3_full_trans,,,,,,,,,,,,,,,,,,,,,
butane,abf,abf,trans,1.0,2.3,False,tuning,25000,384,tuning__butane__abf__trans__b1__s2.3__N384__T25000__ns3__262b46715939,530.6283885892481,102,0.27250128969173026,0.2857439517034715,4.370671806395351,7.8942290742118795,0.36902903330116177,0.2684572314789176,288314,0,0,,,,384,0.0,0.0,0.4479166865348816,0.2578125,0.2942708432674408,0.060382139379295534,0.16129201676920632,0.25132444699510403,1.2820215221688398,butane_b1_s2.3_full_trans,,,,,,,,,,,,,,,,,,,,,
butane,abf,abf,trans,1.0,2.3,False,tuning,25000,384,tuning__butane__abf__trans__b1__s2.3__N384__T25000__ns3__262b46715939,530.6283885892481,103,0.2705649877010301,0.2840710793858248,4.324909164205761,7.805825807220394,0.34542126269827594,0.2645759793939414,288132,0,0,,,,384,0.0,0.0,0.4505208432674408,0.2473958432674408,0.3020833432674408,0.053877325175496496,0.13577872284400955,0.2600645631824591,1.3341162174831143,butane_b1_s2.3_full_trans,,,,,,,,,,,,,,,,,,,,,
butane,fr_estimated,fr_r002,trans,1.0,2.3,False,tuning,25000,384,tuning__butane__fr_r002__trans__b1__s2.3__N384__T25000__ns3__d35dca386f6a,587.5517536792904,101,0.26813278468508545,0.2813781607597824,4.850660242214496,8.103691058052725,0.8939369590892002,0.2695830831652035,288420,0,12,359.64878048780474,359.64878048780474,0.0078125,372,0.30838460127222433,2.0000000030589784,0.453125,0.234375,0.3125,0.061854324520557814,0.16752191637949015,0.25922785455712793,1.3936206397276107,butane_b1_s2.3_full_trans,6.9429015774272385e-06,1.953125e-05,4501.0,0.0026660742057320595,,,,,,,,,,,,,,,,,
butane,fr_estimated,fr_r002,trans,1.0,2.3,False,tuning,25000,384,tuning__butane__fr_r002__trans__b1__s2.3__N384__T25000__ns3__d35dca386f6a,587.5517536792904,102,0.27382973459847076,0.286725435323911,4.374618664461018,7.896248733583408,0.3690290333011463,0.2687376522040462,287896,0,13,359.64878048780486,359.64878048780486,0.005208333333333333,371,0.3051577919844211,1.9427072111394184,0.4505208432674408,0.2578125,0.2916666865348816,0.06126478537730509,0.1628975004764346,0.24991440992642203,1.2910542201633148,butane_b1_s2.3_full_trans,7.521476708879508e-06,2.604166666666667e-05,4501.0,0.0028882470562097314,,,,,,,,,,,,,,,,,
butane,fr_estimated,fr_r002,trans,1.0,2.3,False,tuning,25000,384,tuning__butane__fr_r002__trans__b1__s2.3__N384__T25000__ns3__d35dca386f6a,587.5517536792904,103,0.2702984452610016,0.2845929594359638,4.332230922841657,7.815387660703841,0.3454212626982611,0.26619626282718084,288445,0,13,361.41176470588226,361.41176470588226,0.005208333333333333,372,0.2968381208124452,2.000000000845253,0.4479166865348816,0.2447916716337204,0.3072916865348816,0.05501785567601339,0.13793155507364288,0.2617362967833076,1.3520650017601192,butane_b1_s2.3_full_trans,7.521476708879508e-06,1.953125e-05,4501.0,0.0028882470562097314,,,,,,,,,,,,,,,,,
butane,fr_estimated,fr_r005,trans,1.0,2.3,False,tuning,25000,384,tuning__butane__fr_r005__trans__b1__s2.3__N384__T25000__ns3__c879b18e8aa3,559.8582306401804,101,0.2678648773798037,0.2809299169364538,4.85547412760765,8.105019470055352,0.8939369590892687,0.2706581789669701,287767,0,25,339.7603686635944,339.7603686635944,0.0078125,361,0.30996813564485276,1.9976856156760048,0.4401041865348816,0.2630208432674408,0.296875,0.05618119919846142,0.15823016804796183,0.26372723004061577,1.4342250027443675,butane_b1_s2.3_full_trans,1.4464378286306746e-05,2.604166666666667e-05,4501.0,0.00555432126194179,,,,,,,,,,,,,,,,,
butane,fr_estimated,fr_r005,trans,1.0,2.3,False,tuning,25000,384,tuning__butane__fr_r005__trans__b1__s2.3__N384__T25000__ns3__c879b18e8aa3,559.8582306401804,102,0.273836635371728,0.28716290949189366,4.377759726100341,7.8994978150699025,0.3690290333011166,0.26887341432320094,287443,0,29,329.1428571428571,329.1428571428571,0.0078125,355,0.3051684876083038,1.9628355319449533,0.4453125,0.265625,0.2890625,0.06397048132385934,0.16348708369099024,0.24468296511002488,1.215876244570905,butane_b1_s2.3_full_trans,1.6778678812115826e-05,5.208333333333334e-05,4501.0,0.006443012663852477,,,,,,,,,,,,,,,,,
butane,fr_estimated,fr_r005,trans,1.0,2.3,False,tuning,25000,384,tuning__butane__fr_r005__trans__b1__s2.3__N384__T25000__ns3__c879b18e8aa3,559.8582306401804,103,0.27111109309952347,0.28545813340423803,4.331596771285304,7.816573868625266,0.345421262698262,0.26546152955592345,288153,0,22,339.7603686635944,339.7603686635944,0.0078125,362,0.2966982612259103,2.000000004488958,0.4661458432674408,0.2421875,0.2916666865348816,0.055859677784721014,0.14070989511490803,0.2625060400800993,1.3554134518874166,butane_b1_s2.3_full_trans,1.2728652891949937e-05,3.90625e-05,4501.0,0.004887802710508776,,,,,,,,,,,,,,,,,
butane,fr_estimated,fr_r010,trans,1.0,2.3,False,tuning,25000,384,tuning__butane__fr_r010__trans__b1__s2.3__N384__T25000__ns3__1aea9abee95f,548.3480158485472,101,0.27180940717997343,0.2845406272254478,4.876545814525493,8.12473970008904,0.893936959089128,0.27238296970777875,288915,0,51,296.09638554216866,296.09638554216866,0.010416666666666666,336,0.306294325881642,2.000000001305205,0.4479166865348816,0.2578125,0.2942708432674408,0.058640687665466464,0.16335376826248194,0.26902260932252076,1.4811300013738804,butane_b1_s2.3_full_trans,2.9507331704065762e-05,7.8125e-05,4501.0,0.011330815374361253,,,,,,,,,,,,,,,,,
butane,fr_estimated,fr_r010,trans,1.0,2.3,False,tuning,25000,384,tuning__butane__fr_r010__trans__b1__s2.3__N384__T25000__ns3__1aea9abee95f,548.3480158485472,102,0.27555490377680614,0.2878722576300763,4.393345231119747,7.910601747918583,0.36902903330119674,0.27197508705359275,288272,0,50,297.2903225806451,297.2903225806451,0.0078125,337,0.3023860134831407,2.0000000019863684,0.4270833432674408,0.2760416865348816,0.296875,0.05633676432791219,0.1478941158907471,0.24858383101239614,1.316452503558823,butane_b1_s2.3_full_trans,2.8928756572613493e-05,5.208333333333334e-05,4501.0,0.01110864252388358,,,,,,,,,,,,,,,,,
butane,fr_estimated,fr_r010,trans,1.0,2.3,False,tuning,25000,384,tuning__butane__fr_r010__trans__b1__s2.3__N384__T25000__ns3__1aea9abee95f,548.3480158485472,103,0.27457493342759354,0.2881798398823203,4.353132576324088,7.829350595642994,0.3454212626982705,0.2683401779632108,286057,0,52,302.16393442622945,302.16393442622945,0.010416666666666666,338,0.2973307139648884,2.0000000021884543,0.4661458432674408,0.25,0.2838541865348816,0.05953008252043047,0.15290323770232944,0.26219043643555745,1.4174627995660738,butane_b1_s2.3_full_trans,3.008590683551803e-05,3.90625e-05,4501.0,0.011552988224838925,,,,,,,,,,,,,,,,,
butane,fr_estimated,fr_r020,trans,1.0,2.3,False,tuning,25000,384,tuning__butane__fr_r020__trans__b1__s2.3__N384__T25000__ns3__9cb251eaaf02,588.1699517285451,101,0.2723167227449347,0.28500308444943034,4.883755919091798,8.133267754060448,0.8939369590891956,0.2729415720851518,288666,0,95,262.3772241992882,262.3772241992882,0.010416666666666666,308,0.29958910575861697,2.000000000435268,0.4583333432674408,0.2604166865348816,0.28125,0.05690702787210988,0.15677308200946657,0.2608052332999488,1.3554963727438298,butane_b1_s2.3_full_trans,5.496463748796564e-05,9.114583333333334e-05,4501.0,0.021106420795378805,,,,,,,,,,,,,,,,,
butane,fr_estimated,fr_r020,trans,1.0,2.3,False,tuning,25000,384,tuning__butane__fr_r020__trans__b1__s2.3__N384__T25000__ns3__9cb251eaaf02,588.1699517285451,102,0.27835353736367857,0.2900078281411722,4.415372744647372,7.92695471348687,0.36902903330118625,0.27457260195052613,287260,0,106,249.92542372881354,249.92542372881354,0.013020833333333334,303,0.29587866045938593,2.000000001278136,0.4296875,0.2552083432674408,0.3151041865348816,0.06397355306985218,0.17436778817324577,0.2518680498819172,1.243703520476963,butane_b1_s2.3_full_trans,6.132896393394061e-05,9.765625e-05,4501.0,0.023550322150633192,,,,,,,,,,,,,,,,,
butane,fr_estimated,fr_r020,trans,1.0,2.3,False,tuning,25000,384,tuning__butane__fr_r020__trans__b1__s2.3__N384__T25000__ns3__9cb251eaaf02,588.1699517285451,103,0.2737117324584989,0.28814972323463783,4.358212441134617,7.8395083894058795,0.34542126269825957,0.26904602467944677,288821,0,114,238.6019417475728,238.6019417475728,0.010416666666666666,296,0.29401706497869295,2.0000000011564656,0.4947916865348816,0.2291666716337204,0.2760416865348816,0.0627078056784536,0.16875464284125452,0.2605037517401215,1.3647634040623,butane_b1_s2.3_full_trans,6.595756498555876e-05,0.00012369791666666668,4501.0,0.025327704954454567,,,,,,,,,,,,,,,,,
butane,fr_estimated,fr_r040,trans,1.0,2.3,False,tuning,25000,384,tuning__butane__fr_r040__trans__b1__s2.3__N384__T25000__ns3__320a03a56ba1,600.5825305059552,101,0.27502298656337476,0.28802073308957726,4.919158435781767,8.166080996986288,0.893936959089214,0.27392362409369575,289247,0,194,167.94533029612754,167.94533029612754,0.026041666666666668,252,0.29814441683044274,2.0000000047393622,0.46875,0.2630208432674408,0.2682291865348816,0.06047404777296057,0.16544495739089066,0.2609644983118158,1.3540370412096399,butane_b1_s2.3_full_trans,0.00011224357550174035,0.00020764119601328904,4501.0,0.04310153299266829,,,,,,,,,,,,,,,,,
butane,fr_estimated,fr_r040,trans,1.0,2.3,False,tuning,25000,384,tuning__butane__fr_r040__trans__b1__s2.3__N384__T25000__ns3__320a03a56ba1,600.5825305059552,102,0.28036024213275257,0.29270755093503004,4.429942658558126,7.946826401671934,0.36902903330109127,0.2744059747195765,289584,0,191,197.13368983957218,197.13368983957218,0.015625,253,0.2937908156887321,1.9694352133159736,0.4635416865348816,0.2552083432674408,0.28125,0.06397636815823192,0.1712357454523121,0.246242612819223,1.252264814385552,butane_b1_s2.3_full_trans,0.00011050785010738354,0.00013671875,4501.0,0.042435014441235284,,,,,,,,,,,,,,,,,
butane,fr_estimated,fr_r040,trans,1.0,2.3,False,tuning,25000,384,tuning__butane__fr_r040__trans__b1__s2.3__N384__T25000__ns3__320a03a56ba1,600.5825305059552,103,0.2763695283939627,0.28989054786763835,4.38378466716537,7.857652626842215,0.34542126269826745,0.27267371488283326,288585,0,207,194.53298153034302,194.53298153034302,0.015625,255,0.29030101070729053,2.0000000008668652,0.4739583432674408,0.2578125,0.2682291865348816,0.05755846548235035,0.15278883236924132,0.2639651022858965,1.4394801039616167,butane_b1_s2.3_full_trans,0.00011976505221061986,0.00014322916666666667,4501.0,0.04598978004887803,,,,,,,,,,,,,,,,,
butane,opes,opes_b12_s30,trans,1.0,2.3,False,tuning,25000,384,tuning__butane__opes_b12_s30__trans__b1__s2.3__N384__T25000__ns3__a19afd0aae43,511.97383517120034,101,0.4331548301324458,0.4794456396610365,6.217361702137215,11.163124536316353,0.6773473565808615,0.43954894545571643,52781,0,0,,,,384,,,0.2734375,0.34375,0.3828125,0.14232292841218327,0.37049909746587006,0.23112663032557246,0.5112071643299468,butane_b1_s2.3_full_trans,,,,,0.30786234860227274,180.0,0.9850684536200879,,,,,,,,,,,,,,
butane,opes,opes_b12_s30,trans,1.0,2.3,False,tuning,25000,384,tuning__butane__opes_b12_s30__trans__b1__s2.3__N384__T25000__ns3__a19afd0aae43,511.97383517120034,102,0.4507474532398681,0.4924558749302334,7.022006486860515,12.143643921839129,1.0935093755867213,0.4731227583644618,44214,0,0,,,,384,,,0.2682291865348816,0.3619791865348816,0.3697916865348816,0.13822944075328267,0.37673319603833966,0.22299857854368133,0.5021670045448208,butane_b1_s2.3_full_trans,,,,,0.2986079003836896,180.0,0.9734816740976016,,,,,,,,,,,,,,
butane,opes,opes_b12_s30,trans,1.0,2.3,False,tuning,25000,384,tuning__butane__opes_b12_s30__trans__b1__s2.3__N384__T25000__ns3__a19afd0aae43,511.97383517120034,103,0.4421338767934365,0.48752313269978853,6.615400694697307,12.152766138493286,0.9433820663219302,0.45544486924795335,49943,0,0,,,,384,,,0.2604166865348816,0.3541666865348816,0.3854166865348816,0.14228293523685773,0.3629705474731894,0.2345127885250191,0.5337451168206794,butane_b1_s2.3_full_trans,,,,,0.313490689610504,180.0,0.9781100950005355,,,,,,,,,,,,,,
butane,opes,opes_b4_s15,trans,1.0,2.3,False,tuning,25000,384,tuning__butane__opes_b4_s15__trans__b1__s2.3__N384__T25000__ns3__a71939d8e296,500.4104262832552,101,0.35464405051557196,0.3691435151220109,5.756879063694045,9.748017405110229,0.7763197704961022,0.3668214483593279,91011,0,0,,,,384,,,0.3828125,0.296875,0.3203125,0.11592014445512794,0.3041566748607691,0.19214590154485206,0.4738212322173917,butane_b1_s2.3_full_trans,,,,,0.4488434440466966,180.0,0.32877369205207235,,,,,,,,,,,,,,
butane,opes,opes_b4_s15,trans,1.0,2.3,False,tuning,25000,384,tuning__butane__opes_b4_s15__trans__b1__s2.3__N384__T25000__ns3__a71939d8e296,500.4104262832552,102,0.36014949417743686,0.3704833851194098,6.1379659911647515,10.682436754888744,0.910587951215948,0.3763505813263137,97948,0,0,,,,384,,,0.3776041865348816,0.3307291865348816,0.2916666865348816,0.10700251419097999,0.2943817487293932,0.20046155537826024,0.5133226734875407,butane_b1_s2.3_full_trans,,,,,0.444382604011806,180.0,0.3168791498846341,,,,,,,,,,,,,,
butane,opes,opes_b4_s15,trans,1.0,2.3,False,tuning,25000,384,tuning__butane__opes_b4_s15__trans__b1__s2.3__N384__T25000__ns3__a71939d8e296,500.4104262832552,103,0.35396049703681487,0.3643401083419995,5.702479969371987,9.558588468174818,0.5473177340766994,0.37307729833959863,99661,0,0,,,,384,,,0.375,0.28125,0.34375,0.10100380109285613,0.27314605293217975,0.20737831405928928,0.5824069290200244,butane_b1_s2.3_full_trans,,,,,0.4543330138824901,180.0,0.32568423499556914,,,,,,,,,,,,,,
butane,opes,opes_b8_s15,trans,1.0,2.3,False,tuning,25000,384,tuning__butane__opes_b8_s15__trans__b1__s2.3__N384__T25000__ns3__795835a7b006,487.4504724191502,101,0.38126627836953897,0.3909913580284973,6.343014052733336,11.354937867419896,0.8420522168867413,0.4134804821522662,167469,0,0,,,,384,,,0.3333333432674408,0.3229166865348816,0.34375,0.09839654120220916,0.2546527665637111,0.22691655086207257,0.7340224218985486,butane_b1_s2.3_full_trans,,,,,0.27875858951161997,180.0,0.3321534541285345,,,,,,,,,,,,,,
butane,opes,opes_b8_s15,trans,1.0,2.3,False,tuning,25000,384,tuning__butane__opes_b8_s15__trans__b1__s2.3__N384__T25000__ns3__795835a7b006,487.4504724191502,102,0.37502352126260463,0.3861616184715822,5.992299369659892,10.741255173141896,0.50562786756956,0.39699204610861527,150577,0,0,,,,384,,,0.3229166865348816,0.3177083432674408,0.359375,0.08628729557113746,0.22571939400926055,0.22972047259126935,0.8177119578513133,butane_b1_s2.3_full_trans,,,,,0.2710351525399438,180.0,0.3359963555265352,,,,,,,,,,,,,,
butane,opes,opes_b8_s15,trans,1.0,2.3,False,tuning,25000,384,tuning__butane__opes_b8_s15__trans__b1__s2.3__N384__T25000__ns3__795835a7b006,487.4504724191502,103,0.37684810125119667,0.3897534091874335,6.041553585474972,10.015555685216267,0.4188287124691586,0.41527014132885526,191993,0,0,,,,384,,,0.3255208432674408,0.3359375,0.3385416865348816,0.07693560642297499,0.20495971690892298,0.2330540154688065,0.8762188713001335,butane_b1_s2.3_full_trans,,,,,0.2824920491247838,180.0,0.3287844690403622,,,,,,,,,,,,,,
butane,opes,opes_b8_s30,trans,1.0,2.3,False,tuning,25000,384,tuning__butane__opes_b8_s30__trans__b1__s2.3__N384__T25000__ns3__73c22c10e41a,507.49387552868575,101,0.4284460183652688,0.47288989125071434,6.016407634245976,10.656309657780785,0.560771467997066,0.42976845876718944,48652,0,0,,,,384,,,0.2864583432674408,0.34375,0.3697916865348816,0.13902324373990724,0.38032666794089837,0.2162638945142098,0.4633267388070365,butane_b1_s2.3_full_trans,,,,,0.36113801482961205,180.0,0.9749745546988196,,,,,,,,,,,,,,
butane,opes,opes_b8_s30,trans,1.0,2.3,False,tuning,25000,384,tuning__butane__opes_b8_s30__trans__b1__s2.3__N384__T25000__ns3__73c22c10e41a,507.49387552868575,102,0.4415543129264361,0.483760787074884,6.514324300679895,11.913305638672465,0.7576790387985592,0.45717563575846915,44175,0,0,,,,384,,,0.3255208432674408,0.3307291865348816,0.34375,0.13870793353752206,0.3783272145634476,0.20160949190148364,0.40956053348585725,butane_b1_s2.3_full_trans,,,,,0.34880627265556263,180.0,0.966387275953781,,,,,,,,,,,,,,
butane,opes,opes_b8_s30,trans,1.0,2.3,False,tuning,25000,384,tuning__butane__opes_b8_s30__trans__b1__s2.3__N384__T25000__ns3__73c22c10e41a,507.49387552868575,103,0.42636509768632475,0.4645340570867587,6.26804660126369,11.215356157942539,0.694333732728631,0.44096652881280135,47761,0,0,,,,384,,,0.2994791865348816,0.3151041865348816,0.3854166865348816,0.14702858355853302,0.3845769923191891,0.21493573745815886,0.4325785524595024,butane_b1_s2.3_full_trans,,,,,0.36554537571736784,180.0,0.9738297546371577,,,,,,,,,,,,,,
pentane,abf,abf,trans,1.0,2.3,False,tuning,35000,384,tuning__pentane__abf__trans__b1__s2.3__N384__T35000__ns3__094ddc84cf33,923.5836412152275,101,0.28566324182337416,0.3004009863547218,6.7062419919801615,9.29991367833406,0.32742832399521554,0.3181773601101234,423969,0,0,,,,384,0.0,0.0,0.3880208432674408,0.296875,0.3151041865348816,0.046650199902163784,0.12051344271425493,0.2649060793237396,1.3520450397552484,pentane_b1_s2.3_full_trans,,,,,,,,0.030857560461415183,0.00346885149518351,0.02575334609374061,1.0,0.26265957534115125,0.08005028888013495,0.08645034746421826,0.23201861622880116,0.0382612300889872,0.009881566088906397,0.2366418978465299,0.008332765168732261,0.04570371289253861,9.0
pentane,abf,abf,trans,1.0,2.3,False,tuning,35000,384,tuning__pentane__abf__trans__b1__s2.3__N384__T35000__ns3__094ddc84cf33,923.5836412152275,102,0.2918258309707159,0.3072717376787021,6.9282253489387475,9.508211847370314,0.3894173125377399,0.33051380171911277,426877,0,0,,,,384,0.0,0.0,0.4479166865348816,0.2395833432674408,0.3125,0.05083337298544,0.13280787168609642,0.2500249148661912,1.3815384072792123,pentane_b1_s2.3_full_trans,,,,,,,,0.032975593862823366,0.004589985973817816,0.02829882831731033,1.0,0.2629500494934497,0.07994336345868307,0.0914987266799996,0.23188856966455562,0.036572439724048764,0.009581780350090401,0.23417598456612426,0.00975380796541519,0.04363527809763341,9.0
pentane,abf,abf,trans,1.0,2.3,False,tuning,35000,384,tuning__pentane__abf__trans__b1__s2.3__N384__T35000__ns3__094ddc84cf33,923.5836412152275,103,0.30160059026688074,0.3146091961068945,7.264904389375863,9.813402741858841,0.5088337319116893,0.3369035863279381,427360,0,0,,,,384,0.0,0.0,0.4661458432674408,0.25,0.2838541865348816,0.06305170023283607,0.15993706363588206,0.2417811277589205,1.231612135602754,pentane_b1_s2.3_full_trans,,,,,,,,0.02735304491261214,0.0031759699885399195,0.02234595858516402,1.0,0.2639609090128582,0.09206775931032393,0.07986681906103855,0.22837313010716848,0.04119146010726948,0.00833828899124269,0.23506910775431047,0.00970867044432997,0.041423855211458235,9.0
pentane,fr_estimated,fr_r002,trans,1.0,2.3,False,tuning,35000,384,tuning__pentane__fr_r002__trans__b1__s2.3__N384__T35000__ns3__11bf44424a6f,894.4853489482775,101,0.2894583144162656,0.30443753930497214,6.717261533115004,9.313630192335056,0.3274283239948354,0.31698440481066537,424179,0,16,354.46153846153834,354.46153846153834,0.005208333333333333,368,0.3184269133655451,2.000000004549506,0.3932291865348816,0.296875,0.3098958432674408,0.04841949628533582,0.12858962825094175,0.26068598331697124,1.355992324533487,pentane_b1_s2.3_full_trans,6.409270368661232e-06,2.604166666666667e-05,6501.0,0.002461159821565913,,,,0.03346964659673571,0.003733841044430387,0.030138956970778022,1.0,0.264197012969304,0.08171422204377646,0.08219297963193034,0.23328941105320042,0.038936083376261324,0.009438871170570589,0.2380728835237316,0.008620714145025908,0.043537822086199406,9.0
pentane,fr_estimated,fr_r002,trans,1.0,2.3,False,tuning,35000,384,tuning__pentane__fr_r002__trans__b1__s2.3__N384__T35000__ns3__11bf44424a6f,894.4853489482775,102,0.29157053503016767,0.3055783338270941,6.942355554268492,9.518938267369824,0.3894173125377552,0.3316221578243094,427264,0,19,344.5233644859812,344.5233644859812,0.010416666666666666,365,0.3227405300296304,2.0000000139712144,0.4375,0.2395833432674408,0.3229166865348816,0.053212584528250645,0.1310862730231219,0.2548253301122409,1.3875325850274869,pentane_b1_s2.3_full_trans,7.611008562785212e-06,2.0833333333333333e-05,6501.0,0.0029226272881095216,,,,0.02972775783750368,0.00360446251589977,0.022046312559010062,1.0,0.2612055474329061,0.08218911295617305,0.0895693343888569,0.23155643010817853,0.03756065157116451,0.009343466864640465,0.23362162952132765,0.009896322586184256,0.04505750457056857,9.0
pentane,fr_estimated,fr_r002,trans,1.0,2.3,False,tuning,35000,384,tuning__pentane__fr_r002__trans__b1__s2.3__N384__T35000__ns3__11bf44424a6f,894.4853489482775,103,0.30275600066087216,0.31494308037180513,7.278571836689904,9.823499931956585,0.5088337319116607,0.3391907274247857,427950,0,18,352.76555023923436,352.76555023923436,0.005208333333333333,367,0.3272246435722501,2.0000000087494194,0.4635416865348816,0.265625,0.2708333432674408,0.06081098498823757,0.15810802598516369,0.24780962313763857,1.2934687665940114,pentane_b1_s2.3_full_trans,7.2104291647438855e-06,1.5625e-05,6501.0,0.0027688047992616522,,,,0.02825382380192335,0.0033362444135607364,0.023444308136871053,1.0,0.2640218288839732,0.0914668463329394,0.07894189443754229,0.22886624963384947,0.041726560685029744,0.008432272885670132,0.23677825735078736,0.009682392831530358,0.04008369695867802,9.0
pentane,fr_estimated,fr_r005,trans,1.0,2.3,False,tuning,35000,384,tuning__pentane__fr_r005__trans__b1__s2.3__N384__T35000__ns3__74088adf819b,935.2989374939352,101,0.2890293283514258,0.30368395009312654,6.740469258745227,9.334152907376232,0.3274283239951294,0.3217741717545461,425205,0,37,324.79295154185013,324.79295154185013,0.0078125,351,0.3178462988865441,2.000000004795075,0.3802083432674408,0.3125,0.3072916865348816,0.04816164929100791,0.13208059874892733,0.2670785647664991,1.4114401837963144,pentane_b1_s2.3_full_trans,1.4821437727529099e-05,4.1666666666666665e-05,6501.0,0.005691432087371173,,,,0.03160597447155741,0.00376654363105312,0.0263955640864453,1.0,0.2620519548650041,0.07937038524085128,0.08612720384735816,0.23304723089199317,0.03677745245093583,0.009694545241053301,0.23770696973829075,0.00848206620001414,0.04674219152449926,9.0
pentane,fr_estimated,fr_r005,trans,1.0,2.3,False,tuning,35000,384,tuning__pentane__fr_r005__trans__b1__s2.3__N384__T35000__ns3__74088adf819b,935.2989374939352,102,0.29656543540678415,0.3102776499154867,6.991907141844458,9.559297722845436,0.3894173125377774,0.3329309264813547,425523,0,33,332.10810810810807,332.10810810810807,0.0078125,355,0.32228869288683537,2.000000006977579,0.4505208432674408,0.2317708432674408,0.3177083432674408,0.054502241824205225,0.13319695321605995,0.25095771596247163,1.3498489523878556,pentane_b1_s2.3_full_trans,1.321912013536379e-05,3.125e-05,6501.0,0.005076142131979695,,,,0.032510100917412035,0.004468118794626368,0.027544454179504737,1.0,0.2636200102522146,0.07959275855277113,0.08964935090350798,0.2308905727604214,0.036309584684302496,0.009384895533468683,0.2357097922537701,0.009706460915325798,0.04513657414421785,9.0
pentane,fr_estimated,fr_r005,trans,1.0,2.3,False,tuning,35000,384,tuning__pentane__fr_r005__trans__b1__s2.3__N384__T35000__ns3__74088adf819b,935.2989374939352,103,0.30537724023522844,0.3175467455505289,7.280090635376571,9.823166280840846,0.5088337319120265,0.3367804018315195,427735,0,36,317.7931034482759,317.7931034482759,0.010416666666666666,350,0.3249877268020841,2.000000024731551,0.4583333432674408,0.2708333432674408,0.2708333432674408,0.06026764993585867,0.14771943117248681,0.24345293046674027,1.2186215844960302,pentane_b1_s2.3_full_trans,1.4420858329487771e-05,2.604166666666667e-05,6501.0,0.0055376095985233045,,,,0.031047817591838386,0.0037895611902714465,0.026092286870337662,1.0,0.26645712440532104,0.08887080757653809,0.07828882079330929,0.22993171608436108,0.04161734682282355,0.00810257959354767,0.23710479417290384,0.009610188580144036,0.04001662197105138,9.0
pentane,fr_estimated,fr_r010,trans,1.0,2.3,False,tuning,35000,384,tuning__pentane__fr_r010__trans__b1__s2.3__N384__T35000__ns3__f604a173e05a,918.8655185811222,101,0.291395515323697,0.3067056112468345,6.741935052906017,9.348620340477924,0.3274283239952712,0.31888809260548057,423872,0,72,271.05882352941177,271.05882352941177,0.013020833333333334,319,0.31788486110948316,2.0000000055517484,0.3828125,0.3020833432674408,0.3151041865348816,0.04714926143377647,0.12739321065127732,0.26195480874916655,1.2915593788776125,pentane_b1_s2.3_full_trans,2.8841716658975542e-05,6.770833333333333e-05,6501.0,0.011075219197046609,,,,0.03380409958570961,0.004220194210580994,0.029486406275730827,1.0,0.2635978360504227,0.07775640321505409,0.08625519870609981,0.23493203804430168,0.036470012272355384,0.009808730543518883,0.23767059142147207,0.008317140642202762,0.04519204910457259,9.0
pentane,fr_estimated,fr_r010,trans,1.0,2.3,False,tuning,35000,384,tuning__pentane__fr_r010__trans__b1__s2.3__N384__T35000__ns3__f604a173e05a,918.8655185811222,102,0.3016757347059912,0.3149116228013306,7.012549171705555,9.568282214880528,0.38941731253778256,0.3342037028616075,426894,0,72,278.2188679245283,278.2188679245283,0.010416666666666666,323,0.31849335998472683,2.0000000034935246,0.4739583432674408,0.21875,0.3072916865348816,0.05641741560149147,0.14399345492911245,0.2528450283339376,1.2897713639085941,pentane_b1_s2.3_full_trans,2.8841716658975542e-05,4.1666666666666665e-05,6501.0,0.011075219197046609,,,,0.035317282166364775,0.005220910215895954,0.030698438723015718,1.0,0.26472351216629797,0.07671247967233316,0.08876987944809753,0.23259159444663294,0.0356558797460683,0.009182802541337132,0.23675876614850055,0.009372822035695888,0.04623226379503651,9.0
pentane,fr_estimated,fr_r010,trans,1.0,2.3,False,tuning,35000,384,tuning__pentane__fr_r010__trans__b1__s2.3__N384__T35000__ns3__f604a173e05a,918.8655185811222,103,0.3146906936293977,0.32710600422261804,7.332125452926424,9.873797345277074,0.5088337319117084,0.3414477854007148,425885,0,83,259.6056338028169,259.6056338028169,0.010416666666666666,310,0.3247823384816207,2.0000000062851826,0.4739583432674408,0.2682291865348816,0.2578125,0.06374749071147802,0.16524555265065052,0.24560619902532158,1.2964952701974026,pentane_b1_s2.3_full_trans,3.324809003743014e-05,5.208333333333334e-05,6501.0,0.012767266574373173,,,,0.03624001762711125,0.004794282906046333,0.03292522438589834,1.0,0.26945711241073506,0.08762842098219246,0.07613784430774825,0.23133224182600529,0.04018359923436664,0.00792605400846439,0.24032147384422695,0.009079507060392109,0.03793374632586891,9.0
pentane,fr_estimated,fr_r020,trans,1.0,2.3,False,tuning,35000,384,tuning__pentane__fr_r020__trans__b1__s2.3__N384__T35000__ns3__7a52027fd021,953.4755712496117,101,0.2996761933911832,0.3139743207913381,6.891170409124353,9.472241648442795,0.32742832399546234,0.3316473120739736,425802,0,142,204.2326869806094,204.2326869806094,0.018229166666666668,272,0.31594200654561344,2.000000005862062,0.4036458432674408,0.2760416865348816,0.3203125,0.054159217913564824,0.14945315046729424,0.25828122359952455,1.3460102531109674,pentane_b1_s2.3_full_trans,5.688227452186843e-05,9.375e-05,6501.0,0.021842793416397478,,,,0.043976151023996324,0.006018405078898285,0.04163538580985389,1.0,0.26980463975839114,0.08052344373402825,0.07697565035908002,0.23485336302940316,0.036499446355160954,0.008708700746442028,0.24136563412219833,0.008720695332464673,0.04254842656283143,9.0
pentane,fr_estimated,fr_r020,trans,1.0,2.3,False,tuning,35000,384,tuning__pentane__fr_r020__trans__b1__s2.3__N384__T35000__ns3__7a52027fd021,953.4755712496117,102,0.31335655905412396,0.3268633034229948,7.1022244114462,9.658547994114736,0.3894173125377494,0.33708078935092534,425773,0,149,216.21114369501464,216.21114369501464,0.010416666666666666,276,0.3139027557967642,2.0000000203142947,0.453125,0.234375,0.3125,0.05059765748422905,0.1344104264256916,0.2558235556855247,1.4094600437460956,pentane_b1_s2.3_full_trans,5.968633030815772e-05,9.895833333333333e-05,6501.0,0.022919550838332563,,,,0.044265918869484375,0.006615619822247992,0.041511742458110346,1.0,0.269482521994283,0.07535054177651182,0.08276003946850095,0.23561533488884176,0.03622049331838429,0.008887593684029776,0.24191454425623465,0.008882858979020837,0.0408860716341929,9.0
pentane,fr_estimated,fr_r020,trans,1.0,2.3,False,tuning,35000,384,tuning__pentane__fr_r020__trans__b1__s2.3__N384__T35000__ns3__7a52027fd021,953.4755712496117,103,0.32752118277504516,0.33935355801054545,7.425873878534647,9.952663090025155,0.508833731911982,0.3425985519902232,427295,0,161,208.8611898016997,208.8611898016997,0.013020833333333334,270,0.3182726983350377,2.000000008911556,0.4791666865348816,0.2604166865348816,0.2604166865348816,0.06631397897347874,0.18303782150044906,0.24274218584471102,1.3154911350349507,pentane_b1_s2.3_full_trans,6.449328308465364e-05,8.333333333333333e-05,6501.0,0.024765420704506998,,,,0.04863810787613643,0.008027972764754395,0.04555125162101162,1.0,0.27390236912012766,0.0863266927517348,0.06951691173499792,0.23586501166631313,0.03897167257557852,0.007194857731583891,0.2433269067604012,0.009166309985555994,0.035729267673706856,9.0
pentane,fr_estimated,fr_r040,trans,1.0,2.3,False,tuning,35000,384,tuning__pentane__fr_r040__trans__b1__s2.3__N384__T35000__ns3__e5dccfbdc4a8,986.2109680222347,101,0.305006806907207,0.3206218283896929,6.926886982868011,9.525868403198384,0.32742832399513516,0.32552840835418123,424804,0,304,138.84745762711864,138.84745762711864,0.028645833333333332,207,0.31187788832395497,2.000000002579623,0.4192708432674408,0.2682291865348816,0.3125,0.048258282539241075,0.12028869053730587,0.25720642756439366,1.280633924464958,pentane_b1_s2.3_full_trans,0.0001217761370045634,0.00014583333333333335,6501.0,0.046762036609752346,,,,0.04400395463554933,0.006992385146683171,0.0394200795967048,1.0,0.26699680186458996,0.072634004777633,0.08564465849519712,0.23925024683595447,0.03312328603678676,0.009642384574204821,0.2395969850661091,0.007850140904821066,0.0452614914447037,9.0
pentane,fr_estimated,fr_r040,trans,1.0,2.3,False,tuning,35000,384,tuning__pentane__fr_r040__trans__b1__s2.3__N384__T35000__ns3__e5dccfbdc4a8,986.2109680222347,102,0.3203722981583413,0.3342281238242733,7.156619366669801,9.721564988930401,0.3894173125376668,0.3428170604321184,428691,0,287,154.56603773584905,154.56603773584905,0.018229166666666668,220,0.30905582561920036,2.0000000015988637,0.4739583432674408,0.2473958432674408,0.2786458432674408,0.052578304456627686,0.13540361525787745,0.2612383049329475,1.371659283937657,pentane_b1_s2.3_full_trans,0.00011496628723786084,0.000140625,6501.0,0.044147054299338566,,,,0.05071861742880725,0.00830048551914157,0.048615297572411356,1.0,0.2701967522448815,0.07306991328545599,0.08072056528590042,0.2408283240154339,0.03638770731694999,0.008678004075634072,0.24242289375069442,0.008802132258618426,0.03889370776643132,9.0
pentane,fr_estimated,fr_r040,trans,1.0,2.3,False,tuning,35000,384,tuning__pentane__fr_r040__trans__b1__s2.3__N384__T35000__ns3__e5dccfbdc4a8,986.2109680222347,103,0.3280640358860273,0.3402685348041437,7.5141534932789735,10.045985794020057,0.5088337319115902,0.3569907362435303,424786,0,330,136.78664192949907,136.78664192949907,0.0234375,211,0.3162537895390227,2.0000000061364993,0.4713541865348816,0.2838541865348816,0.2447916716337204,0.06470403890866222,0.1724218061943818,0.24712070038016845,1.2352192373939668,pentane_b1_s2.3_full_trans,0.0001321912013536379,0.000171875,6501.0,0.050761421319796954,,,,0.05325554007895553,0.009020392266092254,0.051244563129072704,1.0,0.275389303228185,0.08326617943395655,0.07080443585042877,0.2364577967334323,0.037298901295920325,0.007732010014848035,0.24493047243517874,0.008768831500055554,0.03535206950799471,9.0
pentane,opes,opes_b12_s30,trans,1.0,2.3,False,tuning,35000,384,tuning__pentane__opes_b12_s30__trans__b1__s2.3__N384__T35000__ns3__7a4c907c757c,865.775078474544,101,0.5050663104636552,0.6274546951636069,9.777633290638253,15.251841123571372,0.35610726603700893,0.5558034371163715,83367,0,0,,,,384,,,0.3020833432674408,0.3697916865348816,0.328125,0.14416882885125798,0.3872836662740104,0.2072199813699324,0.4494127366050652,pentane_b1_s2.3_full_trans,,,,,0.35174210871502043,180.0,0.9638023062370579,0.04181123922865536,0.007185888480112781,0.03937147317535526,1.0,0.10817475228023393,0.03004138763471814,0.042002278340050304,0.3525732016959082,0.05873654081189459,0.004149811116834844,0.3398933460349686,0.004179876493641607,0.06024880559174974,9.0
pentane,opes,opes_b12_s30,trans,1.0,2.3,False,tuning,35000,384,tuning__pentane__opes_b12_s30__trans__b1__s2.3__N384__T35000__ns3__7a4c907c757c,865.775078474544,102,0.5323114660804141,0.6424979152237285,9.706157935371316,15.27154100410803,0.2933660223584139,0.5762830631228391,69300,0,0,,,,384,,,0.2630208432674408,0.3671875,0.3697916865348816,0.13452281805314903,0.3553111706800347,0.2252050111775174,0.5572792662737988,pentane_b1_s2.3_full_trans,,,,,0.3280681058213509,180.0,0.9728948180156151,0.05834581713613364,0.010239476725496476,0.0573564573390756,1.0,0.10392125112370332,0.02855500590891185,0.029628679181438945,0.3758916238649334,0.05160520703918063,0.004060877574416937,0.34733598666202037,0.003871410462309223,0.05512995818308536,9.0
pentane,opes,opes_b12_s30,trans,1.0,2.3,False,tuning,35000,384,tuning__pentane__opes_b12_s30__trans__b1__s2.3__N384__T35000__ns3__7a4c907c757c,865.775078474544,103,0.5158885943328649,0.6466918883340734,9.884950541186068,15.1322201424469,0.36091394349050765,0.5714418465838983,74365,0,0,,,,384,,,0.3151041865348816,0.3619791865348816,0.3229166865348816,0.1401620289899728,0.3786319606785782,0.21475504937037207,0.422027314068864,pentane_b1_s2.3_full_trans,,,,,0.36526002760650506,180.0,0.9633324012432023,0.02850880340734856,0.0030964871722199434,0.022393158375094306,1.0,0.11243551331777825,0.03590705584679252,0.03743052609516883,0.32062672658909325,0.05985258969425169,0.003966814768239346,0.3560123335909013,0.004185558139652334,0.06958288195812248,9.0
pentane,opes,opes_b4_s15,trans,1.0,2.3,False,tuning,35000,384,tuning__pentane__opes_b4_s15__trans__b1__s2.3__N384__T35000__ns3__e10ac6576465,743.1460128314793,101,0.41264131916618135,0.4589291034678821,8.753301635259932,12.024129896688148,0.2843286835999397,0.4587026874488584,150356,0,0,,,,384,,,0.4140625,0.2916666865348816,0.2942708432674408,0.1106929890228261,0.2869338049219444,0.1875633966832504,0.4884244817233079,pentane_b1_s2.3_full_trans,,,,,0.4870640642267957,180.0,0.3025500678435213,0.03820687485759699,0.004922296049674404,0.03558374850230564,1.0,0.19489789766471724,0.06013170055452865,0.0597545023888165,0.2908573477571387,0.04618436436269608,0.004829714756118502,0.2847324544458249,0.004507912639010939,0.054104105431148554,9.0
pentane,opes,opes_b4_s15,trans,1.0,2.3,False,tuning,35000,384,tuning__pentane__opes_b4_s15__trans__b1__s2.3__N384__T35000__ns3__e10ac6576465,743.1460128314793,102,0.4279188618640797,0.4739237161521148,8.860546299179282,12.131860455118998,0.26671984551912814,0.46718612446196384,146270,0,0,,,,384,,,0.3567708432674408,0.2942708432674408,0.3489583432674408,0.11277082112455072,0.29975362224826674,0.20543117131237418,0.5404592790645101,pentane_b1_s2.3_full_trans,,,,,0.48286936156794186,180.0,0.3262923408791937,0.06022496177694509,0.011969159704084163,0.05799492337959415,1.0,0.19645498431865702,0.04763870791794188,0.06104644556225569,0.3022880304132198,0.042225204034221184,0.004945872852337808,0.29217209642637093,0.00408628715796491,0.049142371317030795,9.0
pentane,opes,opes_b4_s15,trans,1.0,2.3,False,tuning,35000,384,tuning__pentane__opes_b4_s15__trans__b1__s2.3__N384__T35000__ns3__e10ac6576465,743.1460128314793,103,0.41296621361568864,0.4608750327317704,8.8591354046615,12.18671751343778,0.42118506224493013,0.4418310039513413,153985,0,0,,,,384,,,0.3854166865348816,0.3229166865348816,0.2916666865348816,0.12096634200359657,0.3226455339320728,0.19121511791591544,0.4567562041758713,pentane_b1_s2.3_full_trans,,,,,0.4926340996468493,180.0,0.3146331967975561,0.027162477243731054,0.003025430978127169,0.019348546309521056,1.0,0.18621918338333182,0.06332510125955779,0.06216730806137188,0.28600332818197427,0.04983087633708069,0.004808329671828126,0.29152249489914445,0.005010659399210125,0.05111271880650081,9.0
pentane,opes,opes_b8_s15,trans,1.0,2.3,False,tuning,35000,384,tuning__pentane__opes_b8_s15__trans__b1__s2.3__N384__T35000__ns3__863876433f11,825.7021924797446,101,0.4205619025596519,0.45163582660988993,9.383379640366071,12.877076055356978,0.26489567286912313,0.503072979698754,282447,0,0,,,,384,,,0.3411458432674408,0.34375,0.3151041865348816,0.08112413596875792,0.20842992441432273,0.22147887695600119,0.8429646894511508,pentane_b1_s2.3_full_trans,,,,,0.310302163872789,180.0,0.31671361876894627,0.02615629818648301,0.002900186080731071,0.020407252110425208,1.0,0.13599382720725633,0.04455957142712847,0.046063629384968136,0.3253974942678505,0.056531273042231045,0.00732095870832197,0.3271801896154662,0.005711553564033413,0.051241502782743954,9.0
pentane,opes,opes_b8_s15,trans,1.0,2.3,False,tuning,35000,384,tuning__pentane__opes_b8_s15__trans__b1__s2.3__N384__T35000__ns3__863876433f11,825.7021924797446,102,0.4449421227410566,0.47561958622850603,9.745187316419461,13.43420946501402,0.3544014453873425,0.5195958035009258,274250,0,0,,,,384,,,0.3333333432674408,0.3072916865348816,0.359375,0.09511911920253771,0.2560035388515496,0.21706818363807062,0.7474354403602592,pentane_b1_s2.3_full_trans,,,,,0.30675331821667456,180.0,0.3197917850500426,0.03948512453038735,0.006503798256158039,0.036304560104588574,1.0,0.13151755818005514,0.045854039776572424,0.03714052541337131,0.3419383440400796,0.057083339646273344,0.005766002671636213,0.3286971891003303,0.006706867468662565,0.045296133703019104,9.0
pentane,opes,opes_b8_s15,trans,1.0,2.3,False,tuning,35000,384,tuning__pentane__opes_b8_s15__trans__b1__s2.3__N384__T35000__ns3__863876433f11,825.7021924797446,103,0.4292652927625094,0.4574523473278131,9.786323054353433,13.4869036581764,0.506122926549971,0.49610345381082976,288088,0,0,,,,384,,,0.3151041865348816,0.3072916865348816,0.3776041865348816,0.08361999182052861,0.22643917166677238,0.24835468345346134,0.8754707236233382,pentane_b1_s2.3_full_trans,,,,,0.3348623163036509,180.0,0.3092907338785518,0.028918829749890754,0.0033858890718911935,0.022320252020197287,1.0,0.14586197829863742,0.05344408755290244,0.04490481033403028,0.3142676232033373,0.05504063008191671,0.00570168959526479,0.3165691633081826,0.008008595699120229,0.056201421926608285,9.0
pentane,opes,opes_b8_s30,trans,1.0,2.3,False,tuning,35000,384,tuning__pentane__opes_b8_s30__trans__b1__s2.3__N384__T35000__ns3__80dcd67db856,864.5536688091233,101,0.4856273855025232,0.6102811105530264,9.594149912852837,14.980172551014682,0.37113432454714407,0.5536707583498969,75530,0,0,,,,384,,,0.3307291865348816,0.328125,0.3411458432674408,0.147373440226867,0.39962239534377564,0.18835416342361092,0.35610375357594015,pentane_b1_s2.3_full_trans,,,,,0.4037385163397577,180.0,0.9599631112235842,0.03888677577651552,0.005657526939300423,0.03207681866374798,1.0,0.12253826904235225,0.03750233578780441,0.05020326088603376,0.33413981141985594,0.05740458938112986,0.004218148692463865,0.3261899260628466,0.003886877165338424,0.06391678156217488,9.0
pentane,opes,opes_b8_s30,trans,1.0,2.3,False,tuning,35000,384,tuning__pentane__opes_b8_s30__trans__b1__s2.3__N384__T35000__ns3__80dcd67db856,864.5536688091233,102,0.5175771795323314,0.6219249057254677,9.681366601020828,14.913540436754907,0.28202947675078527,0.5919989871536017,67084,0,0,,,,384,,,0.3125,0.3385416865348816,0.3489583432674408,0.1352860907197745,0.3747721795987632,0.20109142011652473,0.4242194502233942,pentane_b1_s2.3_full_trans,,,,,0.39396536804233756,180.0,0.9722867722836407,0.0608100817465338,0.010823460219000058,0.059892457194658556,1.0,0.1259916839641223,0.03397529620314536,0.03565075048230862,0.35894477313818773,0.05569401937315031,0.0037834238608931044,0.3345226123198287,0.0036467487096350617,0.04779069194872883,9.0
pentane,opes,opes_b8_s30,trans,1.0,2.3,False,tuning,35000,384,tuning__pentane__opes_b8_s30__trans__b1__s2.3__N384__T35000__ns3__80dcd67db856,864.5536688091233,103,0.5033235111893167,0.6307661014725097,9.654044057672305,14.99345542257943,0.36795320358850764,0.5604587918943855,70479,0,0,,,,384,,,0.3385416865348816,0.3463541865348816,0.3151041865348816,0.1419279253847191,0.38762566758410466,0.1941383303222918,0.3488359570626141,pentane_b1_s2.3_full_trans,,,,,0.40525754927962504,180.0,0.9655903250963347,0.03733463278510933,0.00501145833804923,0.034935699996191755,1.0,0.12679658381564196,0.039897386316576265,0.039687244325929516,0.3215232429825359,0.05505159881518742,0.004040912901629243,0.35155208364898033,0.003955214740967446,0.05749573245255194,9.0
